KOD_FASILITI,NAMA,ALAMAT,POSKOD,NEGERI,DAERAH,STATUS,SEKTOR,KATEGORI_FASILITI,JENIS_FASILITI
11-01030012,HOSPITAL ENCHE' BESAR HAJJAH KHALSOM,"KM 5, JALAN KOTA TINGGI",86000,JOHOR,KLUANG,BUKA,AWAM,HOSPITAL,HOSPITAL PAKAR MINOR
11-01040013,HOSPITAL KOTA TINGGI,JALAN TUN HABAB,81900,JOHOR,KOTA TINGGI,BUKA,AWAM,HOSPITAL,HOSPITAL TANPA PAKAR
11-01050014,HOSPITAL MERSING,JALAN ISMAIL,86800,JOHOR,MERSING,BUKA,AWAM,HOSPITAL,HOSPITAL TANPA PAKAR
11-01060015,HOSPITAL PAKAR SULTANAH FATIMAH,"JALAN SALLEH, TAMAN UTAMA SATU",84000,JOHOR,MUAR,BUKA,AWAM,HOSPITAL,HOSPITAL PAKAR MAJOR
11-01070016,HOSPITAL PONTIAN,JALAN ALSAGOFF,82000,JOHOR,PONTIAN,BUKA,AWAM,HOSPITAL,HOSPITAL TANPA PAKAR
11-01080017,HOSPITAL SEGAMAT,KM 6 JALAN GENUANG,85000,JOHOR,SEGAMAT,BUKA,AWAM,HOSPITAL,HOSPITAL PAKAR MAJOR
11-01020400,HOSPITAL SULTAN ISMAIL JOHOR BAHRU,"JALAN PERSIARAN MUTIARA EMAS UTAMA, TAMAN MOUNT AUSTIN",81100,JOHOR,JOHOR BAHRU,BUKA,AWAM,HOSPITAL,HOSPITAL PAKAR MAJOR
11-01020010,HOSPITAL SULTANAH AMINAH,JALAN PERSIARAN ABU BAKAR SULTAN,80000,JOHOR,JOHOR BAHRU,BUKA,AWAM,HOSPITAL,HOSPITAL NEGERI
11-01010011,HOSPITAL SULTANAH NORA ISMAIL,"JALAN KORMA, TAMAN SOGA",83000,JOHOR,BATU PAHAT,BUKA,AWAM,HOSPITAL,HOSPITAL PAKAR MAJOR
11-01100018,HOSPITAL TANGKAK,"JALAN HOSPITAL, TANGKAK MUAR",84900,JOHOR,TANGKAK,BUKA,AWAM,HOSPITAL,HOSPITAL TANPA PAKAR
11-01090019,HOSPITAL TEMENGGONG SERI MAHARAJA TUN IBRAHIM,JALAN PERSEKUTUAN 1,81000,JOHOR,KULAIJAYA,BUKA,AWAM,HOSPITAL,HOSPITAL TANPA PAKAR
11-01021181,HOSPITAL PASIR GUDANG,JALAN PUNCAK 1,81700,JOHOR,JOHOR BAHRU,BUKA,AWAM,HOSPITAL,HOSPITAL PAKAR MAJOR
11-02110504,HOSPITAL PENDANG,KAMPUNG MANGGOL PAUH,06700,KEDAH,PENDANG,BUKA,AWAM,HOSPITAL,HOSPITAL PAKAR MINOR
11-02030085,HOSPITAL SULTANAH BAHIYAH,"KM 6, JALAN LANGGAR",05460,KEDAH,KOTA SETAR,BUKA,AWAM,HOSPITAL,HOSPITAL NEGERI
11-02040020,HOSPITAL SULTAN ABDUL HALIM,JALAN LENCONGAN TIMUR BANDAR AMANJAYA,08000,KEDAH,KUALA MUDA,BUKA,AWAM,HOSPITAL,HOSPITAL PAKAR MAJOR
11-02050015,HOSPITAL JITRA,JALAN CHANGLUN,06000,KEDAH,KUBANG PASU,BUKA,AWAM,HOSPITAL,HOSPITAL TANPA PAKAR
11-02060017,HOSPITAL KULIM,"LEBUH TAMAN PERINDUSTRIAN, TAMAN KULIM HI-TECH",09000,KEDAH,KULIM,BUKA,AWAM,HOSPITAL,HOSPITAL PAKAR MAJOR
11-02070018,HOSPITAL SULTANAH MALIHA,"BUKIT TEKUH, JALAN PADANG MAKSIRAT",07000,KEDAH,LANGKAWI,BUKA,AWAM,HOSPITAL,HOSPITAL PAKAR MINOR
11-02080016,HOSPITAL KUALA NERANG,KUALA NERANG,06300,KEDAH,PADANG TERAP,BUKA,AWAM,HOSPITAL,HOSPITAL TANPA PAKAR
11-02110021,HOSPITAL YAN,BATU 25 JALAN YAN,06900,KEDAH,YAN,BUKA,AWAM,HOSPITAL,HOSPITAL TANPA PAKAR
11-03020013,HOSPITAL GUA MUSANG,BANDAR BARU,18300,KELANTAN,GUA MUSANG,BUKA,AWAM,HOSPITAL,HOSPITAL TANPA PAKAR
11-03040012,HOSPITAL RAJA PEREMPUAN ZAINAB II,JALAN HOSPITAL,15000,KELANTAN,KOTA BHARU,BUKA,AWAM,HOSPITAL,HOSPITAL NEGERI
11-03050015,HOSPITAL SULTAN ISMAIL PETRA,JALAN KOTA BHARU,18000,KELANTAN,KUALA KRAI,BUKA,AWAM,HOSPITAL,HOSPITAL PAKAR MAJOR
11-03060016,HOSPITAL MACHANG,JALAN PASIR PUTEH,18500,KELANTAN,MACHANG,BUKA,AWAM,HOSPITAL,HOSPITAL TANPA PAKAR
11-03070017,HOSPITAL PASIR MAS,JALAN MERANTI,17000,KELANTAN,PASIR MAS,BUKA,AWAM,HOSPITAL,HOSPITAL TANPA PAKAR
11-03080019,HOSPITAL TENGKU ANIS,JALAN PASIR PUTEH,16800,KELANTAN,PASIR PUTEH,BUKA,AWAM,HOSPITAL,HOSPITAL TANPA PAKAR
11-03100020,HOSPITAL TUMPAT,JALAN KELABURAN,16200,KELANTAN,TUMPAT,BUKA,AWAM,HOSPITAL,HOSPITAL TANPA PAKAR
11-03010481,HOSPITAL BACHOK,"JALAN GUNONG-JELAWAT, KAMPUNG BATOR",16300,KELANTAN,BACHOK,BUKA,AWAM,HOSPITAL,HOSPITAL TANPA PAKAR
12-03040296,HOSPITAL UNIVERSITI SAINS MALAYSIA,"UNIVERSITI SAINS MALAYSIA, KAMPUS KESIHATAN, JALAN RAJA PEREMPUAN ZAINAB 2",16150,KELANTAN,KOTA BHARU,BUKA,AWAM,HOSPITAL,HOSPITAL PENGAJAR
11-04010006,HOSPITAL ALOR GAJAH,JALAN PAYA DATUK,78000,MELAKA,ALOR GAJAH,BUKA,AWAM,HOSPITAL,HOSPITAL TANPA PAKAR
11-04030005,HOSPITAL MELAKA,JALAN MUFTI HAJI KHALIL,75400,MELAKA,MELAKA TENGAH,BUKA,AWAM,HOSPITAL,HOSPITAL NEGERI
12-04030113,94 HOSPITAL ANGKATAN TENTERA KEM TERENDAK,"NO. 94, HOSPITAL ANGKATAN TENTERA KEM TRENDAK",76200,MELAKA,MELAKA TENGAH,BUKA,AWAM,HOSPITAL,HOSPITAL TENTERA
11-05010010,HOSPITAL JELEBU,KUALA KLAWANG,71600,NEGERI SEMBILAN,JELEBU,BUKA,AWAM,HOSPITAL,HOSPITAL TANPA PAKAR
11-05020011,HOSPITAL JEMPOL,BANDAR SERI JEMPOL,72120,NEGERI SEMBILAN,JEMPOL,BUKA,AWAM,HOSPITAL,HOSPITAL TANPA PAKAR
11-05030014,HOSPITAL TUANKU AMPUAN NAJIHAH,KM 3 JALAN MELANG,72000,NEGERI SEMBILAN,KUALA PILAH,BUKA,AWAM,HOSPITAL,HOSPITAL PAKAR MAJOR
11-05040012,HOSPITAL PORT DICKSON,"KM 11, JALAN PANTAI, SIRUSA",71050,NEGERI SEMBILAN,PORT DICKSON,BUKA,AWAM,HOSPITAL,HOSPITAL PAKAR MINOR
11-05050297,HOSPITAL REMBAU,"JALAN DATO' UNDANG HAJI MUHAMAD SHARIP, CHEMBONG",71300,NEGERI SEMBILAN,REMBAU,BUKA,AWAM,HOSPITAL,HOSPITAL TANPA PAKAR
11-05060009,HOSPITAL TUANKU JA'AFAR,JALAN RASAH,70300,NEGERI SEMBILAN,SEREMBAN,BUKA,AWAM,HOSPITAL,HOSPITAL NEGERI
11-05070013,HOSPITAL TAMPIN,JALAN HAJI AHMAD ZAINUDDIN,73000,NEGERI SEMBILAN,TAMPIN,BUKA,AWAM,HOSPITAL,HOSPITAL TANPA PAKAR
12-05070188,HOSPITAL TENTERA DARAT GEMAS,KEM SYED SIRAJUDDIN,73400,NEGERI SEMBILAN,GEMAS,BUKA,AWAM,HOSPITAL,HOSPITAL TENTERA
11-06030015,HOSPITAL SULTANAH HAJJAH KALSOM,"PERSIARAN DAYANG ENDAH, CAMERON HIGHLANDS",39000,PAHANG,CAMERON HIGHLANDS,BUKA,AWAM,HOSPITAL,HOSPITAL TANPA PAKAR
11-06050013,HOSPITAL TENGKU AMPUAN AFZAN,JALAN AIR PUTIH,25100,PAHANG,KUANTAN,BUKA,AWAM,HOSPITAL,HOSPITAL NEGERI
11-06070016,HOSPITAL JENGKA,"BANDAR TUN ABDUL RAZAK JENGKA, BANDAR PUSAT JENGKA",26400,PAHANG,MARAN,BUKA,AWAM,HOSPITAL,HOSPITAL TANPA PAKAR
11-06090021,HOSPITAL RAUB,JALAN TENGKU ABD SAMAD,27600,PAHANG,RAUB,BUKA,AWAM,HOSPITAL,HOSPITAL TANPA PAKAR
11-06100400,HOSPITAL ROMPIN,JALAN KAMPUNG. KOLAM ROMPIN,26800,PAHANG,ROMPIN,BUKA,AWAM,HOSPITAL,HOSPITAL TANPA PAKAR
11-06110022,HOSPITAL SULTAN HJ AHMAD SHAH,JALAN MARAN,28000,PAHANG,TEMERLOH,BUKA,AWAM,HOSPITAL,HOSPITAL PAKAR MAJOR
11-06020561,HOSPITAL BERA,TAMAN KERAYONG JAYA,28200,PAHANG,BERA,BUKA,AWAM,HOSPITAL,HOSPITAL TANPA PAKAR
12-06050521,SULTAN AHMAD SHAH MEDICAL CENTRE @ IIUM MEDICAL CENTRE,"SULTAN AHMAD SHAH MEDICAL CENTRE @IIUM, JALAN SULTAN HAJI AHMAD SHAH, BANDAR INDERA MAHKOTA",25200,PAHANG,KUANTAN,BUKA,AWAM,HOSPITAL,HOSPITAL PENGAJAR
11-08010023,HOSPITAL TAPAH,JALAN TEMOH,35000,PERAK,BATANG PADANG,BUKA,AWAM,HOSPITAL,HOSPITAL TANPA PAKAR
11-08020024,HOSPITAL TELUK INTAN,JALAN CHANGKAT JONG,36000,PERAK,HILIR PERAK,BUKA,AWAM,HOSPITAL,HOSPITAL PAKAR MAJOR
11-08030014,HOSPITAL GERIK,JALAN INTAN,33300,PERAK,HULU PERAK,BUKA,AWAM,HOSPITAL,HOSPITAL TANPA PAKAR
11-08040017,HOSPITAL PARIT BUNTAR,JALAN SEMPADAN,34200,PERAK,KERIAN,BUKA,AWAM,HOSPITAL,HOSPITAL TANPA PAKAR
11-08050011,HOSPITAL RAJA PERMAISURI BAINUN,JALAN HOSPITAL,30400,PERAK,KINTA,BUKA,AWAM,HOSPITAL,HOSPITAL NEGERI
11-08050012,HOSPITAL BATU GAJAH,JALAN CHANGKAT,31000,PERAK,KINTA,BUKA,AWAM,HOSPITAL,HOSPITAL TANPA PAKAR
11-08060016,HOSPITAL KUALA KANGSAR,JALAN SULTAN IDRIS SHAH 1,33000,PERAK,KUALA KANGSAR,BUKA,AWAM,HOSPITAL,HOSPITAL TANPA PAKAR
11-08060021,HOSPITAL SUNGAI SIPUT,JALAN FELDA LASAH,31100,PERAK,KUALA KANGSAR,BUKA,AWAM,HOSPITAL,HOSPITAL TANPA PAKAR
11-08070018,HOSPITAL SELAMA,JALAN TAIPING,34100,PERAK,LARUT DAN MATANG,BUKA,AWAM,HOSPITAL,HOSPITAL TANPA PAKAR
11-08070022,HOSPITAL TAIPING,JALAN TAMING SARI,34000,PERAK,LARUT DAN MATANG,BUKA,AWAM,HOSPITAL,HOSPITAL PAKAR MAJOR
11-08090013,HOSPITAL SERI ISKANDAR,"LAMBOR KANAN, PARIT",32900,PERAK,PERAK TENGAH,BUKA,AWAM,HOSPITAL,HOSPITAL TANPA PAKAR
11-08110015,HOSPITAL KAMPAR,JALAN HOSPITAL,31900,PERAK,KAMPAR,BUKA,AWAM,HOSPITAL,HOSPITAL TANPA PAKAR
12-08080382,96 HOSPITAL ANGKATAN TENTERA LUMUT,96 HOSPITAL ANGKATAN TENTERA PANGKALAN TLDM,32100,PERAK,MANJUNG,BUKA,AWAM,HOSPITAL,HOSPITAL TENTERA
11-09010003,HOSPITAL TUANKU FAUZIAH,"PEJABAT PENGARAH, HOSPITAL TUANKU FAUZIAH, JALAN KOLAM",01000,PERLIS,KANGAR,BUKA,AWAM,HOSPITAL,HOSPITAL NEGERI
11-07010010,HOSPITAL BALIK PULAU,BALIK PULAU,11000,PULAU PINANG,BARAT DAYA,BUKA,AWAM,HOSPITAL,HOSPITAL TANPA PAKAR
11-07020014,HOSPITAL SUNGAI BAKAP,"SUNGAI JAWI, SEBERANG PERAI SELATAN",14200,PULAU PINANG,SEBERANG PERAI SELATAN,BUKA,AWAM,HOSPITAL,HOSPITAL TANPA PAKAR
11-07030011,HOSPITAL BUKIT MERTAJAM,"JALAN KULIM, BUKIT MERTAJAM",14000,PULAU PINANG,SEBERANG PERAI TENGAH,BUKA,AWAM,HOSPITAL,HOSPITAL PAKAR MINOR
11-07030013,HOSPITAL SEBERANG JAYA,"JALAN TUN HUSSEIN ONN, PERAI",13700,PULAU PINANG,SEBERANG PERAI TENGAH,BUKA,AWAM,HOSPITAL,HOSPITAL PAKAR MAJOR
11-07040012,HOSPITAL KEPALA BATAS,"JALAN BERTAM, KEPALA BATAS",13200,PULAU PINANG,SEBERANG PERAI UTARA,BUKA,AWAM,HOSPITAL,HOSPITAL PAKAR MINOR
11-07050009,HOSPITAL PULAU PINANG,JALAN RESIDENSI,10990,PULAU PINANG,TIMUR LAUT,BUKA,AWAM,HOSPITAL,HOSPITAL NEGERI
11-12010026,HOSPITAL BEAUFORT,PETI SURAT 40,89807,SABAH,BEAUFORT,BUKA,AWAM,HOSPITAL,HOSPITAL TANPA PAKAR
11-12020027,HOSPITAL BELURAN,"KARUNG BERKUNCI NO. 02, PEKAN BELURAN",90109,SABAH,BELURAN,BUKA,AWAM,HOSPITAL,HOSPITAL TANPA PAKAR
11-12030029,HOSPITAL KENINGAU,PETI SURAT 11,89007,SABAH,KENINGAU,BUKA,AWAM,HOSPITAL,HOSPITAL PAKAR MINOR
11-12040030,HOSPITAL KINABATANGAN,W.D.T 200,90020,SABAH,KINABATANGAN,BUKA,AWAM,HOSPITAL,HOSPITAL TANPA PAKAR
11-12050031,HOSPITAL KOTA BELUD,PETI SURAT 159,89150,SABAH,KOTA BELUD,BUKA,AWAM,HOSPITAL,HOSPITAL TANPA PAKAR
11-12060025,HOSPITAL QUEEN ELIZABETH,KARUNG BERKUNCI NO. 2029,88586,SABAH,KOTA KINABALU,BUKA,AWAM,HOSPITAL,HOSPITAL NEGERI
11-12060388,HOSPITAL QUEEN ELIZABETH II,"LORONG BERSATU, OFF JALAN DAMAI LUYANG",88300,SABAH,KOTA KINABALU,BUKA,AWAM,HOSPITAL,HOSPITAL PAKAR MAJOR
11-12070032,HOSPITAL KOTA MARUDU,PETI SURAT 255,89108,SABAH,KOTA MARUDU,BUKA,AWAM,HOSPITAL,HOSPITAL TANPA PAKAR
11-12080033,HOSPITAL KUALA PENYU,W.D.T. 35,89740,SABAH,KUALA PENYU,BUKA,AWAM,HOSPITAL,HOSPITAL TANPA PAKAR
11-12090034,HOSPITAL KUDAT,PETI SURAT 22,89057,SABAH,KUDAT,BUKA,AWAM,HOSPITAL,HOSPITAL TANPA PAKAR
11-12100035,HOSPITAL KUNAK,W.D.T. 150,91209,SABAH,KUNAK,BUKA,AWAM,HOSPITAL,HOSPITAL TANPA PAKAR
11-12110036,HOSPITAL LAHAD DATU,PETI SURAT 60065,91110,SABAH,LAHAD DATU,BUKA,AWAM,HOSPITAL,HOSPITAL PAKAR MINOR
11-12130037,HOSPITAL PAPAR,PETI SURAT NO. 6,89607,SABAH,PAPAR,BUKA,AWAM,HOSPITAL,HOSPITAL TANPA PAKAR
11-12150038,HOSPITAL PITAS,PETI SURAT 88,89100,SABAH,PITAS,BUKA,AWAM,HOSPITAL,HOSPITAL TANPA PAKAR
11-12160039,HOSPITAL RANAU,"KARUNG BERKUNCI 7, JALAN HOSPITAL",89300,SABAH,RANAU,BUKA,AWAM,HOSPITAL,HOSPITAL TANPA PAKAR
11-12170028,HOSPITAL DUCHESS OF KENT,"KM 3.2, JALAN UTARA",90000,SABAH,SANDAKAN,BUKA,AWAM,HOSPITAL,HOSPITAL PAKAR MAJOR
11-12180040,HOSPITAL SEMPORNA,PETI SURAT 80,91307,SABAH,SEMPORNA,BUKA,AWAM,HOSPITAL,HOSPITAL TANPA PAKAR
11-12190041,HOSPITAL SIPITANG,PETI SURAT 250,89857,SABAH,SIPITANG,BUKA,AWAM,HOSPITAL,HOSPITAL TANPA PAKAR
11-12200042,HOSPITAL TAMBUNAN,PETI SURAT 10,89657,SABAH,TAMBUNAN,BUKA,AWAM,HOSPITAL,HOSPITAL TANPA PAKAR
11-12210043,HOSPITAL TAWAU,PETI SURAT 67,91000,SABAH,TAWAU,BUKA,AWAM,HOSPITAL,HOSPITAL PAKAR MAJOR
11-12220044,HOSPITAL TENOM,PETI SURAT 97,89907,SABAH,TENOM,BUKA,AWAM,HOSPITAL,HOSPITAL TANPA PAKAR
11-12240380,HOSPITAL TUARAN,PETI SURAT 996,89207,SABAH,TUARAN,BUKA,AWAM,HOSPITAL,HOSPITAL TANPA PAKAR
11-13020019,HOSPITAL BAU,"BATU 1 1/2, JALAN BAU-LUNDU",94000,SARAWAK,BAU,BUKA,AWAM,HOSPITAL,HOSPITAL TANPA PAKAR
11-13040020,HOSPITAL BETONG,JALAN BETONG,95707,SARAWAK,BETONG,BUKA,AWAM,HOSPITAL,HOSPITAL TANPA PAKAR
11-13050021,HOSPITAL BINTULU,JALAN NYABAU,97000,SARAWAK,BINTULU,BUKA,AWAM,HOSPITAL,HOSPITAL PAKAR MAJOR
11-13060246,HOSPITAL DALAT,"FASA 1, JALAN OYA-DALAT",96300,SARAWAK,DALAT,BUKA,AWAM,HOSPITAL,HOSPITAL TANPA PAKAR
11-13070022,HOSPITAL DARO,JALAN ITOL,96200,SARAWAK,DARO,BUKA,AWAM,HOSPITAL,HOSPITAL TANPA PAKAR
11-13090023,HOSPITAL KANOWIT,JALAN KANOWIT/ DURIN,96700,SARAWAK,KANOWIT,BUKA,AWAM,HOSPITAL,HOSPITAL TANPA PAKAR
11-13100024,HOSPITAL KAPIT,JALAN MEMORA,96800,SARAWAK,KAPIT,BUKA,AWAM,HOSPITAL,HOSPITAL PAKAR MINOR
11-13110018,HOSPITAL UMUM SARAWAK,JALAN TUN AHMAD ZAIDI ADRUCE,93586,SARAWAK,KUCHING,BUKA,AWAM,HOSPITAL,HOSPITAL NEGERI
11-13110037,HOSPITAL RAJAH CHARLES BROOKE MEMORIAL,"BATU 13, JALAN PUNCAK BORNEO, KOTA PADAWAN",93250,SARAWAK,KUCHING,BUKA,AWAM,HOSPITAL,HOSPITAL TANPA PAKAR
11-13120025,HOSPITAL LAWAS,JALAN HOSPITAL,98850,SARAWAK,LAWAS,BUKA,AWAM,HOSPITAL,HOSPITAL TANPA PAKAR
11-13130026,HOSPITAL LIMBANG,JALAN PANDARUAN,98700,SARAWAK,LIMBANG,BUKA,AWAM,HOSPITAL,HOSPITAL PAKAR MINOR
11-13150027,HOSPITAL LUNDU,JALAN SEKAMBAL,94500,SARAWAK,LUNDU,BUKA,AWAM,HOSPITAL,HOSPITAL TANPA PAKAR
11-13170028,HOSPITAL MARUDI,JALAN BUNGOR,98050,SARAWAK,MARUDI,BUKA,AWAM,HOSPITAL,HOSPITAL TANPA PAKAR
11-13190029,HOSPITAL MIRI,JALAN CAHAYA,98000,SARAWAK,MIRI,BUKA,AWAM,HOSPITAL,HOSPITAL PAKAR MAJOR
11-13200030,HOSPITAL MUKAH,JALAN HAJI MOHAMED PAUZI,96400,SARAWAK,MUKAH,BUKA,AWAM,HOSPITAL,HOSPITAL TANPA PAKAR
11-13230031,HOSPITAL SARATOK,"KM 1, JALAN SARATOK",95400,SARAWAK,SARATOK,BUKA,AWAM,HOSPITAL,HOSPITAL TANPA PAKAR
11-13240032,HOSPITAL SARIKEI,JALAN RENTAP,96100,SARAWAK,SARIKEI,BUKA,AWAM,HOSPITAL,HOSPITAL PAKAR MINOR
11-13270034,HOSPITAL SIBU,"BATU 5 1/2, JALAN ULU OYA",96000,SARAWAK,SIBU,BUKA,AWAM,HOSPITAL,HOSPITAL PAKAR MAJOR
11-13280035,HOSPITAL SIMUNJAN,JALAN GUNUNG NGELI,94800,SARAWAK,SIMUNJAN,BUKA,AWAM,HOSPITAL,HOSPITAL TANPA PAKAR
11-13300036,HOSPITAL SRI AMAN,JALAN HOSPITAL,95007,SARAWAK,SRI AMAN,BUKA,AWAM,HOSPITAL,HOSPITAL PAKAR MINOR
11-10010017,HOSPITAL SELAYANG,LEBUHRAYA SELAYANG-KEPONG,68100,SELANGOR,GOMBAK,BUKA,AWAM,HOSPITAL,HOSPITAL PAKAR MAJOR
11-10010019,HOSPITAL SUNGAI BULUH,JALAN HOSPITAL,47000,SELANGOR,GOMBAK,BUKA,AWAM,HOSPITAL,HOSPITAL PAKAR MAJOR
11-10010233,HOSPITAL ORANG ASLI GOMBAK,KM 24 JALAN PAHANG LAMA,53100,SELANGOR,GOMBAK,BUKA,AWAM,HOSPITAL,HOSPITAL TANPA PAKAR
11-10020015,HOSPITAL TENGKU PERMAISURI NORASHIKIN (HOSPITAL KAJANG),JALAN SEMENYIH,43000,SELANGOR,HULU LANGAT,BUKA,AWAM,HOSPITAL,HOSPITAL PAKAR MAJOR
11-10020022,HOSPITAL AMPANG,JALAN MEWAH UTARA,68000,SELANGOR,HULU LANGAT,BUKA,AWAM,HOSPITAL,HOSPITAL PAKAR MAJOR
11-10030016,HOSPITAL KUALA KUBU BHARU,JALAN HOSPITAL,44000,SELANGOR,HULU SELANGOR,BUKA,AWAM,HOSPITAL,HOSPITAL TANPA PAKAR
11-10040013,HOSPITAL TENGKU AMPUAN RAHIMAH,JALAN LANGAT,41200,SELANGOR,KLANG,BUKA,AWAM,HOSPITAL,HOSPITAL NEGERI
11-10050014,HOSPITAL BANTING,JALAN SULTAN ALAM SHAH,42700,SELANGOR,KUALA LANGAT,BUKA,AWAM,HOSPITAL,HOSPITAL PAKAR MINOR
11-10060020,HOSPITAL TANJONG KARANG,TANJUNG KARANG,45500,SELANGOR,KUALA SELANGOR,BUKA,AWAM,HOSPITAL,HOSPITAL TANPA PAKAR
11-10070294,HOSPITAL SHAH ALAM,"PERSIARAN KAYANGAN, SEKSYEN 7",40000,SELANGOR,PETALING,BUKA,AWAM,HOSPITAL,HOSPITAL PAKAR MAJOR
11-10090018,HOSPITAL SULTAN IDRIS SHAH,JALAN PUCHONG,43000,SELANGOR,SEPANG,BUKA,AWAM,HOSPITAL,HOSPITAL PAKAR MAJOR
11-10072300,HOSPITAL CYBERJAYA,"PERSIARAN SEPANG, CYBER 11",63000,SELANGOR,SEPANG,BUKA,AWAM,HOSPITAL,HOSPITAL PAKAR MAJOR
12-10070778,HOSPITAL SULTAN ABDUL AZIZ SHAH (HSAAS),PERSIARAN MARDI - UPM,43400,SELANGOR,SEPANG,BUKA,AWAM,HOSPITAL,HOSPITAL PENGAJAR
12-10010762,PUSAT PAKAR PERUBATAN UITM (SUNGAI BULOH),"PUSAT PAKAR PERUBATAN UITM (SUNGAI BULOH), KAMPUS SUNGAI BULOH, JALAN HOSPITAL",47000,SELANGOR,GOMBAK,BUKA,AWAM,HOSPITAL,HOSPITAL PENGAJAR
12-10042306,HOSPITAL AL- SULTAN ABDULLAH,UNIVERSITI TEKNOLOGI MARA,42300,SELANGOR,KUALA SELANGOR,BUKA,AWAM,HOSPITAL,HOSPITAL PENGAJAR
11-11010010,HOSPITAL BESUT,"JALAN PASIR AKAR, JERTEH",22000,TERENGGANU,BESUT,BUKA,AWAM,HOSPITAL,HOSPITAL TANPA PAKAR
11-11020011,HOSPITAL DUNGUN,HOSPITAL DUNGUN,23000,TERENGGANU,DUNGUN,BUKA,AWAM,HOSPITAL,HOSPITAL TANPA PAKAR
11-11030012,HOSPITAL HULU TERENGGANU,"BATU 23, JALAN KUALA BERANG",21700,TERENGGANU,HULU TERENGGANU,BUKA,AWAM,HOSPITAL,HOSPITAL TANPA PAKAR
11-11040013,HOSPITAL KEMAMAN,"JALAN DA' OMAR, CUKAI",24000,TERENGGANU,KEMAMAN,BUKA,AWAM,HOSPITAL,HOSPITAL PAKAR MAJOR
11-11050009,HOSPITAL SULTANAH NUR ZAHIRAH,JALAN SULTAN MAHMUD,20400,TERENGGANU,KUALA TERENGGANU,BUKA,AWAM,HOSPITAL,HOSPITAL NEGERI
11-11070014,HOSPITAL SETIU,BANDAR PERMAISURI,22100,TERENGGANU,SETIU,BUKA,AWAM,HOSPITAL,HOSPITAL TANPA PAKAR
11-14010002,HOSPITAL KUALA LUMPUR,JALAN PAHANG,50586,WILAYAH PERSEKUTUAN KUALA LUMPUR,KUALA LUMPUR,BUKA,AWAM,HOSPITAL,HOSPITAL NEGERI
11-15010003,HOSPITAL LABUAN,PETI SURAT 81006,87020,WILAYAH PERSEKUTUAN LABUAN,LABUAN,BUKA,AWAM,HOSPITAL,HOSPITAL PAKAR MINOR
11-16010002,HOSPITAL PUTRAJAYA,"PUSAT PENTADBIRAN KERAJAAN PERSEKUTUAN, PRESINT 7",62250,WILAYAH PERSEKUTUAN PUTRAJAYA,PUTRAJAYA,BUKA,AWAM,HOSPITAL,HOSPITAL PAKAR MAJOR
11-01020020,HOSPITAL PERMAI,"JALAN TAMPOI, TAMPOI",81200,JOHOR,JOHOR BAHRU,BUKA,AWAM,HOSPITAL,INSTITUSI PERUBATAN KHAS
11-08050025,HOSPITAL BAHAGIA ULU KINTA,TANJONG RAMBUTAN,31250,PERAK,KINTA,BUKA,AWAM,HOSPITAL,INSTITUSI PERUBATAN KHAS
12-12060416,HOSPITAL ANGKATAN TENTERA WILAYAH KOTA KINABALU,TELUK SEPANGGAR,89200,SABAH,KOTA KINABALU,BUKA,AWAM,HOSPITAL,HOSPITAL TENTERA
11-12060045,HOSPITAL WANITA DAN KANAK - KANAK SABAH,KARUNG BERKUNCI 187,88996,SABAH,KOTA KINABALU,BUKA,AWAM,HOSPITAL,INSTITUSI PERUBATAN KHAS
11-12060046,HOSPITAL MESRA BUKIT PADANG,"PETI SURAT 11342, BUKIT PADANG",88815,SABAH,KOTA KINABALU,BUKA,AWAM,HOSPITAL,INSTITUSI PERUBATAN KHAS
11-13220638,PUSAT JANTUNG SARAWAK,JALAN EXPRESSWAY,94300,SARAWAK,KOTA SAMARAHAN,BUKA,AWAM,HOSPITAL,INSTITUSI PERUBATAN KHAS
11-13110038,HOSPITAL SENTOSA,"KOTA SENTOSA, BATU 7, JALAN PENRISSEN",93250,SARAWAK,KUCHING,BUKA,AWAM,HOSPITAL,HOSPITAL TANPA PAKAR
11-10010023,PUSAT KAWALAN KUSTA NEGARA,SUNGAI BULUH,47000,SELANGOR,GOMBAK,BUKA,AWAM,HOSPITAL,INSTITUSI PERUBATAN KHAS
11-14010007,INSTITUT PERUBATAN RESPIRATORI,JALAN PAHANG,53000,WILAYAH PERSEKUTUAN KUALA LUMPUR,KUALA LUMPUR,BUKA,AWAM,HOSPITAL,INSTITUSI PERUBATAN KHAS
11-14010056,HOSPITAL REHABILITASI CHERAS,"JALAN YAACOB LATIF, BANDAR TUN RAZAK",56000,WILAYAH PERSEKUTUAN KUALA LUMPUR,KUALA LUMPUR,BUKA,AWAM,HOSPITAL,INSTITUSI PERUBATAN KHAS
11-14010410,HOSPITAL TUNKU AZIZAH,JALAN RAJA MUDA ABDUL AZIZ KAMPUNG BARU,50300,WILAYAH PERSEKUTUAN KUALA LUMPUR,KUALA LUMPUR,BUKA,AWAM,HOSPITAL,INSTITUSI PERUBATAN KHAS
13-14010023,PUSAT DARAH NEGARA,"JALAN TUN RAZAK, TITIWANGSA",50400,WILAYAH PERSEKUTUAN KUALA LUMPUR,KUALA LUMPUR,BUKA,AWAM,LAIN-LAIN,PUSAT DARAH
12-14010030,HOSPITAL CANSELOR TUANKU MUHRIZ UKM,"JALAN YAACOB LATIF KUALA LUMPUR, BANDAR TUN RAZAK",56000,WILAYAH PERSEKUTUAN KUALA LUMPUR,KUALA LUMPUR,BUKA,AWAM,HOSPITAL,HOSPITAL PENGAJAR
12-14010031,PUSAT PERUBATAN UNIVERSITI MALAYA,"JALAN PROFESOR DIRAJA UNGKU AZIZ, LEMBAH PANTAI",59100,WILAYAH PERSEKUTUAN KUALA LUMPUR,KUALA LUMPUR,BUKA,AWAM,HOSPITAL,HOSPITAL PENGAJAR
12-14011188,HOSPITAL PAKAR KANAK KANAK UKM,"JALAN YAACOB LATIF KUALA LUMPUR, BANDAR TUN RAZAK",56000,WILAYAH PERSEKUTUAN KUALA LUMPUR,KUALA LUMPUR,BUKA,AWAM,HOSPITAL,HOSPITAL PENGAJAR
12-14010055,HOSPITAL ANGKATAN TENTERA TUANKU MIZAN,"NO. 3, JALAN 4/27A, SEKSYEN 2 WANGSA MAJU",53300,WILAYAH PERSEKUTUAN KUALA LUMPUR,KUALA LUMPUR,BUKA,AWAM,HOSPITAL,HOSPITAL TENTERA
11-16010075,INSTITUT KANSER NEGARA,"NO. 4, JALAN P7, PRESINT 7",62250,WILAYAH PERSEKUTUAN PUTRAJAYA,PUTRAJAYA,BUKA,AWAM,HOSPITAL,INSTITUSI PERUBATAN KHAS
12-12070783,HOSPITAL PENGAJAR UNIVERSITI MALAYSIA SABAH,JALAN UMS,88400,SABAH,KOTA KINABALU,BUKA,AWAM,HOSPITAL,HOSPITAL PENGAJAR
21-09010004,KK BESERI,"KM 10,JALAN KAKI BUKIT, BESERI",02400,PERLIS,KANGAR,BUKA,AWAM,KLINIK,KLINIK KESIHATAN
21-09010005,KK KAMPUNG GIAL,"JALAN GIAL, MATA AYER",02500,PERLIS,KANGAR,BUKA,AWAM,KLINIK,KLINIK KESIHATAN
21-09010006,KK KANGAR,JALAN KOLAM,01000,PERLIS,KANGAR,BUKA,AWAM,KLINIK,KLINIK KESIHATAN
21-09010007,KK KUALA PERLIS,"BATU.7, JALAN KUALA PERLIS",02000,PERLIS,KANGAR,BUKA,AWAM,KLINIK,KLINIK KESIHATAN
21-09010008,KK PADANG BESAR,"KM 37, JALAN PADANG BESAR, PADANG BESAR(U)",02100,PERLIS,KANGAR,BUKA,AWAM,KLINIK,KLINIK KESIHATAN
21-09010009,KK SIMPANG EMPAT,SIMPANG EMPAT,02700,PERLIS,KANGAR,BUKA,AWAM,KLINIK,KLINIK KESIHATAN
21-09010046,KK KUALA SANGLANG,KUALA SANGLANG,02800,PERLIS,KANGAR,BUKA,AWAM,KLINIK,KLINIK KESIHATAN
21-09010047,KK KAKI BUKIT,KAKI BUKIT,02200,PERLIS,KANGAR,BUKA,AWAM,KLINIK,KLINIK KESIHATAN
21-09010091,KK UTC PERLIS,"NO.1, ARAS G, BLOK A, PUSAT TRANSFORMASI BANDAR, (UTC) PERLIS, MUKIM SENA",01000,PERLIS,KANGAR,BUKA,AWAM,KLINIK,KLINIK KESIHATAN
21-09010093,KK PAUH,"KLINIK KESIHATAN PAUH, PEKAN PAUH",02600,PERLIS,KANGAR,BUKA,AWAM,KLINIK,KLINIK KESIHATAN
21-09010049,KK JEJAWI,"LOT 8, JALAN JEJAWI SEMATANG, KAWASAN PERINDUSTRIAN JEJAWI, ARAU",02600,PERLIS,KANGAR,BUKA,AWAM,KLINIK,KLINIK KESIHATAN
21-09010013,KD ABI,"NO.38, JALAN ABI BATAS PAIP",01000,PERLIS,KANGAR,BUKA,AWAM,KLINIK,KLINIK DESA
21-09010014,KD BATU BERTANGKUP,"JALAN KILANG GULA, CHUPING",02500,PERLIS,KANGAR,BUKA,AWAM,KLINIK,KLINIK DESA
21-09010015,KD BEHOR LATEH,"BEHOR LATEH, JALAN KUALA PERLIS",01000,PERLIS,KANGAR,BUKA,AWAM,KLINIK,KLINIK DESA
21-09010017,KD BINTONG,"JALAN TEBING TINGGI, KAMPUNG WANG BESAR, BINTONG",01000,PERLIS,KANGAR,BUKA,AWAM,KLINIK,KLINIK DESA
21-09010018,KK FELDA CHUPING,"KM 20, FELDA CHUPING, MATA AYER",02500,PERLIS,KANGAR,BUKA,AWAM,KLINIK,KLINIK KESIHATAN
21-09010019,KD FELDA MATA AIR,"KM 27, JALAN PADANG BESAR, PADANG BESAR (U)",02100,PERLIS,KANGAR,BUKA,AWAM,KLINIK,KLINIK DESA
21-09010020,KD GUAR NANGKA,"KM 3,JALAN GUAR NANGKA, MATA AYER",02500,PERLIS,KANGAR,BUKA,AWAM,KLINIK,KLINIK DESA
21-09010021,KD GUAR SANJI,"KM 11, JALAN KANGAR KODIANG, ARAU",02600,PERLIS,KANGAR,BUKA,AWAM,KLINIK,KLINIK DESA
21-09010023,KD KAMPUNG SURAU,"KAMPUNG SURAU, UTAN AJI",01000,PERLIS,KANGAR,BUKA,AWAM,KLINIK,KLINIK DESA
21-09010024,KD KEPALA BATAS,"JALAN KUALA SANGLANG, KUALA SANGLANG",02800,PERLIS,KANGAR,BUKA,AWAM,KLINIK,KLINIK DESA
21-09010025,KD LONG BOH,"LONG BOH, SIMPANG EMPAT",02700,PERLIS,KANGAR,BUKA,AWAM,KLINIK,KLINIK DESA
21-09010026,KD FELCRA LUBUK SIREH,"KM 27, JALAN PADANG BESAR, KAKI BUKIT",02200,PERLIS,KANGAR,BUKA,AWAM,KLINIK,KLINIK DESA
21-09010027,KD MATA AYER,"KM 3, JALAN MATA AYER, MATA AYER",02500,PERLIS,KANGAR,BUKA,AWAM,KLINIK,KLINIK DESA
21-09010028,KD PADANG KERIA,"BATU. 1, KAMPUNG PADANG KERIA, KUALA SANGLANG",02800,PERLIS,KANGAR,BUKA,AWAM,KLINIK,KLINIK DESA
21-09010029,KD PADANG MALAU,"KM 13, JALAN KAKI BUKIT, BESERI",02200,PERLIS,KANGAR,BUKA,AWAM,KLINIK,KLINIK DESA
21-09010030,KD PADANG MELANGIT,"KM 9, JALAN ABI",02400,PERLIS,KANGAR,BUKA,AWAM,KLINIK,KLINIK DESA
21-09010031,KD PADANG PAUH,"KM 6, JALAN KAKI BUKIT",01000,PERLIS,KANGAR,BUKA,AWAM,KLINIK,KLINIK DESA
21-09010032,KD PADANG SIDING,"JALAN MASJID PADANG SIDING, MATA AYER",02500,PERLIS,KANGAR,BUKA,AWAM,KLINIK,KLINIK DESA
21-09010033,KD PANGGAS,"JALAN TEPI SEKOLAH PANGGAS, CHUPING",02500,PERLIS,KANGAR,BUKA,AWAM,KLINIK,KLINIK DESA
21-09010035,KD SANTAN,"KM 2, JALAN SANTAN",01000,PERLIS,KANGAR,BUKA,AWAM,KLINIK,KLINIK DESA
21-09010036,KD SEBERANG RAMAI,"JALAN KAMPUNG SEBERANG RAMAI, KUALA PERLIS",02000,PERLIS,KANGAR,BUKA,AWAM,KLINIK,KLINIK DESA
21-09010037,KD SERDANG,SIMPANG EMPAT,02700,PERLIS,KANGAR,BUKA,AWAM,KLINIK,KLINIK DESA
21-09010038,KD SUNGAI BARU,"BATU. 11/2, JALAN SUNGAI BARU, SIMPANG EMPAT",02700,PERLIS,KANGAR,BUKA,AWAM,KLINIK,KLINIK DESA
21-09010039,KD SUNGAI PADANG,"JALAN SUNGAI PADANG, SIMPANG EMPAT",02700,PERLIS,KANGAR,BUKA,AWAM,KLINIK,KLINIK DESA
21-09010040,KD TAMBUN TULANG,"JALAN TAMBUN TULANG, ARAU",02600,PERLIS,KANGAR,BUKA,AWAM,KLINIK,KLINIK DESA
21-09010041,KD TITI TINGGI,"KAMPUNG ULU PADANG BESAR (U), PADANG BESAR",02100,PERLIS,KANGAR,BUKA,AWAM,KLINIK,KLINIK DESA
21-09010042,KD TITI TOK BANDAR,"JALAN SEKOLAH TITI TOK BANDAR, SERIAB",01000,PERLIS,KANGAR,BUKA,AWAM,KLINIK,KLINIK DESA
21-02010047,KK KAMPUNG LALANG,"JALAN WENG, MUKIM SIONG, BALING",09100,KEDAH,BALING,BUKA,AWAM,KLINIK,KLINIK KESIHATAN
21-02010055,KK KUALA KETIL,KUALA KETIL,09300,KEDAH,BALING,BUKA,AWAM,KLINIK,KLINIK KESIHATAN
21-02010058,KK KUPANG,"POLIKLINIK KESIHATAN KUPANG, KUPANG",09200,KEDAH,BALING,BUKA,AWAM,KLINIK,KLINIK KESIHATAN
21-02010082,KK TAWAR,KUALA KETIL,09310,KEDAH,BALING,BUKA,AWAM,KLINIK,KLINIK KESIHATAN
21-02020061,KK LUBUK BUNTAR,JALAN SERDANG-BANDAR BAHARU,09800,KEDAH,BANDAR BAHARU,BUKA,AWAM,KLINIK,KLINIK KESIHATAN
21-02030028,KK ALOR JANGGUS,"JALAN ALOR JAGGUS, ALOR JAGGUS",06250,KEDAH,KOTA SETAR,BUKA,AWAM,KLINIK,KLINIK KESIHATAN
21-02030032,KK BANDAR ALOR SETAR,"LEBUH RAYA DARULAMAN, ALOR SETAR",05100,KEDAH,KOTA SETAR,BUKA,AWAM,KLINIK,KLINIK KESIHATAN
21-02030045,KK JALAN PUTRA,"MEGONG, ALOR SETAR",05150,KEDAH,KOTA SETAR,BUKA,AWAM,KLINIK,KLINIK KESIHATAN
21-02030052,KK KOTA SARANG SEMUT,"JALAN PENDANG, KOTA SARANG SEMUT",06800,KEDAH,KOTA SETAR,BUKA,AWAM,KLINIK,KLINIK KESIHATAN
21-02030054,KK KUALA KEDAH,"JALAN KUALA KEDAH, KUALA KEDAH",05600,KEDAH,KOTA SETAR,BUKA,AWAM,KLINIK,KLINIK KESIHATAN
21-02030060,KK LANGGAR,"JALAN LANGGAR, ALOR SETAR",06500,KEDAH,KOTA SETAR,BUKA,AWAM,KLINIK,KLINIK KESIHATAN
21-02030075,KK SIMPANG EMPAT,"JALAN TOKAI, ALOR SETAR",06650,KEDAH,KOTA SETAR,BUKA,AWAM,KLINIK,KLINIK KESIHATAN
21-02030076,KK SIMPANG KUALA,"JALAN KUALA KEDAH, ALOR SETAR",06600,KEDAH,KOTA SETAR,BUKA,AWAM,KLINIK,KLINIK KESIHATAN
21-02030345,KK DATO' KUMBAR,"JALAN DATO' KUMBAR, ALOR SETAR",06500,KEDAH,KOTA SETAR,BUKA,AWAM,KLINIK,KLINIK KESIHATAN
21-02030365,KK UTC ALOR SETAR,"ARAS BWH, KOMPLEKS MBAS(CITY POINT), JALAN KOLAM AIR",05100,KEDAH,KOTA SETAR,BUKA,AWAM,KLINIK,KLINIK KESIHATAN
21-02030089,KK ALOR MENGKUDU,"JALAN ALOR MENGKUDU, ALOR SETAR",05100,KEDAH,KOTA SETAR,BUKA,AWAM,KLINIK,KLINIK KESIHATAN
21-02040030,KK TAMAN INTAN,"JALAN TAMAN INTAN, SUNGAI PETANI",08000,KEDAH,KUALA MUDA,BUKA,AWAM,KLINIK,KLINIK KESIHATAN
21-02040037,KK BANDAR SG. PETANI,"PEJ.KES. DAERAH KUALA MUDA, JALAN BADLISHAH, SUNGAI PETANI",08000,KEDAH,KUALA MUDA,BUKA,AWAM,KLINIK,KLINIK KESIHATAN
21-02040040,KK BEDONG,"JALAN SEMELING, BEDONG",08300,KEDAH,KUALA MUDA,BUKA,AWAM,KLINIK,KLINIK KESIHATAN
21-02040041,KK BUKIT SELAMBAU,SUNGAI PETANI,08010,KEDAH,KUALA MUDA,BUKA,AWAM,KLINIK,KLINIK KESIHATAN
21-02040051,KK KOTA KUALA MUDA,"JALAN KAMPUNG SUNGAI EMAS, KOTA KUALA MUDA",08500,KEDAH,KUALA MUDA,BUKA,AWAM,KLINIK,KLINIK KESIHATAN
21-02040067,KK MERBOK,"JALAN MERBOK-TANJUNG DAWAI, MERBOK, KUALA MUDA",08400,KEDAH,KUALA MUDA,BUKA,AWAM,KLINIK,KLINIK KESIHATAN
21-02040077,KK SG. LALANG,"LOT 15,16,17 & 18, TAMAN LEMBAH PERMAI, SUNGAI LALANG, BEDONG",08100,KEDAH,KUALA MUDA,BUKA,AWAM,KLINIK,KLINIK KESIHATAN
21-02040485,KK UTC SUNGAI PETANI,"LOT G-UTC-02, UTC SUNGAI PETANI, BANGUNAN UKIR SQUARE, JALAN KUALA KETIL",08000,KEDAH,KUALA MUDA,BUKA,AWAM,KLINIK,KLINIK KESIHATAN
21-02050029,KK AYER HITAM,AYER HITAM,06150,KEDAH,KUBANG PASU,BUKA,AWAM,KLINIK,KLINIK KESIHATAN
21-02050049,KK KEPALA BATAS,KEPALA BATAS,62000,KEDAH,KUBANG PASU,BUKA,AWAM,KLINIK,KLINIK KESIHATAN
21-02050059,KK LAKA TEMIN,BUKIT KAYU HITAM,06050,KEDAH,KUBANG PASU,BUKA,AWAM,KLINIK,KLINIK KESIHATAN
21-02050083,KK TUNJANG,"JALAN KODIANG, JITRA",06000,KEDAH,KUBANG PASU,BUKA,AWAM,KLINIK,KLINIK KESIHATAN
21-02050491,KK NAPOH,"KLINIK KESIHATAN NAPOH, JITRA",06000,KEDAH,KUBANG PASU,BUKA,AWAM,KLINIK,KLINIK KESIHATAN
21-02060048,KK KARANGAN,"JALAN MAHANG, KARANGAN",09700,KEDAH,KULIM,BUKA,AWAM,KLINIK,KLINIK KESIHATAN
21-02060057,KK KULIM,"JALAN HOSPITAL LAMA, KULIM",09000,KEDAH,KULIM,BUKA,AWAM,KLINIK,KLINIK KESIHATAN
21-02060063,KK LUNAS,"JALAN ARA KUDA, LUNAS",09600,KEDAH,KULIM,BUKA,AWAM,KLINIK,KLINIK KESIHATAN
21-02060064,KK MAHANG,"JALAN MAHANG, KULIM",09800,KEDAH,KULIM,BUKA,AWAM,KLINIK,KLINIK KESIHATAN
21-02060066,KK MERBAU PULAS,"JALAN KUALA KETIL, KULIM",09410,KEDAH,KULIM,BUKA,AWAM,KLINIK,KLINIK KESIHATAN
21-02060070,KK PADANG SERAI,"JALAN LUNAS, PADANG SERAI",09400,KEDAH,KULIM,BUKA,AWAM,KLINIK,KLINIK KESIHATAN
21-02060081,KK TAMAN SELASIH,"LOT 3302, TAMAN SELASIH, KULIM",09000,KEDAH,KULIM,BUKA,AWAM,KLINIK,KLINIK KESIHATAN
21-02070027,KK AIR HANGAT,"JALAN AIR HANGAT, LANGKAWI",07000,KEDAH,LANGKAWI,BUKA,AWAM,KLINIK,KLINIK KESIHATAN
21-02070053,KK KUAH,"JALAN AIR HANGAT, LANGKAWI",07000,KEDAH,LANGKAWI,BUKA,AWAM,KLINIK,KLINIK KESIHATAN
21-02070301,KK TEMONYONG,"MUKIM KEDAWANG, LANGKAWI",07000,KEDAH,LANGKAWI,BUKA,AWAM,KLINIK,KLINIK KESIHATAN
21-02080239,KK PEDU,KUALA NERANG,06300,KEDAH,PADANG TERAP,BUKA,AWAM,KLINIK,KLINIK KESIHATAN
21-02090072,KK PENDANG,"JALAN SUNGAI TIANG, PENDANG",06700,KEDAH,PENDANG,BUKA,AWAM,KLINIK,KLINIK KESIHATAN
21-02090079,KK SUNGAI TIANG,"SUNGAI TIANG, PENDANG",06720,KEDAH,PENDANG,BUKA,AWAM,KLINIK,KLINIK KESIHATAN
21-02090056,KK KUBUR PANJANG,"KUBUR PANJANG, PENDANG",06760,KEDAH,PENDANG,BUKA,AWAM,KLINIK,KLINIK KESIHATAN
21-02100046,KK JENIANG,"JALAN JENIANG, JENIANG SIK",08700,KEDAH,SIK,BUKA,AWAM,KLINIK,KLINIK KESIHATAN
21-02100154,KK KAMPUNG BETONG,"KAMPUNG BETONG, MUKIM JENERI, SIK",08200,KEDAH,SIK,BUKA,AWAM,KLINIK,KLINIK KESIHATAN
21-02100135,KK TELOI TIMUR,"TELOI TIMUR, SIK",09300,KEDAH,SIK,BUKA,AWAM,KLINIK,KLINIK KESIHATAN
21-02100044,KK GULAU,"JALAN GULAU NAMI, SIK",08210,KEDAH,SIK,BUKA,AWAM,KLINIK,KLINIK KESIHATAN
21-02110242,KK PERMATANG BULUH,"PERMATANG BULUH, KOTA SARANG SEMUT",06900,KEDAH,YAN,BUKA,AWAM,KLINIK,KLINIK KESIHATAN
21-02110043,KK GUAR CHEMPEDAK,"JALAN ALOR SETAR GURUN, GUAR CAMPAK",08800,KEDAH,YAN,BUKA,AWAM,KLINIK,KLINIK KESIHATAN
21-02120313,KK TUALANG,"KAMPUNG KERIAN, JALAN TUKANG, MUKIM TUALANG",06400,KEDAH,POKOK SENA,BUKA,AWAM,KLINIK,KLINIK KESIHATAN
21-02040359,KKOM LEMBAH BUJANG INDAH,"NO 25A, (TINGKAT BAWAH) JALAN LEMBAH BUJANG INDAH, TAMAN LEMBAH BUJANG INDAH, BEDONG, KEDAH",08100,KEDAH,KUALA MUDA,BUKA,AWAM,KLINIK,KLINIK KOMUNITI
21-02040367,KKOM TAMAN RIA JAYA,"NO. 9, JALAN KUDA KEPANG 1/1A, TAMAN RIA JAYA",08000,KEDAH,KUALA MUDA,BUKA,AWAM,KLINIK,KLINIK KOMUNITI
21-02040490,KKOM GURUN,"28G, JALAN RAYA, GURUN",08300,KEDAH,KUALA MUDA,BUKA,AWAM,KLINIK,KLINIK KOMUNITI
21-02010090,KD ASAM JAWA,ASAM JAWA,09100,KEDAH,BALING,BUKA,AWAM,KLINIK,KLINIK DESA
21-02010150,KD BADANG,"BADANG, MALAU",09310,KEDAH,BALING,BUKA,AWAM,KLINIK,KLINIK DESA
21-02010096,KD BANDAR,JALAN WENG,09100,KEDAH,BALING,BUKA,AWAM,KLINIK,KLINIK DESA
21-02010101,KD BATU 8,BATU 8,09100,KEDAH,BALING,BUKA,AWAM,KLINIK,KLINIK DESA
21-02010108,KD BELIDA,"BELIDA, KUALA KETIL",09300,KEDAH,BALING,BUKA,AWAM,KLINIK,KLINIK DESA
21-02010155,KD BINJUL LUAR,"BINJUL LUAR, KUALA KETIL",09310,KEDAH,BALING,BUKA,AWAM,KLINIK,KLINIK DESA
21-02010113,KD BONGOR,JALAN WENG,09100,KEDAH,BALING,BUKA,AWAM,KLINIK,KLINIK DESA
21-02010130,KD CHAROK KELIAN,CHAROK KELIAN,09100,KEDAH,BALING,BUKA,AWAM,KLINIK,KLINIK DESA
21-02010166,KD KAMPUNG PADANG,KAMPUNG PADANG,09100,KEDAH,BALING,BUKA,AWAM,KLINIK,KLINIK DESA
21-02010171,KD KAMPUNG PISANG,KAMPUNG PISANG,09200,KEDAH,BALING,BUKA,AWAM,KLINIK,KLINIK DESA
21-02010186,KD KEJAI BARU,"KEJAI BARU, KUALA KETIL",09020,KEDAH,BALING,BUKA,AWAM,KLINIK,KLINIK DESA
21-02010200,KD KUALA KUANG,KUALA KUANG,09200,KEDAH,BALING,BUKA,AWAM,KLINIK,KLINIK DESA
21-02010201,KD KUALA MERAH,"KUALA MERAH, KUALA KETIL",09300,KEDAH,BALING,BUKA,AWAM,KLINIK,KLINIK DESA
21-02010202,KD KUALA PEGANG,KUALA PEGANG,09310,KEDAH,BALING,BUKA,AWAM,KLINIK,KLINIK DESA
21-02010163,KD MACHANG BUBUK,MACANG BUBUK,09310,KEDAH,BALING,BUKA,AWAM,KLINIK,KLINIK DESA
21-02010237,KD PAYA BESAR,"PAYA BESAR, KUALA KETIL",09300,KEDAH,BALING,BUKA,AWAM,KLINIK,KLINIK DESA
21-02010249,KD PULAI,PEKAN PULAI,09100,KEDAH,BALING,BUKA,AWAM,KLINIK,KLINIK DESA
21-02010252,KD RAMBONG,BATU TUJUH,09100,KEDAH,BALING,BUKA,AWAM,KLINIK,KLINIK DESA
21-02010179,KD SEPUTIH,"SI PUTIH, MALAU",09310,KEDAH,BALING,BUKA,AWAM,KLINIK,KLINIK DESA
21-02010272,KD SUNGAI LIMAU,KUALA KUANG,09200,KEDAH,BALING,BUKA,AWAM,KLINIK,KLINIK DESA
21-02010278,KD SUNGAI TAWAR,KAMPUNG SUNGAI TAWAR,09310,KEDAH,BALING,BUKA,AWAM,KLINIK,KLINIK DESA
21-02010292,KD TELOI KANAN (FELDA),"TELOI KANAN, KUALA KETIL",09300,KEDAH,BALING,BUKA,AWAM,KLINIK,KLINIK DESA
21-02010295,KD TELOK SERA,KAMPUNG DESA TELOK SERA,09100,KEDAH,BALING,BUKA,AWAM,KLINIK,KLINIK DESA
21-02010296,KD TELOK SUNGAI DURIAN,KAMPUNG DESA TELOK SUNGAI DURIAN,09100,KEDAH,BALING,BUKA,AWAM,KLINIK,KLINIK DESA
21-02010297,KD TELOK TEDURI,KAMPUNG DESA TELOK TEDURI,09100,KEDAH,BALING,BUKA,AWAM,KLINIK,KLINIK DESA
21-02010298,KD TELOK TEMELAH,JALAN WENG,09100,KEDAH,BALING,BUKA,AWAM,KLINIK,KLINIK DESA
21-02010183,KD TIAK,KAMPUNG TIAK,09200,KEDAH,BALING,BUKA,AWAM,KLINIK,KLINIK DESA
21-02010315,KD ULU BAKAI,"ULU BAKAI, KUALA KETIL",09020,KEDAH,BALING,BUKA,AWAM,KLINIK,KLINIK DESA
21-02010318,KD WENG,JALAN WENG,09100,KEDAH,BALING,BUKA,AWAM,KLINIK,KLINIK DESA
21-02020094,KD BAGAN SAMAK,"BAGAN SAMAK, BANDAR BAHARU",34950,KEDAH,BANDAR BAHARU,BUKA,AWAM,KLINIK,KLINIK DESA
21-02020236,KD PARIT NIBONG,"JALAN SERDANG, BANDAR BAHARU",34950,KEDAH,BANDAR BAHARU,BUKA,AWAM,KLINIK,KLINIK DESA
21-02020244,KD PERMATANG KERAT TELUNJUK,"JALAN SERDANG, BANDAR BAHARU",34950,KEDAH,BANDAR BAHARU,BUKA,AWAM,KLINIK,KLINIK DESA
21-02020253,KD RELAU,"JALAN KAMPUNG PADANG, BANDAR BAHARU",14300,KEDAH,BANDAR BAHARU,BUKA,AWAM,KLINIK,KLINIK DESA
21-02020256,KK JALAN SELAMA,"SELAMA, SERDANG",09800,KEDAH,BANDAR BAHARU,BUKA,AWAM,KLINIK,KLINIK KESIHATAN
21-02020258,KD SERIBU RELONG,"JALAN TENGAS, SERDANG",09800,KEDAH,BANDAR BAHARU,BUKA,AWAM,KLINIK,KLINIK DESA
21-02020264,KD SUNGAI BATU,"JALAN SUNGAI BATU, SERDANG",09801,KEDAH,BANDAR BAHARU,BUKA,AWAM,KLINIK,KLINIK DESA
21-02020267,KD SUNGAI KECIL ILIR,"JALAN SEKOLAH SUNGAI KECIL ILIR, BANDAR BAHARU",14300,KEDAH,BANDAR BAHARU,BUKA,AWAM,KLINIK,KLINIK DESA
21-02020277,KD SUNGAI TAKA,"JALAN MAHANG, SERDANG",09800,KEDAH,BANDAR BAHARU,BUKA,AWAM,KLINIK,KLINIK DESA
21-02030123,KD BUKIT PINANG,"NO. 129, JALAN BUKIT PINANG, ALOR SETAR",06200,KEDAH,KOTA SETAR,BUKA,AWAM,KLINIK,KLINIK DESA
21-02030140,KD GUNUNG KERIANG,"MUKIM GUNUNG, ALOR SETAR",06750,KEDAH,KOTA SETAR,BUKA,AWAM,KLINIK,KLINIK DESA
21-02030143,KD HUTAN KAMPUNG,"JALAN HUTAN KAMPUNG, MUKIM HUTAN KAMPUNG, ALOR SETAR",05350,KEDAH,KOTA SETAR,BUKA,AWAM,KLINIK,KLINIK DESA
21-02030198,KD KANGKONG,"KAMPUNG KUALA KANGKONG, MUKIM KANGKONG, ALOR SETAR",06650,KEDAH,KOTA SETAR,BUKA,AWAM,KLINIK,KLINIK DESA
21-02030199,KD KUALA KEDAH,"JALAN KUALA KEDAH, ALOR SETAR",05600,KEDAH,KOTA SETAR,BUKA,AWAM,KLINIK,KLINIK DESA
21-02030205,KD KUBANG JAWI,"JALAN ALOR JANGGUS, MUKIM PADANG HANG, ALOR SETAR",06250,KEDAH,KOTA SETAR,BUKA,AWAM,KLINIK,KLINIK DESA
21-02030207,KD KUBANG ROTAN,"KAMPUNG KUBANG ROTAN, MUKIM KUBANG ROTAN, ALOR SETAR",06250,KEDAH,KOTA SETAR,BUKA,AWAM,KLINIK,KLINIK DESA
21-02030212,KD LENGKUAS,"KAMPUNG LENGKUAS, MUKIM LENGKUAS, ALOR SETAR",05400,KEDAH,KOTA SETAR,BUKA,AWAM,KLINIK,KLINIK DESA
21-02030213,KD LEPAI,"MUKIM LEPAI, LANGGAR, ALOR SETAR",05350,KEDAH,KOTA SETAR,BUKA,AWAM,KLINIK,KLINIK DESA
21-02030259,KD PADANG HANG,"JALAN SIMPANG 3 PADANG HANG, ALOR SETAR",06570,KEDAH,KOTA SETAR,BUKA,AWAM,KLINIK,KLINIK DESA
21-02030255,KD SEBERANG KOTA,"JALAN KUALA KEDAH, ALOR SETAR",06600,KEDAH,KOTA SETAR,BUKA,AWAM,KLINIK,KLINIK DESA
21-02030262,KD SUKA MENANTI,"KAMPUNG SUKA MENANTI, MUKIM PUMPONG, ALOR SETAR",05150,KEDAH,KOTA SETAR,BUKA,AWAM,KLINIK,KLINIK DESA
21-02030263,KD SUNGAI BARU,"KAMPUNG SUNGAI BARU TENGAH, MUKIM SUNGAI BARU",05100,KEDAH,KOTA SETAR,BUKA,AWAM,KLINIK,KLINIK DESA
21-02030283,KD TAJAR,"JALAN DATUK KUMBAR, ALOR SETAR",06500,KEDAH,KOTA SETAR,BUKA,AWAM,KLINIK,KLINIK DESA
21-02030286,KD TANDOP,"NO.18, JALAN TELUK BAGAN, BATU 3, ALOR SETAR",05400,KEDAH,KOTA SETAR,BUKA,AWAM,KLINIK,KLINIK DESA
21-02030290,KD TEBENGAU,"MUKIM TEBANGAU, ALOR SETAR",06600,KEDAH,KOTA SETAR,BUKA,AWAM,KLINIK,KLINIK DESA
21-02030291,KD TELAGA MAS,"KAMPUNG KERANJI, MUKIM TELAGA MAS, ALOR SETAR",06400,KEDAH,KOTA SETAR,BUKA,AWAM,KLINIK,KLINIK DESA
21-02030293,KD TELOK KECHAI,"JALAN YAN, ALOR SETAR",06600,KEDAH,KOTA SETAR,BUKA,AWAM,KLINIK,KLINIK DESA
21-02030306,KD TITI HAJI IDRIS,"KAMPUNG ALOR TEBUAN, MUKIM TAJAR, ALOR SETAR",05350,KEDAH,KOTA SETAR,BUKA,AWAM,KLINIK,KLINIK DESA
21-02040095,KD BAN MERBOK,"BAN MERBOK, MERBOK",08400,KEDAH,KUALA MUDA,BUKA,AWAM,KLINIK,KLINIK DESA
21-02040099,KD BATU 3 GURUN,"JALAN JENIANG, GURUN",08300,KEDAH,KUALA MUDA,BUKA,AWAM,KLINIK,KLINIK DESA
21-02040102,KD BATU 9,"BATU 9, JALAN JENIANG, GURUN",08300,KEDAH,KUALA MUDA,BUKA,AWAM,KLINIK,KLINIK DESA
21-02040103,KD BATU BELACAN,"BATU BELACAN, KUALA KETIL",08010,KEDAH,KUALA MUDA,BUKA,AWAM,KLINIK,KLINIK DESA
21-02040105,KD BATU LINTANG,"BATU LINTANG SIMPOR, TIKAM BATU",08600,KEDAH,KUALA MUDA,BUKA,AWAM,KLINIK,KLINIK DESA
21-02040115,KD BUJANG,"KAMPUNG BUJANG, MERBOK",08400,KEDAH,KUALA MUDA,BUKA,AWAM,KLINIK,KLINIK DESA
21-02040121,KD BUKIT MERIAM,"KAMPUNG BUKIT MERIAM, KOTA KUALA MUDA",08500,KEDAH,KUALA MUDA,BUKA,AWAM,KLINIK,KLINIK DESA
21-02040203,KD KUALA SIN,"KUALA SIN, KUALA SIN, SUNGAI PETANI",08010,KEDAH,KUALA MUDA,BUKA,AWAM,KLINIK,KLINIK DESA
21-02040214,KD LUBUK SAGA,"KAMPUNG LUBUK SAGA SIDAM KIRI, PADANG SERAI",08500,KEDAH,KUALA MUDA,BUKA,AWAM,KLINIK,KLINIK DESA
21-02040227,KD PADANG LEMBU,"KAMPUNG PADANG LEMBU, GURUN",08300,KEDAH,KUALA MUDA,BUKA,AWAM,KLINIK,KLINIK DESA
21-02040232,KD PADANG SALIM,"KAMPUNG PADANG SALIM, KOTA KUALA MUDA",08500,KEDAH,KUALA MUDA,BUKA,AWAM,KLINIK,KLINIK DESA
21-02040235,KD PANTAI PRAI,"KAMPUNG PANTAI KIRI, SUNGAI PETANI",08000,KEDAH,KUALA MUDA,BUKA,AWAM,KLINIK,KLINIK DESA
21-02040241,KD PERMATANG BERANGAN,"PINANG TUNGGAL, SUNGAI PETANI",08000,KEDAH,KUALA MUDA,BUKA,AWAM,KLINIK,KLINIK DESA
21-02040257,KD SEMELING,"SEMELING, BEDONG",08100,KEDAH,KUALA MUDA,BUKA,AWAM,KLINIK,KLINIK DESA
21-02040270,KD SUNGAI LALANG,"SUNGAI LALANG, BEDONG",08100,KEDAH,KUALA MUDA,BUKA,AWAM,KLINIK,KLINIK DESA
21-02040271,KD SUNGAI LAYAR,"SUNGAI LAYAR, SUNGAI PETANI",08000,KEDAH,KUALA MUDA,BUKA,AWAM,KLINIK,KLINIK DESA
21-02040274,KK SUNGAI PASIR,"SUNGAI PASIR, SUNGAI PASIR",08000,KEDAH,KUALA MUDA,BUKA,AWAM,KLINIK,KLINIK KESIHATAN
21-02040288,KD TANJUNG DAWAI,"TANJUNG DAWAI, TANJUNG DAWAI",08110,KEDAH,KUALA MUDA,BUKA,AWAM,KLINIK,KLINIK DESA
21-02040294,KD TELOK NIPAH,"KAMPUNG BUKIT TUKANG JUSOH, KOTA KUALA MUDA",08500,KEDAH,KUALA MUDA,BUKA,AWAM,KLINIK,KLINIK DESA
21-02040304,KD TIKAM BATU,"KAMPUNG MASJID, KOTA KUALA MUDA",08500,KEDAH,KUALA MUDA,BUKA,AWAM,KLINIK,KLINIK DESA
21-02050100,KD BATU EMPAT,"JALAN SANGLANG, KODIANG",06100,KEDAH,KUBANG PASU,BUKA,AWAM,KLINIK,KLINIK DESA
21-02050104,KD BATU LAPAN,"FELDA BATU LAPAN, CHANGLON",06010,KEDAH,KUBANG PASU,BUKA,AWAM,KLINIK,KLINIK DESA
21-02050125,KD BUKIT TANGGA,"FELDA BUKIT TANGGA, BUKIT KAYU HITAM",06050,KEDAH,KUBANG PASU,BUKA,AWAM,KLINIK,KLINIK DESA
21-02050159,KD GELONG,"MUKIM GELONG, JITRA",06000,KEDAH,KUBANG PASU,BUKA,AWAM,KLINIK,KLINIK DESA
21-02050146,KD JERLUN,"JERLUN, AYER HITAM",06150,KEDAH,KUBANG PASU,BUKA,AWAM,KLINIK,KLINIK DESA
21-02050312,KD KAMPUNG TRADISI PAYA PAHLAWAN,"PAYA PAHLAWAN, JITRA",06000,KEDAH,KUBANG PASU,BUKA,AWAM,KLINIK,KLINIK DESA
21-02050210,KD LANA BULU,"LANA BULU, AYER HITAM",06150,KEDAH,KUBANG PASU,BUKA,AWAM,KLINIK,KLINIK DESA
21-02050216,KD MALAU,"MALAU, JITRA",06000,KEDAH,KUBANG PASU,BUKA,AWAM,KLINIK,KLINIK DESA
21-02050217,KD MEGAT DEWA,"MEGAT DEWA, KODIANG",06100,KEDAH,KUBANG PASU,BUKA,AWAM,KLINIK,KLINIK DESA
21-02050230,KD PADANG PERAHU,"PADANG PERAHU, TUNJANG, JITRA",06000,KEDAH,KUBANG PASU,BUKA,AWAM,KLINIK,KLINIK DESA
21-02050234,KD PADANG SERA,"PADANG SERA, KODIANG",06100,KEDAH,KUBANG PASU,BUKA,AWAM,KLINIK,KLINIK DESA
21-02050245,KD PERMATANG PAKU,"PERMATANG PAKU, AYER HITAM",06150,KEDAH,KUBANG PASU,BUKA,AWAM,KLINIK,KLINIK DESA
21-02050170,KD PIDA DUA,"MUKIM JERAM, TUNJANG, JITRA",06000,KEDAH,KUBANG PASU,BUKA,AWAM,KLINIK,KLINIK DESA
21-02050254,KD SANGLANG,"SANGLANG, AYER HITAM",06150,KEDAH,KUBANG PASU,BUKA,AWAM,KLINIK,KLINIK DESA
21-02050269,KD SUNGAI KOROK,"SUNGAI KOROK, AYER HITAM",06150,KEDAH,KUBANG PASU,BUKA,AWAM,KLINIK,KLINIK DESA
21-02050300,KD TELUK MALEK,"TELUK MALEK, JITRA",06000,KEDAH,KUBANG PASU,BUKA,AWAM,KLINIK,KLINIK DESA
21-02050307,KD TITI KERBAU,"MUKIM SUNGAI LAKA, CHANGLON",06010,KEDAH,KUBANG PASU,BUKA,AWAM,KLINIK,KLINIK DESA
21-02050184,KD TRADISI LEMBAH KERIANG,"LEMBAH KERIANG, CHANGLOON",06010,KEDAH,KUBANG PASU,BUKA,AWAM,KLINIK,KLINIK DESA
21-02060092,KD AIR MERAH,AIR MERAH,09000,KEDAH,KULIM,BUKA,AWAM,KLINIK,KLINIK DESA
21-02060091,KD AIR PUTIH,AIR PUTIH,09000,KEDAH,KULIM,BUKA,AWAM,KLINIK,KLINIK DESA
21-02060151,KD KAMPUNG BADLISHAH,"KAMPUNG BADLISHAH, KULIM",09600,KEDAH,KULIM,BUKA,AWAM,KLINIK,KLINIK DESA
21-02060106,KD BATU PUTIH,"BATU PUTIH, KARANGAN",09700,KEDAH,KULIM,BUKA,AWAM,KLINIK,KLINIK DESA
21-02060111,KD BIKAN,"BIKAN, LABU BESAR",09700,KEDAH,KULIM,BUKA,AWAM,KLINIK,KLINIK DESA
21-02060137,KD GUAR LOBAK,"SIDAM KANAN, PADANG SERAI",09400,KEDAH,KULIM,BUKA,AWAM,KLINIK,KLINIK DESA
21-02060139,KD GUNUNG BONGSU,"GUNUNG BONGSU, KARANGAN",09500,KEDAH,KULIM,BUKA,AWAM,KLINIK,KLINIK DESA
21-02060147,KD JUBAI,"JUBAI, LABU BESAR",09100,KEDAH,KULIM,BUKA,AWAM,KLINIK,KLINIK DESA
21-02060194,KD KILANG LAMA,KILANG LAMA,09000,KEDAH,KULIM,BUKA,AWAM,KLINIK,KLINIK DESA
21-02060209,KD LABU BESAR,"LABU BESAR, LABU BESAR",09010,KEDAH,KULIM,BUKA,AWAM,KLINIK,KLINIK DESA
21-02060225,KD PADANG CINA,"PADANG CINA, KARANGAN",09700,KEDAH,KULIM,BUKA,AWAM,KLINIK,KLINIK DESA
21-02060228,KD PADANG MEIHA,"PADANG MEIHA, PADANG SERAI",09410,KEDAH,KULIM,BUKA,AWAM,KLINIK,KLINIK DESA
21-02060175,KD SUNGAI SEDIM,"SEDIM, KARANGAN",09700,KEDAH,KULIM,BUKA,AWAM,KLINIK,KLINIK DESA
21-02060177,KD SIDAM KANAN,"SIDAM KANAN, PADANG SERAI",09400,KEDAH,KULIM,BUKA,AWAM,KLINIK,KLINIK DESA
21-02060266,KD SUNGAI KARANGAN,"SUNGAI KARANGAN, PADANG SERAI",09410,KEDAH,KULIM,BUKA,AWAM,KLINIK,KLINIK DESA
21-02060268,KD SUNGAI KOB,"SUNGAI KOB, KARANGAN",09700,KEDAH,KULIM,BUKA,AWAM,KLINIK,KLINIK DESA
21-02060273,KD SUNGAI LIMAU,"SUNGAI LIMAU, LUNAS",09600,KEDAH,KULIM,BUKA,AWAM,KLINIK,KLINIK DESA
21-02060275,KD SUNGAI SELUANG,"SUNGAI SELUANG, LUNAS",09600,KEDAH,KULIM,BUKA,AWAM,KLINIK,KLINIK DESA
21-02060280,KD SUNGAI TENGAS ULU,"SUNGAI TENGAS ULU, SERDANG",09800,KEDAH,KULIM,BUKA,AWAM,KLINIK,KLINIK DESA
21-02060281,KD SUNGAI ULAR,SUNGAI ULAR,09000,KEDAH,KULIM,BUKA,AWAM,KLINIK,KLINIK DESA
21-02070153,KD BAYAS,JALAN PADANG MAT SIRAT,07000,KEDAH,LANGKAWI,BUKA,AWAM,KLINIK,KLINIK DESA
21-02070158,KK EWA,MUKIM AIR HANGAT,07000,KEDAH,LANGKAWI,BUKA,AWAM,KLINIK,KLINIK KESIHATAN
21-02070134,KD KOK,MUKIM PADANG MAT SIRAT,07000,KEDAH,LANGKAWI,BUKA,AWAM,KLINIK,KLINIK DESA
21-02070204,KD KUALA TERIANG,MUKIM PADANG MAT SIRAT,07000,KEDAH,LANGKAWI,BUKA,AWAM,KLINIK,KLINIK DESA
21-02070222,KK NYIOR CHABANG,MUKIM BOHOR,07000,KEDAH,LANGKAWI,BUKA,AWAM,KLINIK,KLINIK KESIHATAN
21-02070251,KK PULAU TUBA,"KLINIK KESIHATAN PULAU TUBA, MUKIM KUAH",07000,KEDAH,LANGKAWI,BUKA,AWAM,KLINIK,KLINIK KESIHATAN
21-02070176,KD SELAT LUBUK CEMPEDAK,"PULAU TUBA, MUKIM KUAH",07000,KEDAH,LANGKAWI,BUKA,AWAM,KLINIK,KLINIK DESA
21-02070316,KD 2G ULU MELAKA,MUKIM AIR HANGAT,07000,KEDAH,LANGKAWI,BUKA,AWAM,KLINIK,KLINIK DESA
21-02080109,KD BELUKAR LUAS,KUALA NERANG,06300,KEDAH,PADANG TERAP,BUKA,AWAM,KLINIK,KLINIK DESA
21-02080126,KD BUKIT TEMBAGA,"FELDA BUKIT TEMBAGA, KUALA NERANG",06300,KEDAH,PADANG TERAP,BUKA,AWAM,KLINIK,KLINIK DESA
21-02080208,KD KURA BARU,"MUKIM JENERI, SIK",08320,KEDAH,PADANG TERAP,BUKA,AWAM,KLINIK,KLINIK DESA
21-02080218,KD NAI TEH,"MUKIM PADANG TEMAK, KUALA NERANG",06300,KEDAH,PADANG TERAP,BUKA,AWAM,KLINIK,KLINIK DESA
21-02080220,KD NAMI,"MUKIM TEKAI KIRI, KUALA NERANG",08210,KEDAH,PADANG TERAP,BUKA,AWAM,KLINIK,KLINIK DESA
21-02080223,KD PADANG BALAI,KUALA NERANG,06300,KEDAH,PADANG TERAP,BUKA,AWAM,KLINIK,KLINIK DESA
21-02080224,KD PADANG CHENDERAI,"JALAN PADANG SANAI, KUALA NERANG",06300,KEDAH,PADANG TERAP,BUKA,AWAM,KLINIK,KLINIK DESA
21-02080229,KD PADANG NYIOR,"JALAN PADANG SANAI, KUALA NERANG",06300,KEDAH,PADANG TERAP,BUKA,AWAM,KLINIK,KLINIK DESA
21-02080233,KD PADANG SANAI,KUALA NERANG,06300,KEDAH,PADANG TERAP,BUKA,AWAM,KLINIK,KLINIK DESA
21-02080240,KK PENGKALAN TOK PUTIH,"KAMPUNG LABI, KUALA NERANG",06300,KEDAH,PADANG TERAP,BUKA,AWAM,KLINIK,KLINIK KESIHATAN
21-02080169,KD PERIK,KUALA NERANG,06300,KEDAH,PADANG TERAP,BUKA,AWAM,KLINIK,KLINIK DESA
21-02080287,KD TANDOP BESAR,KUALA NERANG,06350,KEDAH,PADANG TERAP,BUKA,AWAM,KLINIK,KLINIK DESA
21-02080310,KD TONG PLU,"MUKIM TONG PLU, KUALA NERANG",06300,KEDAH,PADANG TERAP,BUKA,AWAM,KLINIK,KLINIK DESA
21-02090118,KD BUKIT JAMBUL,BUKIT JAMBUL,06700,KEDAH,PENDANG,BUKA,AWAM,KLINIK,KLINIK DESA
21-02090119,KD BUKIT JENUN,BUKIT JENUH,06700,KEDAH,PENDANG,BUKA,AWAM,KLINIK,KLINIK DESA
21-02090124,KD BUKIT RAYA,BUKIT RAYA,06700,KEDAH,PENDANG,BUKA,AWAM,KLINIK,KLINIK DESA
21-02090136,KD GAJAH MATI,GAJAH MATI,06700,KEDAH,PENDANG,BUKA,AWAM,KLINIK,KLINIK DESA
21-02090152,KD KAMPUNG BARU,KAMPUNG BARU,06750,KEDAH,PENDANG,BUKA,AWAM,KLINIK,KLINIK DESA
21-02090161,KD KAMPUNG KEDAH,KAMPUNG KEDAH,06700,KEDAH,PENDANG,BUKA,AWAM,KLINIK,KLINIK DESA
21-02090174,KD KAMPUNG RAMBAI,KAMPUNG RAMBAI,06650,KEDAH,PENDANG,BUKA,AWAM,KLINIK,KLINIK DESA
21-02090226,KD PADANG DURIAN,PADANG DURIAN,06750,KEDAH,PENDANG,BUKA,AWAM,KLINIK,KLINIK DESA
21-02090231,KD PADANG PUSING,PADANG PUSING,06700,KEDAH,PENDANG,BUKA,AWAM,KLINIK,KLINIK DESA
21-02090168,KD PAYA MAK INSON,PAYA MAK INSON,06720,KEDAH,PENDANG,BUKA,AWAM,KLINIK,KLINIK DESA
21-02090238,KD PAYA RAWA,PAYA RAWA,06700,KEDAH,PENDANG,BUKA,AWAM,KLINIK,KLINIK DESA
21-02090247,KD POKOK ASAM,POKOK ASAM,06760,KEDAH,PENDANG,BUKA,AWAM,KLINIK,KLINIK DESA
21-02090285,KD TANAH MERAH,TANAH MERAH,06700,KEDAH,PENDANG,BUKA,AWAM,KLINIK,KLINIK DESA
21-02100314,KD 2G TUPAI,KAMPUNG TUPAI,08200,KEDAH,SIK,BUKA,AWAM,KLINIK,KLINIK DESA
21-02100107,KD BELANTIK,KAMPUNG BELANTIK,08210,KEDAH,SIK,BUKA,AWAM,KLINIK,KLINIK DESA
21-02100097,KD BERIS JAYA,BANDAR BARU BERIS JAYA,08200,KEDAH,SIK,BUKA,AWAM,KLINIK,KLINIK DESA
21-02100131,KD CHAROK PELANDUK,KAMPUNG CHAROK PELANDUK,08200,KEDAH,SIK,BUKA,AWAM,KLINIK,KLINIK DESA
21-02100132,KD 2G CHEPIR,KAMPUNG CEPIR,08200,KEDAH,SIK,BUKA,AWAM,KLINIK,KLINIK DESA
21-02100142,KD HUJUNG BANDAR,KAMPUNG HUJUNG BANDAR,08200,KEDAH,SIK,BUKA,AWAM,KLINIK,KLINIK DESA
21-02100145,KD JENERI,KAMPUNG JENERI,08200,KEDAH,SIK,BUKA,AWAM,KLINIK,KLINIK DESA
21-02100156,KD KAMPUNG CHONG,KAMPUNG CHONG,08200,KEDAH,SIK,BUKA,AWAM,KLINIK,KLINIK DESA
21-02100196,KD KOTA AUR,KAMPUNG KOTA AUR,08210,KEDAH,SIK,BUKA,AWAM,KLINIK,KLINIK DESA
21-02100197,KD KOTA BUKIT,KAMPUNG JENERI,08200,KEDAH,SIK,BUKA,AWAM,KLINIK,KLINIK DESA
21-02100206,KD KUBANG KESUM,KAMPUNG KUBANG KESUM,08210,KEDAH,SIK,BUKA,AWAM,KLINIK,KLINIK DESA
21-02100215,KD LUBUK TUALANG,KAMPUNG LUBUK TUALANG,08200,KEDAH,SIK,BUKA,AWAM,KLINIK,KLINIK DESA
21-02100276,KD SUNGAI SENAM,KAMPUNG SUNGAI SENAM,08200,KEDAH,SIK,BUKA,AWAM,KLINIK,KLINIK DESA
21-02100284,KD TANAH HITAM,KAMPUNG TANAH HITAM,08200,KEDAH,SIK,BUKA,AWAM,KLINIK,KLINIK DESA
21-02110116,KD 2G BUKIT BESAR,BUKIT BESAR,06900,KEDAH,YAN,BUKA,AWAM,KLINIK,KLINIK DESA
21-02110167,KD KAMPUNG PAUH,KAMPUNG PAUH,06900,KEDAH,YAN,BUKA,AWAM,KLINIK,KLINIK DESA
21-02110172,KD KAMPUNG PISANG,"KAMPUNG PISANG, KOTA SARANG SEMUT",06900,KEDAH,YAN,BUKA,AWAM,KLINIK,KLINIK DESA
21-02110261,KD SIMPANG TIGA SUNGAI LIMAU,SIMPANG TIGA SUNGAI LIMAU,06900,KEDAH,YAN,BUKA,AWAM,KLINIK,KLINIK DESA
21-02110282,KD SUNGAI YAN,SUNGAI YAN,06900,KEDAH,YAN,BUKA,AWAM,KLINIK,KLINIK DESA
21-02110303,KD TEROI,"TEROI, GUAR CEMPEDAK",08800,KEDAH,YAN,BUKA,AWAM,KLINIK,KLINIK DESA
21-02120114,KD BUDI,"JALAN BUDI, MUKIM LESONG",06400,KEDAH,POKOK SENA,BUKA,AWAM,KLINIK,KLINIK DESA
21-02120120,KD BUKIT LADA,MUKIM BUKIT LADA,06400,KEDAH,POKOK SENA,BUKA,AWAM,KLINIK,KLINIK DESA
21-02120122,KD BUKIT PAYONG,"KAMPUNG BUKIT PAYUNG, JALAN NAKA MUKIM GAJAH MATI",06400,KEDAH,POKOK SENA,BUKA,AWAM,KLINIK,KLINIK DESA
21-02120117,KD DERANG,"LOT 2912, KAMPUNG KEDA",06400,KEDAH,POKOK SENA,BUKA,AWAM,KLINIK,KLINIK DESA
21-02120144,KD JABI,KAMPUNG JABI,06400,KEDAH,POKOK SENA,BUKA,AWAM,KLINIK,KLINIK DESA
21-02120192,KD KOLAM,"KAMPUNG KOLAM, MUKIM TUALANG",06400,KEDAH,POKOK SENA,BUKA,AWAM,KLINIK,KLINIK DESA
21-02010320,KKIA BALING,"LENGKOK HARUN ABDULLAH, OFF JALAN WENG",09100,KEDAH,BALING,BUKA,AWAM,KLINIK,KLINIK KESIHATAN IBU DAN ANAK
21-02040323,KKIA SUNGAI PETANI,"NO. 81, JALAN PADANG, SUNGAI PETANI",08000,KEDAH,KUALA MUDA,BUKA,AWAM,KLINIK,KLINIK KESIHATAN IBU DAN ANAK
21-02050324,KK JITRA,KLINIK KESIHATAN IBU DAN ANAK JITRA,06000,KEDAH,KUBANG PASU,BUKA,AWAM,KLINIK,KLINIK KESIHATAN
21-02080321,KK KUALA NERANG,KUALA NERANG,06300,KEDAH,PADANG TERAP,BUKA,AWAM,KLINIK,KLINIK KESIHATAN
21-02100322,KK SIK,JALAN TUANKU IBRAHIM,08200,KEDAH,SIK,BUKA,AWAM,KLINIK,KLINIK KESIHATAN
21-02110039,KK YAN,"KLINIK KESIHATAN YAN, YAN BESAR",06900,KEDAH,YAN,BUKA,AWAM,KLINIK,KLINIK KESIHATAN
21-07010019,KK BAYAN BARU,"JALAN TENGAH, BAYAN LEPAS",11950,PULAU PINANG,BARAT DAYA,BUKA,AWAM,KLINIK,KLINIK KESIHATAN
21-07010020,KK BAYAN LEPAS,"LOT 1157, MUKIM 12, JALAN DATO ISMAIL HASHIM, BAYAN LEPAS",11900,PULAU PINANG,BARAT DAYA,BUKA,AWAM,KLINIK,KLINIK KESIHATAN
21-07010043,KK TELUK BAHANG,TELUK BAHANG,11050,PULAU PINANG,BARAT DAYA,BUKA,AWAM,KLINIK,KLINIK KESIHATAN
21-07051356,KK AIR PUTIH,KLINIK KESIHATAN AIR PUTIH,11000,PULAU PINANG,BARAT DAYA,BUKA,AWAM,KLINIK,KLINIK KESIHATAN
21-0701360,KK RELAU,"KLINIK KESIHATAN RELAU, LILITAN SUNGAI ARA, RELAU",11950,PULAU PINANG,BARAT DAYA,BUKA,AWAM,KLINIK,KLINIK KESIHATAN
21-07020025,KK BUKIT PANCHOR,"LOT 1866, MUKIM 7 JALAN BUKIT PANCHOR, NIBONG TEBAL",14300,PULAU PINANG,SEBERANG PERAI SELATAN,BUKA,AWAM,KLINIK,KLINIK KESIHATAN
21-07020033,KK NIBONG TEBAL,"LOT 320, MUKIM 17, NIBONG TEBAL",14300,PULAU PINANG,SEBERANG PERAI SELATAN,BUKA,AWAM,KLINIK,KLINIK KESIHATAN
21-07020037,KK BANDAR TASIK MUTIARA,"LOT 8767 LORONG TASIK MUTIARA 19/SS2 BANDAR TASIK MUTIARA, SIMPANG AMPAT",14100,PULAU PINANG,SEBERANG PERAI SELATAN,BUKA,AWAM,KLINIK,KLINIK KESIHATAN
21-07020038,KK SUNGAI ACHEH,"LOT 1376, MUKIM 10 SUNGAI ACHEH, NIBONG TEBAL",14300,PULAU PINANG,SEBERANG PERAI SELATAN,BUKA,AWAM,KLINIK,KLINIK KESIHATAN
21-07020329,KK VALDOR,"LOT 828, MUKIM 15, JALAN 6, KAMPUNG. VALDOR, SUNGAI BAKAP",14200,PULAU PINANG,SEBERANG PERAI SELATAN,BUKA,AWAM,KLINIK,KLINIK KESIHATAN
21-07030021,KK BERAPIT,"LOT 89, BERAPIT, BUKIT MERTAJAM",14000,PULAU PINANG,SEBERANG PERAI TENGAH,BUKA,AWAM,KLINIK,KLINIK KESIHATAN
21-07030024,KK BUKIT MINYAK,"LOT 106, MUKIM 14, JALAN BUKIT MINYAK, BUKIT MERTAJAM",14000,PULAU PINANG,SEBERANG PERAI TENGAH,BUKA,AWAM,KLINIK,KLINIK KESIHATAN
21-07030035,KK PRAI,"LOT 239C, JALAN BARU, PERAI",13600,PULAU PINANG,SEBERANG PERAI TENGAH,BUKA,AWAM,KLINIK,KLINIK KESIHATAN
21-07030036,KK SEBERANG JAYA,"LOT 340, JALAN PERPUSTAKAAN, PERAI",13700,PULAU PINANG,SEBERANG PERAI TENGAH,BUKA,AWAM,KLINIK,KLINIK KESIHATAN
21-07030139,KK MACHANG BUBUK,"NO FR 30, LOT 858, MUKIM 16, PERKAMPUNGAN MACHANG BUBUK, BUKIT MERTAJAM",14020,PULAU PINANG,SEBERANG PERAI TENGAH,BUKA,AWAM,KLINIK,KLINIK KESIHATAN
21-07030082,KK PERMATANG PAUH,"PWD 662, JALAN SAMA GAGAH, PERMATANG PAUH",13500,PULAU PINANG,SEBERANG PERAI TENGAH,BUKA,AWAM,KLINIK,KLINIK KESIHATAN
21-07030335,KK BANDAR PERDA,"JALAN PERDA BARAT, BANDAR BARU PERDA, BUKIT MERTAJAM, PULAU PINANG",14000,PULAU PINANG,SEBERANG PERAI TENGAH,BUKA,AWAM,KLINIK,KLINIK KESIHATAN
21-07030331,KK BUKIT TENGAH,"LOT 765, MUKIM 11, PERMATANG BATU, BUKIT MERTAJAM",14000,PULAU PINANG,SEBERANG PERAI TENGAH,BUKA,AWAM,KLINIK,KLINIK KESIHATAN
21-07040026,KK BUTTERWORTH,"LOT 1696, SEKSYEN 4, JALAN PANTAI, BUTTERWORTH",12000,PULAU PINANG,SEBERANG PERAI UTARA,BUKA,AWAM,KLINIK,KLINIK KESIHATAN
21-07040029,KK KEPALA BATAS,"LOT 1466, MUKIM 16, JALAN TUN HAMDAN SHEIKH TAHIR, KEPALA BATAS",13200,PULAU PINANG,SEBERANG PERAI UTARA,BUKA,AWAM,KLINIK,KLINIK KESIHATAN
21-07040032,KK MAK MANDIN,"LOT 2882, SEKSYEN 3, JALAN MAK MANDIN, BUTTERWORTH",13400,PULAU PINANG,SEBERANG PERAI UTARA,BUKA,AWAM,KLINIK,KLINIK KESIHATAN
21-07040034,KK PENAGA,"LOT 3001, MUKIM 5, PENAGA",13110,PULAU PINANG,SEBERANG PERAI UTARA,BUKA,AWAM,KLINIK,KLINIK KESIHATAN
21-07040039,KK SUNGAI DUA (SPU),"LOT 2349, MUKIM 11, JALAN PENGKALAN MACHANG, SUNGAI DUA",13800,PULAU PINANG,SEBERANG PERAI UTARA,BUKA,AWAM,KLINIK,KLINIK KESIHATAN
21-07040042,KK TASEK GELUGOR,"LOT 1944, MUKIM 12, JALAN HASHIM AWANG, TASEK GELUGOR",13300,PULAU PINANG,SEBERANG PERAI UTARA,BUKA,AWAM,KLINIK,KLINIK KESIHATAN
21-07040063,KK KUALA MUDA,"LOT 1794, MUKIM 1, JKR 1041, KUALA MUDA, PENAGA",13110,PULAU PINANG,SEBERANG PERAI UTARA,BUKA,AWAM,KLINIK,KLINIK KESIHATAN
21-07050018,KK AIR ITAM,"LOT 323, SEKSYEN 3, JALAN BUKIT BENDERA, AIR ITAM",11500,PULAU PINANG,TIMUR LAUT,BUKA,AWAM,KLINIK,KLINIK KESIHATAN
21-07050022,KK BUKIT BENDERA,"STESEN ATAS, BUKIT BENDERA",11300,PULAU PINANG,TIMUR LAUT,BUKA,AWAM,KLINIK,KLINIK KESIHATAN
21-07050023,KK BUKIT JAMBUL,"BLOK D275 & D2759, TINGKAT BAWAH, TAMAN BUKIT JAMBUL, BUKIT JAMBUL",11900,PULAU PINANG,TIMUR LAUT,BUKA,AWAM,KLINIK,KLINIK KESIHATAN
21-07050027,KK JALAN MACALISTER,"LOT 1762, NO 56, JALAN MACALISTER, GEORGETOWN",10400,PULAU PINANG,TIMUR LAUT,BUKA,AWAM,KLINIK,KLINIK KESIHATAN
21-07050028,KK JALAN PERAK,"JALAN PERAK, JELUTONG",11600,PULAU PINANG,TIMUR LAUT,BUKA,AWAM,KLINIK,KLINIK KESIHATAN
21-07050031,KK LEBUH MUNTRI,"NO. 36, LEBUH MUNTRI, GEORGETOWN",10400,PULAU PINANG,TIMUR LAUT,BUKA,AWAM,KLINIK,KLINIK KESIHATAN
21-07050040,KK SUNGAI DUA (TL),"LOT 2254, JALAN SUNGAI DUA, GELUGOR",11700,PULAU PINANG,TIMUR LAUT,BUKA,AWAM,KLINIK,KLINIK KESIHATAN
21-07050041,KK TANJUNG BUNGAH,"LOT 1835, JALAN LEMBAH PERMAI, TANJUNG BUNGAH",11200,PULAU PINANG,TIMUR LAUT,BUKA,AWAM,KLINIK,KLINIK KESIHATAN
21-07050125,KK JALAN ANGSANA,"NO 8, JALAN ANGSANA, BANDAR BARU AIR ITAM, AIR ITAM",11500,PULAU PINANG,TIMUR LAUT,BUKA,AWAM,KLINIK,KLINIK KESIHATAN
21-07050330,KK GELUGOR,"LOT 392, JALAN AKUARIUM, GELUGOR",11700,PULAU PINANG,TIMUR LAUT,BUKA,AWAM,KLINIK,KLINIK KESIHATAN
21-07050332,KK UTC PULAU PINANG,"2B-2.06, UTC KOMTAR",10590,PULAU PINANG,TIMUR LAUT,BUKA,AWAM,KLINIK,KLINIK KESIHATAN
21-07010130,KKOM SUNGAI ARA,"2A-1, TINGKAT KENARI 5, TAMAN DESA RIA, SUNGAI ARA, BAYAN LEPAS",11900,PULAU PINANG,BARAT DAYA,BUKA,AWAM,KLINIK,KLINIK KOMUNITI
21-07020129,KKOM BATU KAWAN,"NO 19, LORONG CEMPAKA 1, TAMAN CEMPAKA, BATU KAWAN",14100,PULAU PINANG,SEBERANG PERAI SELATAN,BUKA,AWAM,KLINIK,KLINIK KOMUNITI
21-07020144,KKOM SIMPANG AMPAT,"NO 81, LORONG 1/SS1, BANDAR TASEK MUTIARA, SIMPANG AMPAT",14120,PULAU PINANG,SEBERANG PERAI SELATAN,BUKA,AWAM,KLINIK,KLINIK KOMUNITI
21-07030143,KKOM TAMAN PERWIRA,"NO 49, LORONG PERWIRA INDAH 1, TAMAN PERWIRA INDAH, PERMATANG TINGGI, BUKIT MERTAJAM",14000,PULAU PINANG,SEBERANG PERAI TENGAH,BUKA,AWAM,KLINIK,KLINIK KOMUNITI
21-07030147,KKOM TAMAN SERI DELIMA,"JALAN DELIMA 3, TAMAN SERI DELIMA, JURU, BUKIT MERTAJAM",14000,PULAU PINANG,SEBERANG PERAI TENGAH,BUKA,AWAM,KLINIK,KLINIK KOMUNITI
21-07040137,KKOM BANDAR PUTRA BERTAM,"NO 47, G/F & 1/F, PERSIARAN SEKSYEN 4/7, BANDAR PUTRA BERTAM, KEPALA BATAS",13200,PULAU PINANG,SEBERANG PERAI UTARA,BUKA,AWAM,KLINIK,KLINIK KOMUNITI
21-07040127,KKOM TELUK AIR TAWAR,"NO 6, KEDAI 1 TINGKAT, LORONG TELUK AIR TAWAR 14, TAMAN AIR TAWAR INDAH, BUTTERWORTH",13050,PULAU PINANG,SEBERANG PERAI UTARA,BUKA,AWAM,KLINIK,KLINIK KOMUNITI
21-07040226,KKOM PINANG TUNGGAL,"NO G-04 & G-05, WISMA LANSAIDIN, JALAN PINANG TUNGGAL, KEPALA BATAS",13210,PULAU PINANG,SEBERANG PERAI UTARA,BUKA,AWAM,KLINIK,KLINIK KOMUNITI
21-07010056,KD GERTAK SANGGOL,"LOT 1902, MUKIM 8, JALAN GERTAK SANGGOL, BAYAN LEPAS",11920,PULAU PINANG,BARAT DAYA,BUKA,AWAM,KLINIK,KLINIK DESA
21-07010059,KD KAMPUNG PERLIS,"LOT 1839, MUKIM 1, JALAN KAMPUNG PERLIS, BALIK PULAU",11020,PULAU PINANG,BARAT DAYA,BUKA,AWAM,KLINIK,KLINIK DESA
21-07010071,KD PANTAI ACHEH,"LOT 1888, MUKIM 1, JALAN PANTAI ACHEH, BALIK PULAU",11010,PULAU PINANG,BARAT DAYA,BUKA,AWAM,KLINIK,KLINIK DESA
21-07010078,KD PERMATANG DAMAR LAUT,"LOT 2652, BLOK J,MUKIM 12, PMTG DAMAR LAUT, BAYAN LEPAS",11960,PULAU PINANG,BARAT DAYA,BUKA,AWAM,KLINIK,KLINIK DESA
21-07010080,KD PERMATANG PASIR,"LOT 2200, MUKIM C, JALAN TOK WAN DON, BALIK PULAU",11000,PULAU PINANG,BARAT DAYA,BUKA,AWAM,KLINIK,KLINIK DESA
21-07010089,KD PONDOK UPEH,"LOT 2558, MUKIM 6, JALAN PONDOK UPEH, BALIK PULAU",11000,PULAU PINANG,BARAT DAYA,BUKA,AWAM,KLINIK,KLINIK DESA
21-07010092,KD SUNGAI ARA,"LOT 2529, MUKIM 12, LORONG SUNGAI ARA 1, BAYAN LEPAS",11900,PULAU PINANG,BARAT DAYA,BUKA,AWAM,KLINIK,KLINIK DESA
21-07010094,KD SUNGAI BATU,"LOT 1858, MUKIM 11, JALAN TELUK KUMBAR, BAYAN LEPAS",11920,PULAU PINANG,BARAT DAYA,BUKA,AWAM,KLINIK,KLINIK DESA
21-07010095,KD SUNGAI BURUNG,"LOT 1843, MUKIM H, JALAN SUNGAI BURUNG, BALIK PULAU",11000,PULAU PINANG,BARAT DAYA,BUKA,AWAM,KLINIK,KLINIK DESA
21-07010098,KD SUNGAI PINANG,"LOT 1842, MUKIM A, JALAN SUNGAI PINANG, BALIK PULAU",11010,PULAU PINANG,BARAT DAYA,BUKA,AWAM,KLINIK,KLINIK DESA
21-07010103,KD TELOK KUMBAR,"LOT 1838, MUKIM 9, JALAN TELOK KUMBAR, BALIK PULAU",11920,PULAU PINANG,BARAT DAYA,BUKA,AWAM,KLINIK,KLINIK DESA
21-07020050,KD BATU KAWAN,"LOT 145, MUKIM 15, JALAN PENGKALAN, SIMPANG AMPAT",14110,PULAU PINANG,SEBERANG PERAI SELATAN,BUKA,AWAM,KLINIK,KLINIK DESA
21-07020052,KD BUKIT TAMBUN,"LOT 372, MUKIM 14, JALAN BUKIT TAMBUN, SIMPANG AMPAT",14100,PULAU PINANG,SEBERANG PERAI SELATAN,BUKA,AWAM,KLINIK,KLINIK DESA
21-07020055,KD CHANGKAT,"LOT 2008, MUKIM 11, JALAN CHANGKAT, SUNGAI JAWI",14300,PULAU PINANG,SEBERANG PERAI SELATAN,BUKA,AWAM,KLINIK,KLINIK DESA
21-07020086,KD PERMATANG TOK MAHAT,"LOT 523, MUKIM 9, JALAN SEMPADAN,PERMATANG TOK MAHAT, NIBONG TEBAL",14300,PULAU PINANG,SEBERANG PERAI SELATAN,BUKA,AWAM,KLINIK,KLINIK DESA
21-07020090,KD PULAU AMAN,"LOT 49, MUKIM 16, PULAU AMAN, SIMPANG AMPAT",14100,PULAU PINANG,SEBERANG PERAI SELATAN,BUKA,AWAM,KLINIK,KLINIK DESA
21-07020093,KD SUNGAI BAKAU,"LOT 1143, MUKIM 10, SUNGAI BAKAU, NIBONG TEBAL",14320,PULAU PINANG,SEBERANG PERAI SELATAN,BUKA,AWAM,KLINIK,KLINIK DESA
21-07020096,KD SUNGAI DURI,"LOT 517, MUKIM 5, JALAN SUNGAI DURI, SUNGAI BAKAP",14200,PULAU PINANG,SEBERANG PERAI SELATAN,BUKA,AWAM,KLINIK,KLINIK DESA
21-07020100,KD TANJUNG BEREMBANG,"LOT 529, MUKIM 9, JALAN TANJUNG BEREMBANG, SUNGAI ACHEH, NIBONG TEBAL",14300,PULAU PINANG,SEBERANG PERAI SELATAN,BUKA,AWAM,KLINIK,KLINIK DESA
21-07020101,KD TASEK,"LOT 152, MUKIM 2, JALAN TASEK, SIMPANG AMPAT",14100,PULAU PINANG,SEBERANG PERAI SELATAN,BUKA,AWAM,KLINIK,KLINIK DESA
21-07020107,KD WELLESLEY,"LOT 544, MUKIM 5, KAMPUNG. WELLESLEY, SUNGAI BAKAP",14200,PULAU PINANG,SEBERANG PERAI SELATAN,BUKA,AWAM,KLINIK,KLINIK DESA
21-07030046,KD ALMA,"LOT 871, MUKIM 15, ALMA, BUKIT MERTAJAM",14000,PULAU PINANG,SEBERANG PERAI TENGAH,BUKA,AWAM,KLINIK,KLINIK DESA
21-07030051,KD BUKIT INDRA MUDA,"LOT 642, MUKIM 3, BUKIT INDRA MUDA, PENANTI, BUKIT MERTAJAM",14400,PULAU PINANG,SEBERANG PERAI TENGAH,BUKA,AWAM,KLINIK,KLINIK DESA
21-07030058,KD JURU,"JKR 2039, LOT 155, MUKIM 12, JURU, BUKIT MERTAJAM",14000,PULAU PINANG,SEBERANG PERAI TENGAH,BUKA,AWAM,KLINIK,KLINIK DESA
21-07030060,KD KAMPUNG PERTAMA,"LOT 777, MUKIM 4, JALAN PERMATANG PAUH, BUKIT MERTAJAM",13500,PULAU PINANG,SEBERANG PERAI TENGAH,BUKA,AWAM,KLINIK,KLINIK DESA
21-07030061,KD KAMPUNG SEKOLAH,"JKR 659, LOT 1195, MUKIM 12, JURU, BUKIT MERTAJAM",14000,PULAU PINANG,SEBERANG PERAI TENGAH,BUKA,AWAM,KLINIK,KLINIK DESA
21-07030064,KD KUBANG ULU,"JKR 864, PT 224/67 MUKIM 18, KUBANG ULU, BUKIT MERTAJAM",14000,PULAU PINANG,SEBERANG PERAI TENGAH,BUKA,AWAM,KLINIK,KLINIK DESA
21-07030068,KD PADANG IBU,"JKR 784, LOT 958, MUKIM 20, JALAN GUAR PERAHU, BUKIT MERTAJAM",14400,PULAU PINANG,SEBERANG PERAI TENGAH,BUKA,AWAM,KLINIK,KLINIK DESA
21-07030081,KD PERMATANG PASIR,"JKR 687, LOT 898, MUKIM 3, JALAN PERMATANG PASIR, BUKIT MERTAJAM",14000,PULAU PINANG,SEBERANG PERAI TENGAH,BUKA,AWAM,KLINIK,KLINIK DESA
21-07030083,KD PERMATANG RAWA,"JKR 828A, LOT 912, MUKIM 8, JALAN PERMATANG RAWA, BUKIT MERTAJAM",14000,PULAU PINANG,SEBERANG PERAI TENGAH,BUKA,AWAM,KLINIK,KLINIK DESA
21-07030085,KD PERMATANG TINGGI,"JKR 2210, LOT 1104, MUKIM 14, PERMATANG TINGGI, BUKIT MERTAJAM",14000,PULAU PINANG,SEBERANG PERAI TENGAH,BUKA,AWAM,KLINIK,KLINIK DESA
21-07030097,KD SUNGAI LEMBU,"LOT 548, FRU 35, MUKIM 18, SUNGAI LEMBU, BUKIT MERTAJAM",14000,PULAU PINANG,SEBERANG PERAI TENGAH,BUKA,AWAM,KLINIK,KLINIK DESA
21-07040054,KD BUMBUNG LIMA,"LOT 2, MUKIM 3, JALAN SUNGAI PETANI, KEPALA BATAS",13200,PULAU PINANG,SEBERANG PERAI UTARA,BUKA,AWAM,KLINIK,KLINIK DESA
21-07040062,KD KAMPUNG SELAMAT,"LOT 1492, MUKIM 12, JALAN KAMPUNG SELAMAT, TASEK GELUGOR",13300,PULAU PINANG,SEBERANG PERAI UTARA,BUKA,AWAM,KLINIK,KLINIK DESA
21-07040065,KD LAHAR KEPAR,"LOT 3263, MUKUM 5, JALAN LAHAR KAPAR, KEPALA BATAS",13200,PULAU PINANG,SEBERANG PERAI UTARA,BUKA,AWAM,KLINIK,KLINIK DESA
21-07040066,KD LAHAR YOOI,"LOT 3, MUKIM 11, JALAN ARA KUDA, TASEK GELUGOR",13300,PULAU PINANG,SEBERANG PERAI UTARA,BUKA,AWAM,KLINIK,KLINIK DESA
21-07040069,KD PADANG MENORA,"LOT 6, MUKIM 13, JALAN ARA KUDA, TASEK GELUGOR",13300,PULAU PINANG,SEBERANG PERAI UTARA,BUKA,AWAM,KLINIK,KLINIK DESA
21-07040070,KD PAJAK SONG,"LOT 2365, MUKIM 8, JALAN PAJAK SONG, KEPALA BATAS, KEPALA BATAS",13200,PULAU PINANG,SEBERANG PERAI UTARA,BUKA,AWAM,KLINIK,KLINIK DESA
21-07040072,KD PASIR GEBU,"LOT 212, MUKIM 1, JALAN KUALA MUDA, PENAGA",13110,PULAU PINANG,SEBERANG PERAI UTARA,BUKA,AWAM,KLINIK,KLINIK DESA
21-07040073,KD PAYA KELADI,"LOT 3, MUKIM 3, JALAN PAYA KELADI, KEPALA BATAS",13200,PULAU PINANG,SEBERANG PERAI UTARA,BUKA,AWAM,KLINIK,KLINIK DESA
21-07040075,KD PEKAN DARAT,"LOT 1766, MUKIM 7, JALAN MAKLUM, BUTTERWORTH",13800,PULAU PINANG,SEBERANG PERAI UTARA,BUKA,AWAM,KLINIK,KLINIK DESA
21-07040077,KD PERMATANG BULUH,"LOT 1614, MUKIM 10, JALAN SIMPANG PERMATANG BULUH, KEPALA BATAS",13200,PULAU PINANG,SEBERANG PERAI UTARA,BUKA,AWAM,KLINIK,KLINIK DESA
21-07040079,KD PERMATANG JANGGUS,"LOT 2121, MUKIM 2, JALAN PERMATANG JANGGUS, PENAGA",13100,PULAU PINANG,SEBERANG PERAI UTARA,BUKA,AWAM,KLINIK,KLINIK DESA
21-07040084,KD PERMATANG SINTOK,"LOT 2350, MUKIM 8, JALAN KEPALA BATAS, KEPALA BATAS",13200,PULAU PINANG,SEBERANG PERAI UTARA,BUKA,AWAM,KLINIK,KLINIK DESA
21-07040087,KD PINANG TUNGGAL,"LOT 1459, MUKIM 3, JALAN PINANG TUNGGAL, TASEK GELUGOR",13210,PULAU PINANG,SEBERANG PERAI UTARA,BUKA,AWAM,KLINIK,KLINIK DESA
21-07040088,KD POKOK SENA,"LOT 2771, MUKIM 11, JALAN POKOK SENA, KEPALA BATAS",13200,PULAU PINANG,SEBERANG PERAI UTARA,BUKA,AWAM,KLINIK,KLINIK DESA
21-07040099,KD SUNGAI PUYU,"LOT 1498, MUKIM 14, JALAN BAGAN LALANG, BUTTERWORTH",13400,PULAU PINANG,SEBERANG PERAI UTARA,BUKA,AWAM,KLINIK,KLINIK DESA
21-07040102,KD TELOK AIR TAWAR,"LOT 1768, MUKIM 7, JALAN TELOK AIR TAWAR, BUTTERWORTH",13050,PULAU PINANG,SEBERANG PERAI UTARA,BUKA,AWAM,KLINIK,KLINIK DESA
21-07040105,KD TOK BEDU,"LOT 1358, MUKIM 6, JALAN POKOK MACHANG, TASEK GELUGOR",13300,PULAU PINANG,SEBERANG PERAI UTARA,BUKA,AWAM,KLINIK,KLINIK DESA
21-07040047,KD BAGAN AJAM,"LOT 900, MUKIM 9, JALAN BAGAN, BUTTERWORTH",13000,PULAU PINANG,SEBERANG PERAI UTARA,BUKA,AWAM,KLINIK,KLINIK DESA
21-07040048,KD BAGAN DALAM,"LOT 1090, MUKIM 15, JALAN BAGAN DALAM, BUTTERWORTH",12100,PULAU PINANG,SEBERANG PERAI UTARA,BUKA,AWAM,KLINIK,KLINIK DESA
21-07050049,KD BATU FERRINGHI,"LOT 404, SEKSYEN 1, BANDAR BATU FERINGHI",12100,PULAU PINANG,TIMUR LAUT,BUKA,AWAM,KLINIK,KLINIK DESA
21-07020111,KK SUNGAI BAKAP,SUNGAI BAKAP,14200,PULAU PINANG,SEBERANG PERAI SELATAN,BUKA,AWAM,KLINIK,KLINIK KESIHATAN
21-07050110,KKIA RIFLE RANGE,"UNIT A-G-18, FLAT PADANG TEMBAK BLOK A, RUMAH PANGSA RIFLE RANGE, AYER ITAM",11500,PULAU PINANG,TIMUR LAUT,BUKA,AWAM,KLINIK,KLINIK KESIHATAN IBU DAN ANAK
21-07050112,KKIA TAMAN TUN SARDON,"UNIT A-G-9 & A-G-10 RUMAH PANGSA TAMAN TUN SARDON, GELUGOR",11700,PULAU PINANG,TIMUR LAUT,BUKA,AWAM,KLINIK,KLINIK KESIHATAN IBU DAN ANAK
21-07050113,KKIA TANJONG TOKONG,"UNIT A-G-3 & A-G-4 RUMAH PANGSA TANJONG TOKONG UDA, FASA 1 BANDAR TANJUNG PINANG",10470,PULAU PINANG,TIMUR LAUT,BUKA,AWAM,KLINIK,KLINIK KESIHATAN IBU DAN ANAK
21-08010034,KK BIDOR,"JALAN BESAR BIDOR, PEKAN BIDOR, BIDOR",35500,PERAK,BATANG PADANG,BUKA,AWAM,KLINIK,KLINIK KESIHATAN
21-08010043,KK TROLAK SELATAN,"JALAN BESAR TROLAK SELATAN, FELDA TROLAK SELATAN, SUNGKAI",35600,PERAK,BATANG PADANG,BUKA,AWAM,KLINIK,KLINIK KESIHATAN
21-08010046,KK GUNUNG BESOUT,"JALAN KLINIK, GUNUNG BESOUT, SUNGKAI",35600,PERAK,BATANG PADANG,BUKA,AWAM,KLINIK,KLINIK KESIHATAN
21-08010091,KK SUNGKAI,"JALAN PEKAN SUNGKAI, SUNGKAI",35600,PERAK,BATANG PADANG,BUKA,AWAM,KLINIK,KLINIK KESIHATAN
21-08010095,KK TAPAH,"JALAN DAMAI, TAPAH",35000,PERAK,BATANG PADANG,BUKA,AWAM,KLINIK,KLINIK KESIHATAN
21-08010328,KK TAPAH ROAD,KLINIK KESIHATAN TAPAH ROAD,35400,PERAK,BATANG PADANG,BUKA,AWAM,KLINIK,KLINIK KESIHATAN
21-08010395,KK BATU 17,"BATU 17, JALAN PAHANG, TAPAH",35000,PERAK,BATANG PADANG,BUKA,AWAM,KLINIK,KLINIK KESIHATAN
21-08020031,KK BAGAN DATOH,"PEKAN BAGAN DATOH, BAGAN DATOH",36100,PERAK,HILIR PERAK,BUKA,AWAM,KLINIK,KLINIK KESIHATAN
21-08020042,KK CHENDERONG BALAI,"CHENDERONG BALAI, CHENDERONG BALAI",36600,PERAK,HILIR PERAK,BUKA,AWAM,KLINIK,KLINIK KESIHATAN
21-08020049,KK HUTAN MELINTANG,"JALAN HUTAN MELINTANG, HILIR PERAK",36400,PERAK,HILIR PERAK,BUKA,AWAM,KLINIK,KLINIK KESIHATAN
21-08020083,KK SELEKOH,"JALAN BAGAN DATOH, SELEKOH",36100,PERAK,HILIR PERAK,BUKA,AWAM,KLINIK,KLINIK KESIHATAN
21-08020090,KK SUNGAI SUMUN,"KAMPUNG SUNGAI SUMUN, SUNGAI SUMUN",36300,PERAK,HILIR PERAK,BUKA,AWAM,KLINIK,KLINIK KESIHATAN
21-08020360,KK TELOK INTAN,"JALAN BANDAR, TELOK INTAN",36000,PERAK,HILIR PERAK,BUKA,AWAM,KLINIK,KLINIK KESIHATAN
21-08020214,KK SUNGAI TIANG,BAGAN DATOH,36100,PERAK,HILIR PERAK,BUKA,AWAM,KLINIK,KLINIK KESIHATAN
21-08030063,KK LAWIN,"JALAN LENGGONG-GERIK, LAWIN",33410,PERAK,HULU PERAK,BUKA,AWAM,KLINIK,KLINIK KESIHATAN
21-08030065,KK LENGGONG,"JALAN GERIK - LENGGONG, LENGGONG",33400,PERAK,HULU PERAK,BUKA,AWAM,KLINIK,KLINIK KESIHATAN
21-08030076,KK PENGKALAN HULU,"JALAN PENGKALAN HULU, PENGKALAN HULU",33100,PERAK,HULU PERAK,BUKA,AWAM,KLINIK,KLINIK KESIHATAN
21-08030077,KK PLANG,"JALAN GERIK-PENGKALAN HULU, KAMPUNG PLANG, GERIK",33320,PERAK,HULU PERAK,BUKA,AWAM,KLINIK,KLINIK KESIHATAN
21-08030388,KK POS KEMAR,"RANCANGAN PENEMPATAN SEMULA ORANG ASLI KEMAR, GERIK",33300,PERAK,HULU PERAK,BUKA,AWAM,KLINIK,KLINIK KESIHATAN
21-08030611,KK FELDA BERSIA,KAMPUNG FELDA BERSIA,33320,PERAK,HULU PERAK,BUKA,AWAM,KLINIK,KLINIK KESIHATAN
21-08040029,KK ALOR PONGSU,"JALAN STESEN ALOR PONGSU, ALOR PONGSU",34300,PERAK,KERIAN,BUKA,AWAM,KLINIK,KLINIK KESIHATAN
21-08040032,KK BAGAN SERAI,"JALAN TAIPING, PEKAN BAGAN SERAI, BAGAN SERAI",34300,PERAK,KERIAN,BUKA,AWAM,KLINIK,KLINIK KESIHATAN
21-08040048,KK GUNUNG SEMANGGOL,"JALAN KUBU GAJAH, SIMPANG EMPAT, GUNUNG SEMANGGOL",34400,PERAK,KERIAN,BUKA,AWAM,KLINIK,KLINIK KESIHATAN
21-08040050,KK JALAN BARU,"JALAN TANAH KEBUN, KERIAN",34250,PERAK,KERIAN,BUKA,AWAM,KLINIK,KLINIK KESIHATAN
21-08040057,KK KEDAI EMPAT,"KEDAI EMPAT, TANJUNG PIANDANG",34250,PERAK,KERIAN,BUKA,AWAM,KLINIK,KLINIK KESIHATAN
21-08040058,KK KUALA GULA,KUALA GULA,34350,PERAK,KERIAN,BUKA,AWAM,KLINIK,KLINIK KESIHATAN
21-08040059,KK KUALA KURAU,"JALAN KUALA KURAU, KUALA KURAU",34350,PERAK,KERIAN,BUKA,AWAM,KLINIK,KLINIK KESIHATAN
21-08040096,KK TELUK MEDAN,"JALAN TAIPING, KAMPUNG TELUK MEDAN, BAGAN SERAI",34300,PERAK,KERIAN,BUKA,AWAM,KLINIK,KLINIK KESIHATAN
21-08040097,KK TANJUNG PIANDANG,"JALAN PANTAI, TANJUNG PIANDANG",34250,PERAK,KERIAN,BUKA,AWAM,KLINIK,KLINIK KESIHATAN
21-08040210,KK SELINSING,"KAMPUNG SELINSING, SIMPANG AMPAT, SEMANGGOL",34400,PERAK,KERIAN,BUKA,AWAM,KLINIK,KLINIK KESIHATAN
21-08110044,KK GOPENG,"JALAN DR.RAJA NAZRIN, PEKAN GOPENG, GOPENG",31600,PERAK,KAMPAR,BUKA,AWAM,KLINIK,KLINIK KESIHATAN
21-08110052,KK KAMPAR,JALAN DEGONG,31900,PERAK,KAMPAR,BUKA,AWAM,KLINIK,KLINIK KESIHATAN
21-08110067,KK MALIM NAWAR,"JALAN MALIM NAWAR, MALAIM NAWAR",31700,PERAK,KAMPAR,BUKA,AWAM,KLINIK,KLINIK KESIHATAN
21-08110379,KK KOTA BHARU,"JALAN KOTA BHARU, GOPENG",31610,PERAK,KAMPAR,BUKA,AWAM,KLINIK,KLINIK KESIHATAN
21-08050041,KK CHEMOR,"JALAN TANAH HITAM, CHEMOR",31200,PERAK,KINTA,BUKA,AWAM,KLINIK,KLINIK KESIHATAN
21-08050045,KK GREENTOWN,"JALAN RAJA MUSA AZIZ, IPOH",30450,PERAK,KINTA,BUKA,AWAM,KLINIK,KLINIK KESIHATAN
21-08050047,KK GUNUNG RAPAT,JALAN RAJA DR. NAZRIN SHAH,31350,PERAK,KINTA,BUKA,AWAM,KLINIK,KLINIK KESIHATAN
21-08050051,KK JELAPANG,"JALAN JELAPANG, IPOH",30020,PERAK,KINTA,BUKA,AWAM,KLINIK,KLINIK KESIHATAN
21-08050054,KK KAMPUNG SIMEE,"JALAN KOMPLEKS SUKAN, IPOH",31400,PERAK,KINTA,BUKA,AWAM,KLINIK,KLINIK KESIHATAN
21-08050068,KK MANJOI,"JALAN MASJID, IPOH",30100,PERAK,KINTA,BUKA,AWAM,KLINIK,KLINIK KESIHATAN
21-08050070,KK MENGLEMBU,"JALAN MENGLEMBU TIMUR 10, IPOH",31450,PERAK,KINTA,BUKA,AWAM,KLINIK,KLINIK KESIHATAN
21-08050075,KK PASIR PINJI,"JALAN BUNGA RAYA, IPOH",31650,PERAK,KINTA,BUKA,AWAM,KLINIK,KLINIK KESIHATAN
21-08050093,KK TANJUNG RAMBUTAN,ULU KINTA,31250,PERAK,KINTA,BUKA,AWAM,KLINIK,KLINIK KESIHATAN
21-08050094,KK TANJUNG TUALANG,TANJUNG TUALANG,31800,PERAK,KINTA,BUKA,AWAM,KLINIK,KLINIK KESIHATAN
21-08050099,KK TRONOH,"JALAN BESAR, TRONOH",31750,PERAK,KINTA,BUKA,AWAM,KLINIK,KLINIK KESIHATAN
21-08050383,KK BUNTONG,"JALAN DESA RISHAH, IPOH",30100,PERAK,KINTA,BUKA,AWAM,KLINIK,KLINIK KESIHATAN
21-08050407,KK UTC IPOH,"LOT LB21 & 22 OFF JALAN DATO' ONN JAAFAR, IPOH",30300,PERAK,KINTA,BUKA,AWAM,KLINIK,KLINIK KESIHATAN
21-08060056,KK KARAI,"JALAN BESAR, KAMPUNG KARAI, ENGGOR",33600,PERAK,KUALA KANGSAR,BUKA,AWAM,KLINIK,KLINIK KESIHATAN
21-08060066,KK LINTANG,"KAMPUNG LINTANG, SUNGAI SIPUT UTARA",31110,PERAK,KUALA KANGSAR,BUKA,AWAM,KLINIK,KLINIK KESIHATAN
21-08060069,KK MANONG,"JALAN RUMAH AWAM II, KUALA KANGSAR",33800,PERAK,KUALA KANGSAR,BUKA,AWAM,KLINIK,KLINIK KESIHATAN
21-08060071,KK PADANG RENGAS,"PEKAN PADANG RENGAS, PADANG RENGAS",33700,PERAK,KUALA KANGSAR,BUKA,AWAM,KLINIK,KLINIK KESIHATAN
21-08060080,KK SAUK,"JALAN BESAR LENGGONG, KUALA KANGSAR",33500,PERAK,KUALA KANGSAR,BUKA,AWAM,KLINIK,KLINIK KESIHATAN
21-08060089,KK SUNGAI SIPUT,"JALAN IPOH, PEKAN SUNGAI SIPUT, SUNGAI SIPUT",31100,PERAK,KUALA KANGSAR,BUKA,AWAM,KLINIK,KLINIK KESIHATAN
21-08060173,KK BEKOR,"BEKOR, MANONG",33800,PERAK,KUALA KANGSAR,BUKA,AWAM,KLINIK,KLINIK KESIHATAN
21-08060612,KK KUALA KANGSAR,"JALAN SULTAN IDRIS SHAH 1, KUALA KANGSAR",33000,PERAK,KUALA KANGSAR,BUKA,AWAM,KLINIK,KLINIK KESIHATAN
21-08070033,KK BATU KURAU,"PEKAN BATU KURAU, BATU KURAU",34500,PERAK,LARUT DAN MATANG,BUKA,AWAM,KLINIK,KLINIK KESIHATAN
21-08070038,KK CHANGKAT JERING,"PEKAN CHANGKAT JERING, JALAN KUALA KANGSAR, LARUT, MATANG & SELAMA",34850,PERAK,LARUT DAN MATANG,BUKA,AWAM,KLINIK,KLINIK KESIHATAN
21-08070055,KK KAMUNTING,"JALAN EKSPO, PEKAN KAMUNTING, KAMUNTING",34600,PERAK,LARUT DAN MATANG,BUKA,AWAM,KLINIK,KLINIK KESIHATAN
21-08070060,KK KUALA SEPETANG,"KAMPUNG KUALA SEPETANG, KUALA SEPETANG",34600,PERAK,LARUT DAN MATANG,BUKA,AWAM,KLINIK,KLINIK KESIHATAN
21-08070078,KK POKOK ASSAM,"JALAN MENTERI BESAR, PEKAN POKOK ASSAM, TAIPING",34000,PERAK,LARUT DAN MATANG,BUKA,AWAM,KLINIK,KLINIK KESIHATAN
21-08070079,KK REDANG PANJANG,"JALAN BATU KURAU, IJOK",34510,PERAK,LARUT DAN MATANG,BUKA,AWAM,KLINIK,KLINIK KESIHATAN
21-08070082,KK SELAMA,"PEKAN SELAMA, LARUT, MATANG & SELAMA",34100,PERAK,LARUT DAN MATANG,BUKA,AWAM,KLINIK,KLINIK KESIHATAN
21-08070087,KK SUNGAI BAYOR,"PEKAN SUNGAI BAYOR, SELAMA",34110,PERAK,LARUT DAN MATANG,BUKA,AWAM,KLINIK,KLINIK KESIHATAN
21-08070088,KK SUNGAI KERANG,"JALAN PANTAI REMIS, TRONG, LARUT, MATANG & SELAMA",34800,PERAK,LARUT DAN MATANG,BUKA,AWAM,KLINIK,KLINIK KESIHATAN
21-08070098,KK TRONG,"TRONG, LARUT, MATANG & SELAMA",34800,PERAK,LARUT DAN MATANG,BUKA,AWAM,KLINIK,KLINIK KESIHATAN
21-08070157,KK FELDA IJOK,"FELDA IJOK, REDANG PANJANG",34120,PERAK,LARUT DAN MATANG,BUKA,AWAM,KLINIK,KLINIK KESIHATAN
21-08070384,KK TAIPING,"JALAN TUPAI, TAIPING, LARUT, MATANG & SELAMA",34000,PERAK,LARUT DAN MATANG,BUKA,AWAM,KLINIK,KLINIK KESIHATAN
21-08070417,KK SIMPANG,"JALAN KUALA KANGSAR, SIMPANG, TAIPING",34700,PERAK,LARUT DAN MATANG,BUKA,AWAM,KLINIK,KLINIK KESIHATAN
21-08080030,KK AYER TAWAR,"JALAN BESAR, PEKAN AYER TAWAR, AYER TAWAR",32400,PERAK,MANJUNG,BUKA,AWAM,KLINIK,KLINIK KESIHATAN
21-08080037,KK BRUAS,"JALAN BESAR, BRUAS, MANJUNG",32700,PERAK,MANJUNG,BUKA,AWAM,KLINIK,KLINIK KESIHATAN
21-08080039,KK CHANGKAT KRUING,"KAMPUNG CHANGKAT KRUING, CHANGKAT KRUING",32500,PERAK,MANJUNG,BUKA,AWAM,KLINIK,KLINIK KESIHATAN
21-08080064,KK LEKIR,"BATU 8, LEKIR",32020,PERAK,MANJUNG,BUKA,AWAM,KLINIK,KLINIK KESIHATAN
21-08080072,KK PULAU PANGKOR,"JALAN PASIR BOGAK, PEKAN PULAU PANGKOR, PULAU PANGKOR",32300,PERAK,MANJUNG,BUKA,AWAM,KLINIK,KLINIK KESIHATAN
21-08080073,KK PANTAI REMIS,"JALAN TANGKI AIR, KAMPUNG SUNGAI BATU, PANTAI REMIS",34900,PERAK,MANJUNG,BUKA,AWAM,KLINIK,KLINIK KESIHATAN
21-08080085,KK SITIAWAN,"JALAN DATO' AHMAD YUNUS, KAMPUNG SERDANG, SITIAWAN",32000,PERAK,MANJUNG,BUKA,AWAM,KLINIK,KLINIK KESIHATAN
21-08080267,KK PENGKALAN BARU,"KAMPUNG PENGKALAN BARU, PANTAI REMIS",34900,PERAK,MANJUNG,BUKA,AWAM,KLINIK,KLINIK KESIHATAN
21-08090036,KK BOTA KIRI,"JALAN BOTA KIRI, BOTA KIRI",32600,PERAK,PERAK TENGAH,BUKA,AWAM,KLINIK,KLINIK KESIHATAN
21-08090040,KK CHANGKAT LADA,"KAMPUNG GAJAH, PERAK TENGAH",36800,PERAK,PERAK TENGAH,BUKA,AWAM,KLINIK,KLINIK KESIHATAN
21-08090053,KK KAMPUNG GAJAH,KAMPUNG GAJAH,36800,PERAK,PERAK TENGAH,BUKA,AWAM,KLINIK,KLINIK KESIHATAN
21-08090074,KK PARIT,"JALAN PEJABAT POS, PARIT",32800,PERAK,PERAK TENGAH,BUKA,AWAM,KLINIK,KLINIK KESIHATAN
21-08090100,KK ULU DEDAP,TELUK INTAN,36000,PERAK,PERAK TENGAH,BUKA,AWAM,KLINIK,KLINIK KESIHATAN
21-08090104,KK AIR KUNING,"KAMPUNG TERSUSUN AIR KUNING, TG. TUALANG",31800,PERAK,PERAK TENGAH,BUKA,AWAM,KLINIK,KLINIK KESIHATAN
21-08090278,KK FELCRA NASARUDDIN,"FELCRA NASARUDIN, BOTA",32600,PERAK,PERAK TENGAH,BUKA,AWAM,KLINIK,KLINIK KESIHATAN
21-08090610,KK SERI ISKANDAR,SERI ISKANDAR,32610,PERAK,PERAK TENGAH,BUKA,AWAM,KLINIK,KLINIK KESIHATAN
21-08100086,KK SLIM RIVER,"JALAN INDAH, SLIM RIVER, SLIM RIVER",35800,PERAK,MUALLIM,BUKA,AWAM,KLINIK,KLINIK KESIHATAN
21-08100092,KK TANJUNG MALIM,"PEKAN TANJUNG MALIM, TANJUNG MALIM",35950,PERAK,MUALLIM,BUKA,AWAM,KLINIK,KLINIK KESIHATAN
21-08020391,KKOM TELUK INTAN,"NO.1 TAMAN MEDAN MAHARAJA, JALAN KAMPUNG BANJAR, TELUK INTAN",36000,PERAK,HILIR PERAK,BUKA,AWAM,KLINIK,KLINIK KOMUNITI
21-08020423,KKOM TAMAN SEMESTI,"NO.129, LORONG 7, TAMAN SEMESTI, BATU 8",36000,PERAK,HILIR PERAK,BUKA,AWAM,KLINIK,KLINIK KOMUNITI
21-08110404,KKOM TAMAN BANDAR BARU,"NO. 2174 (TINGKAT BAWAH) JALAN BATU KARANG, TAMAN BANDAR BARU",31900,PERAK,KAMPAR,BUKA,AWAM,KLINIK,KLINIK KOMUNITI
21-08050403,KKOM MERU RAYA,"NO.1, JALAN MERU BISTRAI A4, MEDAN MERU BISTARI",30000,PERAK,KINTA,BUKA,AWAM,KLINIK,KLINIK KOMUNITI
21-08050392,KKOM BERCHAM,"NO.6A-1 & 10, PERSIARAN MEDAN BERCHAM 7, PUSAT BANDAR BERCHAM TIMUR",31400,PERAK,KINTA,BUKA,AWAM,KLINIK,KLINIK KOMUNITI
21-08050396,KKOM STATION 18,NO. 92 MEDAN STATION 19/2 STATION 18 MENGLEMBU,31450,PERAK,KINTA,BUKA,AWAM,KLINIK,KLINIK KOMUNITI
21-08050397,KKOM KG TAWAS,"NO 2 -2A, LALUAN TAWAS DAMAI 4, ANJUNG TAWAS DAMAI",30010,PERAK,KINTA,BUKA,AWAM,KLINIK,KLINIK KOMUNITI
21-08050426,KKOM AMPANG BARU,"NO.21, JALAN AMPANG BARU 6C, PUSAT PERDAGANGAN AMPANG BARU",31400,PERAK,KINTA,BUKA,AWAM,KLINIK,KLINIK KOMUNITI
21-08060421,KKOM SUNGAI SIPUT (U),"NO. 11, PERSIARAN KOMERSIAL 2, COMMERCIAL WATERFRONT, SUNGAI SIPUT (U)",31100,PERAK,KUALA KANGSAR,BUKA,AWAM,KLINIK,KLINIK KOMUNITI
21-08070419,KKOM KAMUNTING,"NO. 15 & 17, LOT 33918 & 33919, LORONG PK3, JALAN STESYEN PERUSAHAAN KAMUNTING",34600,PERAK,LARUT DAN MATANG,BUKA,AWAM,KLINIK,KLINIK KOMUNITI
21-08070424,KKOM KURAU DAMAI,"NO.27 & 29, LORONG DAMAI 1, TAMAN KURAU DAMAI, BATU KURAU",34500,PERAK,LARUT DAN MATANG,BUKA,AWAM,KLINIK,KLINIK KOMUNITI
21-08080398,KKOM TAMAN SAMUDERA,"NO.607, TAMAN SAMUDERA JALAN DATO YU NEH HUAT, SRI MANJUNG",32040,PERAK,MANJUNG,BUKA,AWAM,KLINIK,KLINIK KOMUNITI
21-08080410,KKOM KG. ACHEH,"NO. 33, TAMAN ACHEH MAJU, MEDAN ACHEH, JALAN KAMPUNG",32000,PERAK,MANJUNG,BUKA,AWAM,KLINIK,KLINIK KOMUNITI
21-08080422,KKOM TAMAN LUMUT INDAH,"NO. 47 & 48, TAMAN LUMUT INDAH",32200,PERAK,MANJUNG,BUKA,AWAM,KLINIK,KLINIK KOMUNITI
21-08100411,KKOM BANDAR BEHRANG 2020,"NO. 17, JALAN WAWASAN DAGANGAN 4, BANDAR BEHRANG, TANJONG MALIM",35950,PERAK,MUALLIM,BUKA,AWAM,KLINIK,KLINIK KOMUNITI
21-08010108,KD AIR KUNING,"AIR KUNING, TAPAH",31920,PERAK,BATANG PADANG,BUKA,AWAM,KLINIK,KLINIK DESA
21-08010120,KD BATU 3,"TEMOH, TAPAH",35350,PERAK,BATANG PADANG,BUKA,AWAM,KLINIK,KLINIK DESA
21-08010122,KD BATU 6,"JALAN PAHANG, TAPAH",35300,PERAK,BATANG PADANG,BUKA,AWAM,KLINIK,KLINIK DESA
21-08010143,KD CHANGKAT SULAIMAN,"CHANGKAT SULAIMAN, SUNGKAI",35600,PERAK,BATANG PADANG,BUKA,AWAM,KLINIK,KLINIK DESA
21-08010147,KD CHENDERIANG,"CHENDERIANG, TAPAH",35300,PERAK,BATANG PADANG,BUKA,AWAM,KLINIK,KLINIK DESA
21-08010162,KD JERAM MENGKUANG,"JERAM MENGKUANG, BIDOR",35500,PERAK,BATANG PADANG,BUKA,AWAM,KLINIK,KLINIK DESA
21-08010172,KD BATU MELINTANG,"KAMPUNG BATU MELINTANG, TAPAH",35000,PERAK,BATANG PADANG,BUKA,AWAM,KLINIK,KLINIK DESA
21-08010177,KD KAMPUNG BIKAM,"KAMPUNG BIKAM, SUNGKAI",35600,PERAK,BATANG PADANG,BUKA,AWAM,KLINIK,KLINIK DESA
21-08010183,KD KAMPUNG GUNTUNG,"KAMPUNG GUNTUNG, SUNGKAI",35600,PERAK,BATANG PADANG,BUKA,AWAM,KLINIK,KLINIK DESA
21-08010184,KD KAMPUNG JAMBAI,"KAMPUNG JAMBAI, TAPAH",35000,PERAK,BATANG PADANG,BUKA,AWAM,KLINIK,KLINIK DESA
21-08010205,KD KAMPUNG POH,"KAMPUNG POH, BIDOR",35500,PERAK,BATANG PADANG,BUKA,AWAM,KLINIK,KLINIK DESA
21-08010218,KK TEMOH,"KAMPUNG HAJI ALI, BATANG PADANG",35350,PERAK,BATANG PADANG,BUKA,AWAM,KLINIK,KLINIK KESIHATAN
21-08010154,KD GUNUNG BESOUT,"FELDA GUNUNG BESOUT, SUNGKAI",35600,PERAK,BATANG PADANG,BUKA,AWAM,KLINIK,KLINIK DESA
21-08010306,KD SUNGAI KLAH,"FELDA SUNGAI KALAH, SUNGKAI",35600,PERAK,BATANG PADANG,BUKA,AWAM,KLINIK,KLINIK DESA
21-08010309,KD SUNGAI LESONG,"KAMPUNG SUNGAI LESONG, TAPAH",31950,PERAK,BATANG PADANG,BUKA,AWAM,KLINIK,KLINIK DESA
21-08010343,KD TEMOH PEKAN,"PEKAN TEMOH, TEMOH",35000,PERAK,BATANG PADANG,BUKA,AWAM,KLINIK,KLINIK DESA
21-08010349,KD TROLAK UTARA,"TROLAK UTARA, SUNGKAI",35600,PERAK,BATANG PADANG,BUKA,AWAM,KLINIK,KLINIK DESA
21-08020106,KD AYER ITAM,"KAMPUNG AYER ITAM, AYER ITAM, HILIR PERAK",36700,PERAK,HILIR PERAK,BUKA,AWAM,KLINIK,KLINIK DESA
21-08020112,KD BAGAN LALANG,"KAMPUNG BAGAN LALANG, HUTAN MELINTANG, HILIR PERAK",36400,PERAK,HILIR PERAK,BUKA,AWAM,KLINIK,KLINIK DESA
21-08020113,KD BAGAN PASIR LAUT,"BAGAN PASIR LAUT, SELEKOH",36200,PERAK,HILIR PERAK,BUKA,AWAM,KLINIK,KLINIK DESA
21-08020117,KD BATU 12,"BATU 12, JALAN BIDOR, LANGKAP",36700,PERAK,HILIR PERAK,BUKA,AWAM,KLINIK,KLINIK DESA
21-08020150,KD CHUI CHAK,"KAMPUNG CHUI CHAK, LANGKAP",36700,PERAK,HILIR PERAK,BUKA,AWAM,KLINIK,KLINIK DESA
21-08020165,KD BAGAN PASIR,"BATU 20, SELEKOH",36200,PERAK,HILIR PERAK,BUKA,AWAM,KLINIK,KLINIK DESA
21-08020168,KD KAMPUNG BANJAR,"KAMPUNG BANJAR, TELUK INTAN",36000,PERAK,HILIR PERAK,BUKA,AWAM,KLINIK,KLINIK DESA
21-08020178,KD CHIKUS,"CHIKUS, CHENDERUNG BALAI",36600,PERAK,HILIR PERAK,BUKA,AWAM,KLINIK,KLINIK DESA
21-08020209,KD KG SELABAK,"KAMPUNG SELABAK, JALAN DATO' MUHAMMAD, BATU 3, TELUK INTAN",36000,PERAK,HILIR PERAK,BUKA,AWAM,KLINIK,KLINIK DESA
21-08020265,KD PEKAN RABU,"KAMPUNG PEKAN RABU, CHENDERUNG BALAI",36600,PERAK,HILIR PERAK,BUKA,AWAM,KLINIK,KLINIK DESA
21-08020270,KD PERMATANG,"KAMPUNG PERMATANG, CHENDERUNG BALAI",36600,PERAK,HILIR PERAK,BUKA,AWAM,KLINIK,KLINIK DESA
21-08020284,KD RUNGKUP,"RUNGKUP, BAGAN DATOH",36100,PERAK,HILIR PERAK,BUKA,AWAM,KLINIK,KLINIK DESA
21-08020294,KD SUNGAI BALAI,"SUNGAI BALAI, BAGAN DATOH",36100,PERAK,HILIR PERAK,BUKA,AWAM,KLINIK,KLINIK DESA
21-08020300,KD SUNGAI DULANG,"KAMPUNG SUNGAI DULANG, SUNGAI SUMUN",36300,PERAK,HILIR PERAK,BUKA,AWAM,KLINIK,KLINIK DESA
21-08020308,KD SUNGAI LAMPAM,"KAMPUNG SUNGAI LAMPAM, CENDERUNG BALAI",36600,PERAK,HILIR PERAK,BUKA,AWAM,KLINIK,KLINIK DESA
21-08020310,KD SUNGAI MANILA,"FELDA SUNGAI MANILA, HUTAN MELINTANG",36400,PERAK,HILIR PERAK,BUKA,AWAM,KLINIK,KLINIK DESA
21-08020311,KD SUNGAI PERGAM,"SUNGAI PERGAM, BAGAN DATOH",36100,PERAK,HILIR PERAK,BUKA,AWAM,KLINIK,KLINIK DESA
21-08020321,KD SUNGAI TUKANG SIDIN,"SUNGAI TUKANG SIDIN, CHENDERUNG BALAI",36600,PERAK,HILIR PERAK,BUKA,AWAM,KLINIK,KLINIK DESA
21-08020322,KD SUNGAI TUNGKU,"KAMPUNG SUNGAI TUNGKU, TELUK INTAN",36000,PERAK,HILIR PERAK,BUKA,AWAM,KLINIK,KLINIK DESA
21-08020326,KD TANJUNG KERAMAT,"KAMPUNG TANJUNG KERAMAT, TANJUNG KERAMAT",36700,PERAK,HILIR PERAK,BUKA,AWAM,KLINIK,KLINIK DESA
21-08020335,KD TELUK BARU,"TELUK BARU, TELUK INTAN",36000,PERAK,HILIR PERAK,BUKA,AWAM,KLINIK,KLINIK DESA
21-08020336,KD TELUK BULUH,"KAMPUNG TELUK BULOH, HUTAN MELINTANG",36400,PERAK,HILIR PERAK,BUKA,AWAM,KLINIK,KLINIK DESA
21-08020387,KD CHANGKAT JONG,"JALAN CHANGKAT JONG, TELUK INTAN",36000,PERAK,HILIR PERAK,BUKA,AWAM,KLINIK,KLINIK DESA
21-08030103,KD AIR GANDA,"KAMPUNG GANDA TEMENGOR, GERIK, HULU PERAK",33300,PERAK,HULU PERAK,BUKA,AWAM,KLINIK,KLINIK DESA
21-08030107,KD AIR KALA,"KAMPUNG AYER KALA, LENGGONG, HULU PERAK",33420,PERAK,HULU PERAK,BUKA,AWAM,KLINIK,KLINIK DESA
21-08030109,KD AIR PANAS,"KAMPUNG AYER PANAS, GERIK",33300,PERAK,HULU PERAK,BUKA,AWAM,KLINIK,KLINIK DESA
21-08030138,KD BUKIT SAPI,"BUKIT SAPI, LENGGONG",33400,PERAK,HULU PERAK,BUKA,AWAM,KLINIK,KLINIK DESA
21-08030149,KD CHEPOR,"KAMPUNG CHEPOR, LENGGONG",33400,PERAK,HULU PERAK,BUKA,AWAM,KLINIK,KLINIK DESA
21-08030153,KD PAPULUT,"FELDA PAPULUT, LAWIN",33419,PERAK,HULU PERAK,BUKA,AWAM,KLINIK,KLINIK DESA
21-08030175,KD BENG,"KAMPUNG BENG, LENGGONG",33400,PERAK,HULU PERAK,BUKA,AWAM,KLINIK,KLINIK DESA
21-08030182,KD GELOK,"KAMPUNG GELOK, LENGGONG",33400,PERAK,HULU PERAK,BUKA,AWAM,KLINIK,KLINIK DESA
21-08030195,KD KOTA TAMPAN,"KAMPUNG KOTA TAMPAN, LENGGONG",33400,PERAK,HULU PERAK,BUKA,AWAM,KLINIK,KLINIK DESA
21-08030216,KD KAMPUNG TASEK,"KAMPUNG TASEK, PENGKALAN HULU",33100,PERAK,HULU PERAK,BUKA,AWAM,KLINIK,KLINIK DESA
21-08030222,KD KELIAN INTAN,"KAMPUNG KELIAN INTAN, PENGKALAN HULU",33100,PERAK,HULU PERAK,BUKA,AWAM,KLINIK,KLINIK DESA
21-08030223,KD KERUNAI,"KAMPUNG KERUNAI, GERIK",33300,PERAK,HULU PERAK,BUKA,AWAM,KLINIK,KLINIK DESA
21-08030227,KD KUAK,"PEKAN KUAK, LENGGONG",33400,PERAK,HULU PERAK,BUKA,AWAM,KLINIK,KLINIK DESA
21-08030228,KD KUAK LUAR,"KAMPUNG KUAK LUAR, PENGKALAN HULU",33100,PERAK,HULU PERAK,BUKA,AWAM,KLINIK,KLINIK DESA
21-08030229,KD KUALA KENERING,"KUALA KENERING, LAWIN",33410,PERAK,HULU PERAK,BUKA,AWAM,KLINIK,KLINIK DESA
21-08030230,KD KUALA RUI,"KAMPUNG KUALA RUI, GERIK",33300,PERAK,HULU PERAK,BUKA,AWAM,KLINIK,KLINIK DESA
21-08030239,KD LEPANG NENERING,"FELDA LEPANG NERERING, PENGKALAN HULU",33100,PERAK,HULU PERAK,BUKA,AWAM,KLINIK,KLINIK DESA
21-08030241,KD LUAT,"KAMPUNG LUAT, LENGGONG",33400,PERAK,HULU PERAK,BUKA,AWAM,KLINIK,KLINIK DESA
21-08030250,KD PAHIT LUAR,"KAMPUNG PAHIT LUAR, GERIK",33300,PERAK,HULU PERAK,BUKA,AWAM,KLINIK,KLINIK DESA
21-08030292,KD SUMPITAN,"KAMPUNG SUMPITAN, LENGGONG",33400,PERAK,HULU PERAK,BUKA,AWAM,KLINIK,KLINIK DESA
21-08030329,KD TAWAI,"KAMPUNG TAWAI, GERIK",33300,PERAK,HULU PERAK,BUKA,AWAM,KLINIK,KLINIK DESA
21-08030380,KD BANDARIANG,"BANDARIANG, GERIK, HULU PERAK",33300,PERAK,HULU PERAK,BUKA,AWAM,KLINIK,KLINIK DESA
21-08040114,KD BAGAN TIANG,"BAGAN TIANG, TANJUNG PIANDANG",34250,PERAK,KERIAN,BUKA,AWAM,KLINIK,KLINIK DESA
21-08040115,KD BALIK BUKIT SEMANGGOL,"JALAN KERIAN, GUNUNG SEMANGGOL",34400,PERAK,KERIAN,BUKA,AWAM,KLINIK,KLINIK DESA
21-08040136,KD BUKIT MERAH,"BUKIT MERAH, GUNUNG SEMANGGOL",34400,PERAK,KERIAN,BUKA,AWAM,KLINIK,KLINIK DESA
21-08040142,KD CHANGKAT LOBAK,"CHANGKAT LOBAK, ALOR PONGSU",34300,PERAK,KERIAN,BUKA,AWAM,KLINIK,KLINIK DESA
21-08040158,KD JALAN GULA,"JALAN GULA, SIMPANG AMPAT, SEMANGGOL",34400,PERAK,KERIAN,BUKA,AWAM,KLINIK,KLINIK DESA
21-08040181,KD KAMPUNG DEW,"KAMPUNG DEW, SIMPANG AMPAT SEMANGGOL",34400,PERAK,KERIAN,BUKA,AWAM,KLINIK,KLINIK DESA
21-08040221,KD KEDAI DUA,"KEDAI DUA, KUALA KURAU",34350,PERAK,KERIAN,BUKA,AWAM,KLINIK,KLINIK DESA
21-08040246,KD NIBONG HANGUS,"KAMPUNG NIBONG HANGUS, KUALA KURAU",34350,PERAK,KERIAN,BUKA,AWAM,KLINIK,KLINIK DESA
21-08040254,KD PARIT HJ. ALI,"KAMPUNG PARIT HAJI ALI, BAGAN SERAI",34300,PERAK,KERIAN,BUKA,AWAM,KLINIK,KLINIK DESA
21-08040255,KD PARIT JAWA ATAS,JALAN BARU,34300,PERAK,KERIAN,BUKA,AWAM,KLINIK,KLINIK DESA
21-08040256,KD PARIT TOK HIN,"PARIT TOK HIN, TANJUNG PIANDANG",34250,PERAK,KERIAN,BUKA,AWAM,KLINIK,KLINIK DESA
21-08040189,KD KAMPUNG KEDAH (BAGAN SERAI),"BAGAN SERAI, PARIT BUNTAR",34200,PERAK,KERIAN,BUKA,AWAM,KLINIK,KLINIK DESA
21-08040298,KD SUNGAI BARU,"KAMPUNG SUNGAI BHARU, TANJUNG PIANDANG",34250,PERAK,KERIAN,BUKA,AWAM,KLINIK,KLINIK DESA
21-08040307,KD SUNGAI LABU,"JKR 1061, KAMPUNG SUNGAI LABU, TANJUNG PIANDANG",34250,PERAK,KERIAN,BUKA,AWAM,KLINIK,KLINIK DESA
21-08040313,KD SUNGAI PROTAN,"KAMPUNG SUNGAI PROTAN, SIMPANG AMPAT, SEMANGGOL",34400,PERAK,KERIAN,BUKA,AWAM,KLINIK,KLINIK DESA
21-08040331,KD TEBOK MATAU,"TEBOK MATAU, GUNONG SEMANGGOL",34400,PERAK,KERIAN,BUKA,AWAM,KLINIK,KLINIK DESA
21-08040332,KD TEBUK PANCHOR,"TEBUK PANCHOR, GUNUNG SEMANGGOL",34400,PERAK,KERIAN,BUKA,AWAM,KLINIK,KLINIK DESA
21-08040346,KD TITI SERONG,PARIT BUNTAR,34200,PERAK,KERIAN,BUKA,AWAM,KLINIK,KLINIK DESA
21-08110187,KD JERAM,"KAMPUNG JERAM, KAMPAR",31900,PERAK,KAMPAR,BUKA,AWAM,KLINIK,KLINIK DESA
21-08110208,KD KAMPUNG SAHOM,"KAMPUNG SAHOM, MALIM NAWAR",31700,PERAK,KAMPAR,BUKA,AWAM,KLINIK,KLINIK DESA
21-08110243,KD MAMBANG DI AWAN,"PEKAN MAMBANG DI AWAN, KAMPAR",31900,PERAK,KAMPAR,BUKA,AWAM,KLINIK,KLINIK DESA
21-08110304,KD SUNGAI ITEK,"KAMPUNG SUNGAI ITEK, GOPENG",31600,PERAK,KAMPAR,BUKA,AWAM,KLINIK,KLINIK DESA
21-08050129,KD BEMBAN,"JALAN BEMBAN, BATU GAJAH",31000,PERAK,KINTA,BUKA,AWAM,KLINIK,KLINIK DESA
21-08050144,KD CHANGKAT TIN,TANJUNG TUALANG,31800,PERAK,KINTA,BUKA,AWAM,KLINIK,KLINIK DESA
21-08050148,KD CHENDRONG,"JALAN TANJUNG TUALANG, BATU GAJAH",31800,PERAK,KINTA,BUKA,AWAM,KLINIK,KLINIK DESA
21-08050211,KD KAMPUNG SERI RAHMAT,"NO. 5736, KAMPUNG TERSUSUN SERI RAHMAT, BATU GAJAH",31000,PERAK,KINTA,BUKA,AWAM,KLINIK,KLINIK DESA
21-08050219,KD ULU CHEPOR,"KAMPUNG ULU CHEPOR, BATU 9",31200,PERAK,KINTA,BUKA,AWAM,KLINIK,KLINIK DESA
21-08050290,KD SIPUTEH,"SIPUTEH, TRONOH",31750,PERAK,KINTA,BUKA,AWAM,KLINIK,KLINIK DESA
21-08050320,KD SUNGAI TERAP,BATU GAJAH,31000,PERAK,KINTA,BUKA,AWAM,KLINIK,KLINIK DESA
21-08050323,KD TAMBUN,ULU KINTA,31250,PERAK,KINTA,BUKA,AWAM,KLINIK,KLINIK DESA
21-08050351,KD ULU CHEMOR,"JALAN ULU CHEMOR, CHEMOR",31200,PERAK,KINTA,BUKA,AWAM,KLINIK,KLINIK DESA
21-08060145,KD CHEGAR GALAH,"CHEGAR GALAH, SAUK",33500,PERAK,KUALA KANGSAR,BUKA,AWAM,KLINIK,KLINIK DESA
21-08060160,KD JALONG,"KAMPUNG JALONG, SUNGAI SIPUT",31100,PERAK,KUALA KANGSAR,BUKA,AWAM,KLINIK,KLINIK DESA
21-08060163,KD JERLUN,"KAMPUNG JERLUN, KUALA KANGSAR",33000,PERAK,KUALA KANGSAR,BUKA,AWAM,KLINIK,KLINIK DESA
21-08060174,KD BELURU,"KAMPUNG BELURU, ENGGOR",33600,PERAK,KUALA KANGSAR,BUKA,AWAM,KLINIK,KLINIK DESA
21-08060185,KD JAMUAN,"KAMPUNG JAMUAN, KUALA KANGSAR",33000,PERAK,KUALA KANGSAR,BUKA,AWAM,KLINIK,KLINIK DESA
21-08060192,KD KENANG,"KAMPUNG KENANG, SUNGAI SIPUT",31100,PERAK,KUALA KANGSAR,BUKA,AWAM,KLINIK,KLINIK DESA
21-08060198,KD MENORA,KAMPUNG MENORA,33000,PERAK,KUALA KANGSAR,BUKA,AWAM,KLINIK,KLINIK DESA
21-08060215,KD TALANG,KAMPUNG TALANG,33000,PERAK,KUALA KANGSAR,BUKA,AWAM,KLINIK,KLINIK DESA
21-08060224,KD KOTA LAMA KANAN,"KOTA LAMA KANAN, KARAI",33040,PERAK,KUALA KANGSAR,BUKA,AWAM,KLINIK,KLINIK DESA
21-08060236,KD FELDA LASAH,"LASAH, SUNGAI SIPUT",31100,PERAK,KUALA KANGSAR,BUKA,AWAM,KLINIK,KLINIK DESA
21-08060242,KD LUBOK MERBAU,"KAMPUNG LUBOK MERBAU, LUBUK MERBAU",33010,PERAK,KUALA KANGSAR,BUKA,AWAM,KLINIK,KLINIK DESA
21-08060283,KD RIMBA PANJANG,"KAMPUNG BARU RIMBA PANJANG, SUNGAI SIPUT UTARA",31100,PERAK,KUALA KANGSAR,BUKA,AWAM,KLINIK,KLINIK DESA
21-08060285,KD SALAK BARU,"SALAK BARU, KARAI",33600,PERAK,KUALA KANGSAR,BUKA,AWAM,KLINIK,KLINIK DESA
21-08060286,KD SAYONG,KAMPUNG SAYONG,33000,PERAK,KUALA KANGSAR,BUKA,AWAM,KLINIK,KLINIK DESA
21-08060344,KD TEMONG HULU,"TEMONG HULU, KATI",33020,PERAK,KUALA KANGSAR,BUKA,AWAM,KLINIK,KLINIK DESA
21-08060350,KD TROSOR,"KAMPUNG TROSOR, SUNGAI SIPUT",31100,PERAK,KUALA KANGSAR,BUKA,AWAM,KLINIK,KLINIK DESA
21-08060352,KD ULU KENAS,"KAMPUNG ULU KENAS, MANONG",33800,PERAK,KUALA KANGSAR,BUKA,AWAM,KLINIK,KLINIK DESA
21-08060386,KD BAWONG,"JALAN LASAH, SUNGAI. SIPUT (U)",31100,PERAK,KUALA KANGSAR,BUKA,AWAM,KLINIK,KLINIK DESA
21-08070105,KD ANAK KURAU,"KAMPUNG ANAK KURAU, BATU KURAU",34500,PERAK,LARUT DAN MATANG,BUKA,AWAM,KLINIK,KLINIK DESA
21-08070133,KD BUKIT BERTAM,"BUKIT BERTAM, SUNGAI BAYOR",34110,PERAK,LARUT DAN MATANG,BUKA,AWAM,KLINIK,KLINIK DESA
21-08070140,KD CHANGKAT IBOL,"KAMPUNG CHANGKAT IBOL, CHANGKAT JERING",34850,PERAK,LARUT DAN MATANG,BUKA,AWAM,KLINIK,KLINIK DESA
21-08070141,KD CHANGKAT LARAH,"KAMPUNG CHANGKAT LARAH, TAIPING",34600,PERAK,LARUT DAN MATANG,BUKA,AWAM,KLINIK,KLINIK DESA
21-08070146,KD KG CHEH,"KAMPUNG CHEH, CHANGKAT JERING",34850,PERAK,LARUT DAN MATANG,BUKA,AWAM,KLINIK,KLINIK DESA
21-08070156,KD HUJUNG MATANG,"KAMPUNG HUJUNG MATANG, KUALA SEPETANG",34750,PERAK,LARUT DAN MATANG,BUKA,AWAM,KLINIK,KLINIK DESA
21-08070161,KD JELAI,"KAMPUNG JELAI, BATU KURAU",34520,PERAK,LARUT DAN MATANG,BUKA,AWAM,KLINIK,KLINIK DESA
21-08070197,KD KAMPUNG MASJID,"KAMPUNG MESJID, REDANG PANJANG",34510,PERAK,LARUT DAN MATANG,BUKA,AWAM,KLINIK,KLINIK DESA
21-08070202,KD KAMPUNG PERAK BATU KURAU,"KAMPUNG PERAK BATU KURAU, BATU KURAU",34500,PERAK,LARUT DAN MATANG,BUKA,AWAM,KLINIK,KLINIK DESA
21-08070204,KD KAMPUNG PINANG,"KAMPUNG PINANG, KAMUNTING",34600,PERAK,LARUT DAN MATANG,BUKA,AWAM,KLINIK,KLINIK DESA
21-08070207,KD KAMPUNG REPOH,"KAMPUNG REPOH, BATU KURAU",34500,PERAK,LARUT DAN MATANG,BUKA,AWAM,KLINIK,KLINIK DESA
21-08070233,KD KUBU GAJAH,"PEKAN KUBU GAJAH, SELAMA",34100,PERAK,LARUT DAN MATANG,BUKA,AWAM,KLINIK,KLINIK DESA
21-08070271,KD PERMATANG RAJA,"KAMPUNG PERMATANG RAJA, SUNGAI KERANG",34900,PERAK,LARUT DAN MATANG,BUKA,AWAM,KLINIK,KLINIK DESA
21-08070280,KD RANTAU PANJANG,"RANTAU PANJANG, SELAMA",34100,PERAK,LARUT DAN MATANG,BUKA,AWAM,KLINIK,KLINIK DESA
21-08070293,KD SUNGAI ARA,"KAMPUNG SUNGAI ARA, BATU KURAU",34520,PERAK,LARUT DAN MATANG,BUKA,AWAM,KLINIK,KLINIK DESA
21-08080119,KD AIR TAWAR BATU 16,"BATU 16, AYER TAWAR",32400,PERAK,MANJUNG,BUKA,AWAM,KLINIK,KLINIK DESA
21-08080124,KD BATU 8 SEGARI,"KAMPUNG BATU 8 SEGARI, LUMUT",32300,PERAK,MANJUNG,BUKA,AWAM,KLINIK,KLINIK DESA
21-08080169,KD KAMPUNG BANJAR,"KAMPUNG BANJAR, BRUAS",32700,PERAK,MANJUNG,BUKA,AWAM,KLINIK,KLINIK DESA
21-08080170,KD KAMPUNG BARU,"KAMPUNG BARU, SITIAWAN",32000,PERAK,MANJUNG,BUKA,AWAM,KLINIK,KLINIK DESA
21-08080171,KD BATU 10 LEKIR,"BATU 10, LEKIR",32020,PERAK,MANJUNG,BUKA,AWAM,KLINIK,KLINIK DESA
21-08080179,KD KAMPUNG DATO' SRI KAMARUDDIN,"KAMPUNG DATO' SRI KAMARUDIN, SERI MANJUNG",32040,PERAK,MANJUNG,BUKA,AWAM,KLINIK,KLINIK DESA
21-08080180,KD KAMPUNG DENDANG,"KAMPUNG DENDANG, BRUAS",32700,PERAK,MANJUNG,BUKA,AWAM,KLINIK,KLINIK DESA
21-08080188,KD KAMPUNG KAYAN,"KAMPUNG KAYAN, LEKIR",32020,PERAK,MANJUNG,BUKA,AWAM,KLINIK,KLINIK DESA
21-08080191,KD KAMPUNG KEDAH,"KAMPUNG KEDAH, BRUAS",32700,PERAK,MANJUNG,BUKA,AWAM,KLINIK,KLINIK DESA
21-08080193,KD KAMPUNG KOH,"KAMPUNG KOH, SITIAWAN",32000,PERAK,MANJUNG,BUKA,AWAM,KLINIK,KLINIK DESA
21-08080199,KD PADANG SERAI,"PADANG SERAI, PANTAI REMIS",34900,PERAK,MANJUNG,BUKA,AWAM,KLINIK,KLINIK DESA
21-08080200,KD KAMPUNG PANCHOR,"KAMPUNG PANCHOR, PANTAI REMIS",34900,PERAK,MANJUNG,BUKA,AWAM,KLINIK,KLINIK DESA
21-08080206,KD KAMPUNG RAJA HITAM,"KAMPUNG RAJA HITAM, AIR TAWAR",32400,PERAK,MANJUNG,BUKA,AWAM,KLINIK,KLINIK DESA
21-08080213,KD KAMPUNG SITIAWAN,KAMPUNG SITIAWAN,32000,PERAK,MANJUNG,BUKA,AWAM,KLINIK,KLINIK DESA
21-08080217,KD KAMPUNG TELOK KECIL,"KAMPUNG TELOK KECIL, PANGKOR",32300,PERAK,MANJUNG,BUKA,AWAM,KLINIK,KLINIK DESA
21-08080262,KD PASIR PANJANG LAUT,"KAMPUNG PASIR PANJANG LAUT, SETIAWAN",32000,PERAK,MANJUNG,BUKA,AWAM,KLINIK,KLINIK DESA
21-08080264,KD PEKAN GURNEY,"KAMPUNG PEKAN GURNEY, SITIAWAN",32000,PERAK,MANJUNG,BUKA,AWAM,KLINIK,KLINIK DESA
21-08080312,KD SUNGAI PINANG KECIL,"SUNGAI PINANG KECIL, PANGKOR",32300,PERAK,MANJUNG,BUKA,AWAM,KLINIK,KLINIK DESA
21-08080333,KD TELAGA NENAS,"CHANGKAT KRUING, AIR TAWAR",32400,PERAK,MANJUNG,BUKA,AWAM,KLINIK,KLINIK DESA
21-08080381,KD BATU 3 SEGARI,"BATU 3 SEGARI, LUMUT",32300,PERAK,MANJUNG,BUKA,AWAM,KLINIK,KLINIK DESA
21-08090128,KD BELANJA KIRI,"KAMPUNG BELANJA KIRI, PARIT",32800,PERAK,PERAK TENGAH,BUKA,AWAM,KLINIK,KLINIK DESA
21-08090132,KD BOTA KANAN,"BOTA KANAN, BOTA",32600,PERAK,PERAK TENGAH,BUKA,AWAM,KLINIK,KLINIK DESA
21-08090134,KD BUKIT CHUPAK,"BUKIT CHUPAK, PARIT",32800,PERAK,PERAK TENGAH,BUKA,AWAM,KLINIK,KLINIK DESA
21-08090139,KD BULUH AKAR,"BULUH AKAR, PARIT",32800,PERAK,PERAK TENGAH,BUKA,AWAM,KLINIK,KLINIK DESA
21-08090226,KD KOTA SETIA,"MUKIM KOTA SETIA, TELUK INTAN",36000,PERAK,PERAK TENGAH,BUKA,AWAM,KLINIK,KLINIK DESA
21-08090234,KD LAMBOR KANAN,KAMPUNG LAMBOR KANAN,32900,PERAK,PERAK TENGAH,BUKA,AWAM,KLINIK,KLINIK DESA
21-08090237,KD LAYANG-LAYANG KANAN,"KAMPUNG BARU, PARIT",32800,PERAK,PERAK TENGAH,BUKA,AWAM,KLINIK,KLINIK DESA
21-08090238,KD LAYANG-LAYANG KIRI,"KAMPUNG SELAT LAYANG-LAYANG KIRI, PARIT",32800,PERAK,PERAK TENGAH,BUKA,AWAM,KLINIK,KLINIK DESA
21-08090247,KD PADANG CHANGKAT,"PADANG CHANGKAT, BOTA",32600,PERAK,PERAK TENGAH,BUKA,AWAM,KLINIK,KLINIK DESA
21-08090258,KD PASIR GAJAH,"KAMPUNG PASIR GAJAH, PARIT",32800,PERAK,PERAK TENGAH,BUKA,AWAM,KLINIK,KLINIK DESA
21-08090275,KD PULAU BESAR,KAMPUNG GAJAH,36800,PERAK,PERAK TENGAH,BUKA,AWAM,KLINIK,KLINIK DESA
21-08090276,KD PULAU TIGA KANAN,"KAMPUNG PULAU TIGA KANAN, KAMPUNG GAJAH",36800,PERAK,PERAK TENGAH,BUKA,AWAM,KLINIK,KLINIK DESA
21-08090277,KD PULAU TIGA KIRI,"PULAU TIGA KIRI, KAMPUNG GAJAH",36800,PERAK,PERAK TENGAH,BUKA,AWAM,KLINIK,KLINIK DESA
21-08090287,KD SELAT PULAU,"NO. 153, JALAN SELAT PULAU, KAMPUNG GAJAH",36800,PERAK,PERAK TENGAH,BUKA,AWAM,KLINIK,KLINIK DESA
21-08090302,KD SUNGAI GALAH,"SUNGAI GALAH, KAMPUNG GAJAH",31800,PERAK,PERAK TENGAH,BUKA,AWAM,KLINIK,KLINIK DESA
21-08090305,KD SUNGAI JEJAWI,"SUNGAI JEJAWI, TELUK INTAN",36000,PERAK,PERAK TENGAH,BUKA,AWAM,KLINIK,KLINIK DESA
21-08090315,KD SUNGAI RANGGAM,"KAMPUNG SUNGAI RANGGAM, MUKIM KOTA SETIA, TELUK INTAN",36000,PERAK,PERAK TENGAH,BUKA,AWAM,KLINIK,KLINIK DESA
21-08090324,KD TANJUNG BELANJA,"TANJUNG BELANJA, PARIT",32800,PERAK,PERAK TENGAH,BUKA,AWAM,KLINIK,KLINIK DESA
21-08090338,KD TELUK KEPAYANG,"KAMPUNG TELUK KEPAYANG, LAMBOR KANAN",32900,PERAK,PERAK TENGAH,BUKA,AWAM,KLINIK,KLINIK DESA
21-08090341,KD TELOK SENA,"KAMPUNG TELUK SENA, LAMBOR KANAN",32900,PERAK,PERAK TENGAH,BUKA,AWAM,KLINIK,KLINIK DESA
21-08090345,KD TEPUS,"KAMPUNG TEPUS, PARIT",32800,PERAK,PERAK TENGAH,BUKA,AWAM,KLINIK,KLINIK DESA
21-08100201,KD KAMPUNG PASIR,"KAMPUNG PASIR, SLIM RIVER",35800,PERAK,MUALLIM,BUKA,AWAM,KLINIK,KLINIK DESA
21-08100291,KD SLIM VILLAGE,"SLIM VILLAGE, SLIM RIVER",35800,PERAK,MUALLIM,BUKA,AWAM,KLINIK,KLINIK DESA
21-08100282,KD RASAU,"KAMPUNG RASAU, SLIM RIVER",35800,PERAK,MUALLIM,BUKA,AWAM,KLINIK,KLINIK DESA
21-08100186,KD KAMPUNG JAYA,"KAMPUNG JAYA, KUALA SLIM, SLIM RIVER",35800,PERAK,MUALLIM,BUKA,AWAM,KLINIK,KLINIK DESA
21-08100279,KD R.P.GUNUNG BESOUT 4,"R.P GUNUNG BESOUT 4, BATANG PADANG",35600,PERAK,BATANG PADANG,BUKA,AWAM,KLINIK,KLINIK DESA
21-08100159,KD JALAN KETOYONG,"JALAN KETOYONG, TANJUNG MALIM",35900,PERAK,MUALLIM,BUKA,AWAM,KLINIK,KLINIK DESA
21-08100126,KD BEHRANG ULU,BEHRANG HULU,35950,PERAK,MUALLIM,BUKA,AWAM,KLINIK,KLINIK DESA
21-08100295,KD SUNGAI BEHRANG (FELDA),"FELDA SUNGAI BEHRANG, TANJUNG MALIM",35950,PERAK,MUALLIM,BUKA,AWAM,KLINIK,KLINIK DESA
21-08020361,KKIA TELOK INTAN,"JALAN MAHARAJALELA, TELUK INTAN",36000,PERAK,HILIR PERAK,BUKA,AWAM,KLINIK,KLINIK KESIHATAN IBU DAN ANAK
21-08030354,KKIA GERIK,"JALAN INTAN, GERIK",33300,PERAK,HULU PERAK,BUKA,AWAM,KLINIK,KLINIK KESIHATAN IBU DAN ANAK
21-08040357,KKIA PARIT BUNTAR,"JALAN SEKOLAH, PARIT BUNTAR",34200,PERAK,KERIAN,BUKA,AWAM,KLINIK,KLINIK KESIHATAN IBU DAN ANAK
21-08050355,KKIA BATU GAJAH,"JALAN CHANGKAT, BATU GAJAH",31000,PERAK,KINTA,BUKA,AWAM,KLINIK,KLINIK KESIHATAN IBU DAN ANAK
21-08050131,KKIA GREENTOWN,"JALAN RAJA MUSA AZIZ, IPOH",30450,PERAK,KINTA,BUKA,AWAM,KLINIK,KLINIK KESIHATAN IBU DAN ANAK
21-08050362,KKIA ULU KINTA,"KEM PASUKAN GERAKAN AM, ULU KINTA",31150,PERAK,KINTA,BUKA,AWAM,KLINIK,KLINIK KESIHATAN IBU DAN ANAK
21-08050289,KKIA SIMPANG PULAI,KAMPUNG KEPAYANG,31300,PERAK,KINTA,BUKA,AWAM,KLINIK,KLINIK KESIHATAN IBU DAN ANAK
21-08050358,KKIA PUSING,"8A, JALAN SEROJA, TAMAN PUSING BARU, PUSING",31550,PERAK,KINTA,BUKA,AWAM,KLINIK,KLINIK KESIHATAN IBU DAN ANAK
21-10010026,KK AU2,"JALAN AU2, TAMAN SERI KERAMAT, KUALA LUMPUR",54200,SELANGOR,GOMBAK,BUKA,AWAM,KLINIK,KLINIK KESIHATAN
21-10010030,KK BATU ARANG,"JKR G/1325, BATU ARANG",48100,SELANGOR,GOMBAK,BUKA,AWAM,KLINIK,KLINIK KESIHATAN
21-10010204,KK GOMBAK SETIA,"JKR G/922 JALAN. SEKOLAH, GOMBAK",53000,SELANGOR,GOMBAK,BUKA,AWAM,KLINIK,KLINIK KESIHATAN
21-10010046,KK KUANG,"BATU 20, KUANG, RAWANG",48050,SELANGOR,GOMBAK,BUKA,AWAM,KLINIK,KLINIK KESIHATAN
21-10010055,KK RAWANG,"TAMAN RAWANG PERDANA, RAWANG",48000,SELANGOR,GOMBAK,BUKA,AWAM,KLINIK,KLINIK KESIHATAN
21-10010059,KK SELAYANG BARU,"JALAN SUNGAI. TUA MUKIM BATU, BATU CAVES",68100,SELANGOR,GOMBAK,BUKA,AWAM,KLINIK,KLINIK KESIHATAN
21-10010068,KK SUNGAI BULOH,"LOT, 1853, KAMPUNG MELAYU SUNGAIBULOH, SUNGAI BULOH",47000,SELANGOR,GOMBAK,BUKA,AWAM,KLINIK,KLINIK KESIHATAN
21-10010071,KK TAMAN EHSAN,"JALAN. E4/16 TAMAN EHSAN, KEPONG",51000,SELANGOR,GOMBAK,BUKA,AWAM,KLINIK,KLINIK KESIHATAN
21-10010109,KK BATU 8 GOMBAK,"BATU 8, JALAN GOMBAK UTARA, GOMBAK",53000,SELANGOR,GOMBAK,BUKA,AWAM,KLINIK,KLINIK KESIHATAN
21-10010110,KK HULU KELANG,"JALAN DATOK ABU SAMAH KAMPUNG PASIR, AMPANG",68000,SELANGOR,GOMBAK,BUKA,AWAM,KLINIK,KLINIK KESIHATAN
21-10020025,KK AMPANG,"JALAN MEWAH 3, PEKAN AMPANG",68000,SELANGOR,HULU LANGAT,BUKA,AWAM,KLINIK,KLINIK KESIHATAN
21-10020220,KK BANDAR BARU BANGI,"JALAN PERSIARAN 3, SEKSYEN 3, BANDAR BARU BANGI",43650,SELANGOR,HULU LANGAT,BUKA,AWAM,KLINIK,KLINIK KESIHATAN
21-10020247,KK BANDAR SERI PUTRA,"JALAN SERI PUTRA, BANDAR SERI PUTRA BANGI, KAJANG",43000,SELANGOR,HULU LANGAT,BUKA,AWAM,KLINIK,KLINIK KESIHATAN
21-10020035,KK BATU 14,"BATU 13 3/4, HULU LANGAT",43200,SELANGOR,HULU LANGAT,BUKA,AWAM,KLINIK,KLINIK KESIHATAN
21-10020219,KK BATU 9,"BATU 9, CHERAS",43200,SELANGOR,HULU LANGAT,BUKA,AWAM,KLINIK,KLINIK KESIHATAN
21-10020031,KK BERANANG,"JALAN SEREMBAN, BERANANG",43700,SELANGOR,HULU LANGAT,BUKA,AWAM,KLINIK,KLINIK KESIHATAN
21-10020039,KK KAJANG,"KLINIK KOMUNITI KAJANG, JALAN SEMENYIH, KAJANG",43000,SELANGOR,HULU LANGAT,BUKA,AWAM,KLINIK,KLINIK KESIHATAN
21-10020060,KK SEMENYIH,LOT 10818 KAMPUNG BARU,43500,SELANGOR,HULU LANGAT,BUKA,AWAM,KLINIK,KLINIK KESIHATAN
21-10020252,KK SG. CHUA,"KAWASAN PERINDUSTRIAN SUNGAI CHUA, SUNGAI RAMAL LUAR, KAJANG",43000,SELANGOR,HULU LANGAT,BUKA,AWAM,KLINIK,KLINIK KESIHATAN
21-10020223,KK SUNGAI SEKAMAT,"BATU 12 JALAN CHERAS, KAJANG",43000,SELANGOR,HULU LANGAT,BUKA,AWAM,KLINIK,KLINIK KESIHATAN
21-10020084,KK BALAKONG,"KAMPUNG BARU BALAKONG, BALAKONG",43300,SELANGOR,HULU LANGAT,BUKA,AWAM,KLINIK,KLINIK KESIHATAN
21-10020769,KK BANDAR TUN HUSSIEN ONN,"JALAN SUADAMAI, BANDAR TUN HUSSIEN ONN, CHERAS",43200,SELANGOR,HULU LANGAT,BUKA,AWAM,KLINIK,KLINIK KESIHATAN
21-10020774,KK RINCHING TENGAH,"KAMPUNG RINCHING TENGAH, BERANANG",43700,SELANGOR,HULU LANGAT,BUKA,AWAM,KLINIK,KLINIK KESIHATAN
21-10030054,KK RASA,"JALAN BESAR, RASA, HULU SELANGOR",44200,SELANGOR,HULU SELANGOR,BUKA,AWAM,KLINIK,KLINIK KESIHATAN
21-10030061,KK SERENDAH,"SERENDAH, HULU SELANGOR",48200,SELANGOR,HULU SELANGOR,BUKA,AWAM,KLINIK,KLINIK KESIHATAN
21-10030040,KK KALUMPANG,"KERLING, HULU SELANGOR",44100,SELANGOR,HULU SELANGOR,BUKA,AWAM,KLINIK,KLINIK KESIHATAN
21-10030065,KK SOEHARTO,KUALA KUBU BARU,44010,SELANGOR,HULU SELANGOR,BUKA,AWAM,KLINIK,KLINIK KESIHATAN
21-10030077,KK ULU YAM BHARU,"BATANG KALI, SELANGOR",44300,SELANGOR,HULU SELANGOR,BUKA,AWAM,KLINIK,KLINIK KESIHATAN
21-10040249,KK BANDAR BOTANIK,"BLOK A, JALAN LANGAT BANDAR BOTANIK, KLANG",41200,SELANGOR,KLANG,BUKA,AWAM,KLINIK,KLINIK KESIHATAN
21-10040033,KK BUKIT KUDA,"JALAN BATU TIGA LAMA, KLANG",41300,SELANGOR,KLANG,BUKA,AWAM,KLINIK,KLINIK KESIHATAN
21-10040042,KK KAPAR,"PT 7363, BATU 10, JALAN KAPAR",42200,SELANGOR,KLANG,BUKA,AWAM,KLINIK,KLINIK KESIHATAN
21-10040044,KK ANIKA KLANG,"JALAN PEGAWAI, OFF TENGKU KELANA, KLANG",41000,SELANGOR,KLANG,BUKA,AWAM,KLINIK,KLINIK KESIHATAN
21-10040047,KK MERU,"PT 55/61, JALAN KENANGAN, MERU",41050,SELANGOR,KLANG,BUKA,AWAM,KLINIK,KLINIK KESIHATAN
21-10040048,KK PANDAMARAN,"PERSIARAN RAJA MUDA MUSA, PELABUHAN KLANG",42000,SELANGOR,KLANG,BUKA,AWAM,KLINIK,KLINIK KESIHATAN
21-10040050,KK PELABUHAN KLANG,"JALAN LIMBUNGAN, PELABUHAN KLANG",42000,SELANGOR,KLANG,BUKA,AWAM,KLINIK,KLINIK KESIHATAN
21-10040052,KK PULAU INDAH,"JALAN RAHMAT, PELABUHAN KLANG",42920,SELANGOR,KLANG,BUKA,AWAM,KLINIK,KLINIK KESIHATAN
21-10070790,KK KG MELAYU SUBANG,"JALAN MERBAU KAMPUNG MELAYU SUBANG, SHAH ALAM",40150,SELANGOR,PETALING,BUKA,AWAM,KLINIK,KLINIK KESIHATAN
21-10092302,KK SG BUAYA,KAMPUNG SUNGAI BUAYA,48010,SELANGOR,HULU SELANGOR,BUKA,AWAM,KLINIK,KLINIK KESIHATAN
21-10092303,KK HULU BERNAM,TAMAN HULU BERNAM.,35900,SELANGOR,HULU SELANGOR,BUKA,AWAM,KLINIK,KLINIK KESIHATAN
21-10072301,KK CYBERJAYA,"D/A ASRAMA JURURAWAT HOSPITAL CYBERJAYA, PERSIARAN MULTIMEDIA, CYBER 11",63000,SELANGOR,SEPANG,BUKA,AWAM,KLINIK,KLINIK KESIHATAN
21-10040160,KK RANTAU PANJANG,"JALAN RANTAU PANJANG, KLANG",41400,SELANGOR,KLANG,BUKA,AWAM,KLINIK,KLINIK KESIHATAN
21-10040271,KK BUKIT NAGA,"SEKSYEN 32, SHAH ALAM",42450,SELANGOR,KLANG,BUKA,AWAM,KLINIK,KLINIK KESIHATAN
21-10040175,KK SUNGAI BERTIK,JALAN TEPI SUNGAI,41100,SELANGOR,KLANG,BUKA,AWAM,KLINIK,KLINIK KESIHATAN
21-10050032,KK BUKIT CHANGGANG,"JALAN LABOHAN DAGANG, BANTING",42700,SELANGOR,KUALA LANGAT,BUKA,AWAM,KLINIK,KLINIK KESIHATAN
21-10050037,KK JENJAROM,"JENJOROM, KUALA LANGAT, JALAN BESAR, BANTING",42700,SELANGOR,KUALA LANGAT,BUKA,AWAM,KLINIK,KLINIK KESIHATAN
21-10050028,KK KAMPUNG BANDAR,"JALAN KURAU, BANTING",42700,SELANGOR,KUALA LANGAT,BUKA,AWAM,KLINIK,KLINIK KESIHATAN
21-10050064,KK SIJANGKANG,"JALAN SEKOLAH, BATU 1, KAMPUNG SIJANGKANG",42500,SELANGOR,KUALA LANGAT,BUKA,AWAM,KLINIK,KLINIK KESIHATAN
21-10050074,KK TANJUNG SEPAT,TANJUNG SEPAT,42700,SELANGOR,KUALA LANGAT,BUKA,AWAM,KLINIK,KLINIK KESIHATAN
21-10050075,KK TELOK DATOK,"JALAN PEGAWAI, BANTING",42700,SELANGOR,KUALA LANGAT,BUKA,AWAM,KLINIK,KLINIK KESIHATAN
21-10050076,KK TELOK PANGLIMA GARANG,"TELUK PANGLIMA GARANG, KUALA LANGAT",42500,SELANGOR,KUALA LANGAT,BUKA,AWAM,KLINIK,KLINIK KESIHATAN
21-10050130,KK KAMPUNG SUNGAI LANG,"BANTING, SELANGOR",42700,SELANGOR,KUALA LANGAT,BUKA,AWAM,KLINIK,KLINIK KESIHATAN
21-10050087,KK KEBUN BARU,"JALAN DATO KASMAN, KEBUN BARU, TELUK PANGLIMA GARANG",42500,SELANGOR,KUALA LANGAT,BUKA,AWAM,KLINIK,KLINIK KESIHATAN
21-10050278,KK KANCHONG DARAT,"JALAN DURIAN, KANCHONG DARAT",42700,SELANGOR,KUALA LANGAT,BUKA,AWAM,KLINIK,KLINIK KESIHATAN
21-10060029,KK BESTARI JAYA,LOT 1867 JALAN KAMPUNG,45600,SELANGOR,KUALA SELANGOR,BUKA,AWAM,KLINIK,KLINIK KESIHATAN
21-10060036,KK IJOK,"JKR 1087 JALAN SIMPANG TIGA, IJOK",45600,SELANGOR,KUALA SELANGOR,BUKA,AWAM,KLINIK,KLINIK KESIHATAN
21-10060045,KK KUALA SELANGOR,"JALAN KLINIK, KUALA SELANGOR",45000,SELANGOR,KUALA SELANGOR,BUKA,AWAM,KLINIK,KLINIK KESIHATAN
21-10060073,KK TANJONG KARANG,"JALAN SUNGAI KAJANG, TANJUNG KARANG",45500,SELANGOR,KUALA SELANGOR,BUKA,AWAM,KLINIK,KLINIK KESIHATAN
21-10060190,KK SUNGAI TENGI KANAN,"JALAN KIAI HJ MOID, KAMPUNG SUNGAI TENGI KANAN, TANJONG KARANG",45500,SELANGOR,KUALA SELANGOR,BUKA,AWAM,KLINIK,KLINIK KESIHATAN
21-10060099,KK BUKIT CHERAKAH,"JALAN RIZAB MASJID, KAMPUNG BUKIT CHERAKAH, JERAM",45800,SELANGOR,KUALA SELANGOR,BUKA,AWAM,KLINIK,KLINIK KESIHATAN
21-10070043,KK KELANA JAYA,"LOT.38294, JALAN SS6/3A KELANA JAYA",47301,SELANGOR,PETALING,BUKA,AWAM,KLINIK,KLINIK KESIHATAN
21-10070051,KK PUCHONG,"BATU 14, JALAN PUCHONG, PUCHONG",47100,SELANGOR,PETALING,BUKA,AWAM,KLINIK,KLINIK KESIHATAN
21-10070248,KK SEKSYEN 19,"JALAN GELORA 19/46, SEKSYEN 19 SHAH ALAM",40300,SELANGOR,PETALING,BUKA,AWAM,KLINIK,KLINIK KESIHATAN
21-10070063,KK SEKSYEN 7 SHAH ALAM,"NO.2 PERSIARAN KAYANGAN SEKSYEN 7, SHAH ALAM",40000,SELANGOR,PETALING,BUKA,AWAM,KLINIK,KLINIK KESIHATAN
21-10070062,KK SERI KEMBANGAN,"JALAN BESAR, SERI KEMBANGAN",43300,SELANGOR,PETALING,BUKA,AWAM,KLINIK,KLINIK KESIHATAN
21-10070088,KK BATU 13 1/2 PUCHONG,BATU 13 1/2 PUCHONG,47800,SELANGOR,PETALING,BUKA,AWAM,KLINIK,KLINIK KESIHATAN
21-10070206,KK TAMAN MEDAN,"JALAN PJS 2C/5 TAMAN DATO HARUN, PETALING",46000,SELANGOR,PETALING,BUKA,AWAM,KLINIK,KLINIK KESIHATAN
21-10070270,KK PAYA JARAS,"BATU.15 SUNGAI BULOH, SUNGAI BULOH",47000,SELANGOR,PETALING,BUKA,AWAM,KLINIK,KLINIK KESIHATAN
21-10070767,KK KOTA DAMANSARA,"NO. 58 TINGKAT 3, JALAN PEKAKA 8/3, KOTA DAMANSARA",47810,SELANGOR,PETALING,BUKA,AWAM,KLINIK,KLINIK KESIHATAN
21-10070771,KK UTC SELANGOR,"LOT G, ANGGERIK MALL, JALAN 14/7, SEKSYEN 14",40000,SELANGOR,PETALING,BUKA,AWAM,KLINIK,KLINIK KESIHATAN
21-10080027,KK BAGAN TERAP,"JALAN BAGAN TERAP, SUNGAI BESAR",45300,SELANGOR,SABAK BERNAM,BUKA,AWAM,KLINIK,KLINIK KESIHATAN
21-10080049,KK PARIT BARU,"JALAN MASJID, SUNGAI AIR TAWAR",45100,SELANGOR,SABAK BERNAM,BUKA,AWAM,KLINIK,KLINIK KESIHATAN
21-10080058,KK SEKINCHAN,"JALAN PEKAN, SEKINCAN, SABAK BERNAM",45400,SELANGOR,SABAK BERNAM,BUKA,AWAM,KLINIK,KLINIK KESIHATAN
21-10080067,KK SUNGAI BESAR,"JALAN SUNGAI LIMAU, SUNGAI BESAR",45300,SELANGOR,SABAK BERNAM,BUKA,AWAM,KLINIK,KLINIK KESIHATAN
21-10080066,KK SUNGAI AIR TAWAR,"JALAN SEKOLAH, SUNGAI AIR TAWAR, SABAK BERNAM",45100,SELANGOR,SABAK BERNAM,BUKA,AWAM,KLINIK,KLINIK KESIHATAN
21-10080239,KK MERBAU BERDARAH,"JALAN SUNGAI PANJANG, SABAK BERNAM",45300,SELANGOR,SABAK BERNAM,BUKA,AWAM,KLINIK,KLINIK KESIHATAN
21-10080295,KK SABAK BERNAM,"JALAN RAJA CHULAN, SABAK BERNAM",45200,SELANGOR,SABAK BERNAM,BUKA,AWAM,KLINIK,KLINIK KESIHATAN
21-10080761,KK SIMPANG LIMA,"KLINIK KESIHATAN SIMPANG 5, SUNGAI BESAR",45300,SELANGOR,SABAK BERNAM,BUKA,AWAM,KLINIK,KLINIK KESIHATAN
21-10090034,KK DENGKIL,"JALAN BESAR DENGKIL, DENGKIL, SEPANG",43800,SELANGOR,SEPANG,BUKA,AWAM,KLINIK,KLINIK KESIHATAN
21-10090057,KK SALAK,"JALAN SALAK, SEPANG",43900,SELANGOR,SEPANG,BUKA,AWAM,KLINIK,KLINIK KESIHATAN
21-10090069,KK SUNGAI PELEK,"JALAN SUNGAI PELEK, SEPANG",43950,SELANGOR,SEPANG,BUKA,AWAM,KLINIK,KLINIK KESIHATAN
21-10090272,KK SEPANG,"JALAN KELAB, SEPANG",43900,SELANGOR,SEPANG,BUKA,AWAM,KLINIK,KLINIK KESIHATAN
21-10010243,KKOM TAMAN GOMBAK PERMAI,"NO 1G, JALAN GP 2A, TAMAN GOMBAK PERMAI, BATU CAVES",68100,SELANGOR,GOMBAK,BUKA,AWAM,KLINIK,KLINIK KOMUNITI
21-10010288,KKOM BANDAR TASIK PUTERI,NO.27-G JALAN HIJAU 5/3 GREEN VALLEY PARK BANDAR TASIK PUTERI,48010,SELANGOR,GOMBAK,BUKA,AWAM,KLINIK,KLINIK KOMUNITI
21-10020293,KKOM TAMAN SRI WATAN,"NO.4G & 4A, JALAN WATAN 8, TAMAN SRI WATAN",68000,SELANGOR,HULU LANGAT,BUKA,AWAM,KLINIK,KLINIK KOMUNITI
21-10020286,KKOM TAMAN IMPIAN EHSAN,"NO 15, JALAN BALAKONG JAYA 2, TAMAN INDUSTRI BALAKONG JAYA",43200,SELANGOR,HULU LANGAT,BUKA,AWAM,KLINIK,KLINIK KOMUNITI
21-10030251,KKOM BATANG KALI,"NO 9, GROUND FLOOR, JALAN MAHOGANI, 2A/7, BANDAR UTAMA, BATANG KALI",44300,SELANGOR,HULU SELANGOR,BUKA,AWAM,KLINIK,KLINIK KOMUNITI
21-10030246,KKOM BUKIT BERUNTUNG,"C-G-01, APARTMENT KENANGA, TAMAN BUNGA RAYA, BUKIT BERUNTUNG",48000,SELANGOR,HULU SELANGOR,BUKA,AWAM,KLINIK,KLINIK KOMUNITI
21-10030245,KKOM BUKIT SENTOSA,"NO.13 JALAN SEROJA 1B, BUKIT SENTOSA",48000,SELANGOR,HULU SELANGOR,BUKA,AWAM,KLINIK,KLINIK KOMUNITI
21-10040255,KKOM KG DELEK KANAN,"NO.94, TAMAN DAHLIA, JALAN LURAH SAID 1, KAMPUNG DELEK KANAN",41250,SELANGOR,KLANG,BUKA,AWAM,KLINIK,KLINIK KOMUNITI
21-10050282,KKOM BANDAR SAUJANA PUTRA,"NO.79 JALAN SPU 2, BANDAR SAUJANA PUTRA",42160,SELANGOR,KUALA LANGAT,BUKA,AWAM,KLINIK,KLINIK KOMUNITI
21-10060244,KKOM BANDAR PUNCAK ALAM,"NO.105, JALAN CAKERAPURNAMA, 12/2 SEKSYEN 12, BANDAR BARU PUNCAK ALAM",42300,SELANGOR,KUALA SELANGOR,BUKA,AWAM,KLINIK,KLINIK KOMUNITI
21-10060291,KKOM SAUJANA UTAMA,"NO. 6 & 8 (GROUND FLOOR), JALAN BIDARA 6/2",47000,SELANGOR,KUALA SELANGOR,BUKA,AWAM,KLINIK,KLINIK KOMUNITI
21-10070257,KKOM KAYU ARA DAMANSARA,"G-G1 BLOK G, PANGSAPURI PELANGI ARA, PJU 6A, JALAN TERATAI, PETALING JAYA",47400,SELANGOR,PETALING,BUKA,AWAM,KLINIK,KLINIK KOMUNITI
21-10070256,KKOM TAMAN PUCHONG PERMAI,"F6-0-01, JALAN PERMAI 2/3, BLOK F6, TAMAN PUCHONG PERMAI, PUCHONG",47100,SELANGOR,PETALING,BUKA,AWAM,KLINIK,KLINIK KOMUNITI
21-10070718,KKOM BUKIT LANCHONG SHAH ALAM,"NO.103, JALAN. PENDAMAR 27/90, SHAH ALAM",40400,SELANGOR,PETALING,BUKA,AWAM,KLINIK,KLINIK KOMUNITI
21-10070772,KKOM GUGUSAN SEMARAK 2,"TINGKAT BAWAH GUGUSAN SEMARAK 2, JALAN CAMAR 4/1",47810,SELANGOR,PETALING,BUKA,AWAM,KLINIK,KLINIK KOMUNITI
21-10080283,KKOM TAMAN PADU PERMAI,"NO 13A, JALAN PP1/2, TAMAN PADU PERMAI",45300,SELANGOR,SABAK BERNAM,BUKA,AWAM,KLINIK,KLINIK KOMUNITI
21-10090285,KKOM BANDAR BARU SALAK TINGGI,"NO F18-1, FASA KOMPLEKS BANDAR BARU SALAK TINGGI",43900,SELANGOR,SEPANG,BUKA,AWAM,KLINIK,KLINIK KOMUNITI
21-10090281,KKOM PANTAI SEPANG PUTRA,"NO 6, JALAN PERLING, PANTAI SEPANG PUTRA, SUNGAI PELEK",43950,SELANGOR,SEPANG,BUKA,AWAM,KLINIK,KLINIK KOMUNITI
21-10090297,KKOM TAMAN PUTRA PERDANA,"NO.54, JALAN PUTRA PERDANA 2/2, TAMAN PUTRA PERDANA, PUCHONG",47120,SELANGOR,SEPANG,BUKA,AWAM,KLINIK,KLINIK KOMUNITI
21-10010124,KD KAMPUNG KENANGA,"JKR-1, JALAN IPOH KAMPUNG BARU",48050,SELANGOR,GOMBAK,BUKA,AWAM,KLINIK,KLINIK DESA
21-10010138,KD KUNDANG,"JALAN SEKOLAH, KUNDANG, RAWANG",48050,SELANGOR,GOMBAK,BUKA,AWAM,KLINIK,KLINIK DESA
21-10010165,KD SELAYANG BARU,"JALAN 9 SELAYANG BARU, BATU CAVES",68100,SELANGOR,GOMBAK,BUKA,AWAM,KLINIK,KLINIK DESA
21-10010185,KD SUNGAI SERAI,"LORONG SERAI 2, KAMPUNG SUNGAI SERAI, KUANG, RAWANG",48050,SELANGOR,GOMBAK,BUKA,AWAM,KLINIK,KLINIK DESA
21-10020085,KD BANGI LAMA,"JALAN BESAR BANGI, KAJANG",43000,SELANGOR,HULU LANGAT,BUKA,AWAM,KLINIK,KLINIK DESA
21-10020089,KD BATU 18,BATU 18,43200,SELANGOR,HULU LANGAT,BUKA,AWAM,KLINIK,KLINIK DESA
21-10020095,KD BROGA,"BROGA, SEMENYIH",43500,SELANGOR,HULU LANGAT,BUKA,AWAM,KLINIK,KLINIK DESA
21-10020105,KD DUSUN TUA,BATU 16,43200,SELANGOR,HULU LANGAT,BUKA,AWAM,KLINIK,KLINIK DESA
21-10020161,KD RINCHING HILIR,"RINCHING HILIR, SEMENYIH",43000,SELANGOR,HULU LANGAT,BUKA,AWAM,KLINIK,KLINIK DESA
21-10020188,KD SUNGAI TEKALI,SUNGAI TEKALI,43200,SELANGOR,HULU LANGAT,BUKA,AWAM,KLINIK,KLINIK DESA
21-10020221,KD SUNGAI LALANG,"SUNGAI LALANG, SEMENYIH",43500,SELANGOR,HULU LANGAT,BUKA,AWAM,KLINIK,KLINIK DESA
21-10020222,KD MINANGKABAU,"MINANGKABAU, BERANANG",43700,SELANGOR,HULU LANGAT,BUKA,AWAM,KLINIK,KLINIK DESA
21-10020229,KD SUNGAI RAMAL LUAR,"JALAN MENTRI, SUNGAI RAMAL LUAR, KAJANG",43000,SELANGOR,HULU LANGAT,BUKA,AWAM,KLINIK,KLINIK DESA
21-10020230,KD SUNGAI LUI,BATU 21,43200,SELANGOR,HULU LANGAT,BUKA,AWAM,KLINIK,KLINIK DESA
21-10030086,KD BATANG KALI,"BATANG KALI, HULU SELANGOR",44300,SELANGOR,HULU SELANGOR,BUKA,AWAM,KLINIK,KLINIK DESA
21-10030107,KD GEDANGSA,"FELDA GEDANGSA, KUALA KUBU BARU",44010,SELANGOR,HULU SELANGOR,BUKA,AWAM,KLINIK,KLINIK DESA
21-10030108,KD GENTING MALEK,GENTING MALEK,44300,SELANGOR,HULU SELANGOR,BUKA,AWAM,KLINIK,KLINIK DESA
21-10030111,KD HULU RENING,HULU RENING,44300,SELANGOR,HULU SELANGOR,BUKA,AWAM,KLINIK,KLINIK DESA
21-10030137,KD KG GURNEY,KAMPUNG GURNEY,44300,SELANGOR,HULU SELANGOR,BUKA,AWAM,KLINIK,KLINIK DESA
21-10030191,KD SUNGAI TENGI SELATAN,KUALA KUBU BARU,45500,SELANGOR,HULU SELANGOR,BUKA,AWAM,KLINIK,KLINIK DESA
21-10030202,KD ULU YAM LAMA,BATANG KALI,44300,SELANGOR,HULU SELANGOR,BUKA,AWAM,KLINIK,KLINIK DESA
21-10040091,KD BATU BELAH KLANG,235 JALAN ISTIMEWA,42100,SELANGOR,KLANG,BUKA,AWAM,KLINIK,KLINIK DESA
21-10040100,KD BUKIT KAPAR,"JALAN ISKANDAR, KAPAR",42200,SELANGOR,KLANG,BUKA,AWAM,KLINIK,KLINIK DESA
21-10040112,KD JALAN KEBUN,"BATU 7, JALAN KEBUN",42450,SELANGOR,KLANG,BUKA,AWAM,KLINIK,KLINIK DESA
21-10040122,KD KAMPUNG JAWA,"BATU 2, JALAN SYAHBANDARAYA",41000,SELANGOR,KLANG,BUKA,AWAM,KLINIK,KLINIK DESA
21-10040133,KD KAMPUNG TOK MUDA,"BATU 12 1/2, KAMPUNG TOK MUDA",42200,SELANGOR,KLANG,BUKA,AWAM,KLINIK,KLINIK DESA
21-10040145,KD PADANG JAWA,5317 JALAN PADANG,41300,SELANGOR,KLANG,BUKA,AWAM,KLINIK,KLINIK DESA
21-10040166,KD SEMENTA,"BATU 6, JALAN SEMENTA, JALAN KAPAR KAPAR",41400,SELANGOR,KLANG,BUKA,AWAM,KLINIK,KLINIK DESA
21-10040186,KD SUNGAI SERDANG,"BATU 13, KAMPUNG SUNGAI SERDANG, KAPAR",42200,SELANGOR,KLANG,BUKA,AWAM,KLINIK,KLINIK DESA
21-10040192,KD SUNGAI UDANG,"LOT 2183, JALAN SUNGAI UDANG",41150,SELANGOR,KLANG,BUKA,AWAM,KLINIK,KLINIK DESA
21-10040194,KD TELOK GONG,"JALAN TELOK GONG, PELABUHAN KLANG",42000,SELANGOR,KLANG,BUKA,AWAM,KLINIK,KLINIK DESA
21-10050092,KD BATU LAUT,BATU LAUT,42800,SELANGOR,KUALA LANGAT,BUKA,AWAM,KLINIK,KLINIK DESA
21-10050120,KD KAMPUNG ENDAH,KAMPUNG ENDAH,42700,SELANGOR,KUALA LANGAT,BUKA,AWAM,KLINIK,KLINIK DESA
21-10050123,KD KAMPUNG JENJAROM,KAMPUNG JENJAROM,42600,SELANGOR,KUALA LANGAT,BUKA,AWAM,KLINIK,KLINIK DESA
21-10050125,KD KAMPUNG MEDAN,"KAMPUNG MEDAN, BANTING",42700,SELANGOR,KUALA LANGAT,BUKA,AWAM,KLINIK,KLINIK DESA
21-10050134,KD KANCHONG TENGAH,"KANCHONG TENGAH, BANTING",42700,SELANGOR,KUALA LANGAT,BUKA,AWAM,KLINIK,KLINIK DESA
21-10050139,KD KUNDANG,TANJUNG SEPAT,42800,SELANGOR,KUALA LANGAT,BUKA,AWAM,KLINIK,KLINIK DESA
21-10050140,KD LABOHAN DAGANG,"JKR 456, KUARTERS LABOHAN DAGANG, BANTING",42700,SELANGOR,KUALA LANGAT,BUKA,AWAM,KLINIK,KLINIK DESA
21-10050144,KD OLAK LEMPIT,"OLAK LEMPIT, BANTING",42700,SELANGOR,KUALA LANGAT,BUKA,AWAM,KLINIK,KLINIK DESA
21-10050155,KD PERMATANG PASIR,"PERMATANG PASIR, BANTING",42700,SELANGOR,KUALA LANGAT,BUKA,AWAM,KLINIK,KLINIK DESA
21-10050169,KD SIJANGKANG DALAM,"SIJANGKANG DALAM, TELUK PANGLIMA GARANG",42500,SELANGOR,KUALA LANGAT,BUKA,AWAM,KLINIK,KLINIK DESA
21-10050170,KD SIJANGKANG LUAR,"SIJANGKANG LUAR, TELUK PANGLIMA GARANG",42500,SELANGOR,KUALA LANGAT,BUKA,AWAM,KLINIK,KLINIK DESA
21-10050173,KD SRI CHEEDING,"SRI CHEEDING, BANTING",42700,SELANGOR,KUALA LANGAT,BUKA,AWAM,KLINIK,KLINIK DESA
21-10050182,KD SUNGAI KELAMBU,"JALAN SEMARAK 1, KAMPUNG SUNGAI KELAMBU, BANTING",42700,SELANGOR,KUALA LANGAT,BUKA,AWAM,KLINIK,KLINIK DESA
21-10050199,KD TUMBUK DARAT,"JKR 1327, JALAN TUMBOK DARAT, KAMPUNG TUMBOK DARAT TANJUNG SEPAT",42800,SELANGOR,KUALA LANGAT,BUKA,AWAM,KLINIK,KLINIK DESA
21-10060080,KD ASAM JAWA,"JALAN BUKIT ROTAN, BUKIT ROTAN",45700,SELANGOR,KUALA SELANGOR,BUKA,AWAM,KLINIK,KLINIK DESA
21-10060081,KD BAGAN PASIR,"JALAN BAGAN PASIR, TANJONG KARANG",45500,SELANGOR,KUALA SELANGOR,BUKA,AWAM,KLINIK,KLINIK DESA
21-10060096,KD BUKIT BADONG,JALAN DATO' KARJAN,45600,SELANGOR,KUALA SELANGOR,BUKA,AWAM,KLINIK,KLINIK DESA
21-10060098,KD BUKIT BELIMBING,BUKIT BELIMBING,45000,SELANGOR,KUALA SELANGOR,BUKA,AWAM,KLINIK,KLINIK DESA
21-10060101,KD BUKIT KERAYONG,"JKR 177, JALAN SEKOLAH, KAPAR, KLANG",45800,SELANGOR,KUALA SELANGOR,BUKA,AWAM,KLINIK,KLINIK DESA
21-10060153,KD PASIR PENAMBANG,PASIR PENAMBANG,45000,SELANGOR,KUALA SELANGOR,BUKA,AWAM,KLINIK,KLINIK DESA
21-10060158,KD PUNCAK ALAM,"89 LORONG NALURI SUKMA 8/14, BANDAR PUNCAK ALAM",45010,SELANGOR,KUALA SELANGOR,BUKA,AWAM,KLINIK,KLINIK DESA
21-10060159,KD RAJA MUSA,"BATU 8 JALAN RAJA MUSA, BESTARI JAYA",45600,SELANGOR,KUALA SELANGOR,BUKA,AWAM,KLINIK,KLINIK DESA
21-10060164,KD SAWAH SEMPADAN,TANJUNG KARANG,45500,SELANGOR,KUALA SELANGOR,BUKA,AWAM,KLINIK,KLINIK DESA
21-10060174,KD SRI TIRAM JAYA,"SRI TIRAM JAYA, TANJONG KARANG",45500,SELANGOR,KUALA SELANGOR,BUKA,AWAM,KLINIK,KLINIK DESA
21-10060179,KD SUNGAI BURONG,"BATU 12, JALAN BERNAM, TANJUNG KARANG",45500,SELANGOR,KUALA SELANGOR,BUKA,AWAM,KLINIK,KLINIK DESA
21-10060181,KD SUNGAI GULANG-GULANG,"JALAN SUNGAI GULANG-GULANG, TANJUNG KARANG",45500,SELANGOR,KUALA SELANGOR,BUKA,AWAM,KLINIK,KLINIK DESA
21-10060187,KD SUNGAI SIREH,"KAMPUNG SUNGAI SIREH, TANJONG KARANG",45500,SELANGOR,KUALA SELANGOR,BUKA,AWAM,KLINIK,KLINIK DESA
21-10060198,KD TIRAM SETIA,TANJUNG KARANG,45500,SELANGOR,KUALA SELANGOR,BUKA,AWAM,KLINIK,KLINIK DESA
21-10060225,KD PARIT EMPAT,"BAN 2, TANJUNG KARANG",45500,SELANGOR,KUALA SELANGOR,BUKA,AWAM,KLINIK,KLINIK DESA
21-10060227,KD JAYA SETIA,BESTARI JAYA,45600,SELANGOR,KUALA SELANGOR,BUKA,AWAM,KLINIK,KLINIK DESA
21-10070119,KD KAMPUNG DAMANSARA,JALAN.17A/9 SEKSYEN 17,46400,SELANGOR,PETALING,BUKA,AWAM,KLINIK,KLINIK DESA
21-10070142,KD MERBAU SEMPAK,"BT18, JALAN KUALA SELANGOR, SUNGAI BULOH",47000,SELANGOR,PETALING,BUKA,AWAM,KLINIK,KLINIK DESA
21-10080090,KD BATU 4 SEPINTAS,JALAN SEKOLAH,45200,SELANGOR,SABAK BERNAM,BUKA,AWAM,KLINIK,KLINIK DESA
21-10080115,KD KAMPUNG BANTING,"JALAN KAMPUNG. BANTING, SUNGAI AIR TAWAR",45100,SELANGOR,SABAK BERNAM,BUKA,AWAM,KLINIK,KLINIK DESA
21-10080116,KD KAMPUNG BARU,JALAN KAMPUNG. BARU,45200,SELANGOR,SABAK BERNAM,BUKA,AWAM,KLINIK,KLINIK DESA
21-10080117,KD KAMPUNG BATU 38,JALAN SEKENDI BATU 38,45200,SELANGOR,SABAK BERNAM,BUKA,AWAM,KLINIK,KLINIK DESA
21-10080131,KD KAMPUNG SUNGAI PULAI,JALAN BAGAN SUNGAI PULAI,45200,SELANGOR,SABAK BERNAM,BUKA,AWAM,KLINIK,KLINIK DESA
21-10080132,KD KAMPUNG SUNGAI TENGAR,JALAN BESAR SUNGAI. TENGAR,45100,SELANGOR,SABAK BERNAM,BUKA,AWAM,KLINIK,KLINIK DESA
21-10080141,KD LUBUK PUSING,"JALAN PT. 13 KAMPUNG. TOK KHALIFAH, SUNGAI BESAR",45100,SELANGOR,SABAK BERNAM,BUKA,AWAM,KLINIK,KLINIK DESA
21-10080146,KD PARIT 12,"JALAN PARIT 12 TIMUR, SUNGAI BESAR",45300,SELANGOR,SABAK BERNAM,BUKA,AWAM,KLINIK,KLINIK DESA
21-10080147,KD PARIT 4,"JALAN PEKET 20, KAMPUNG SUNGAI. HAJI DORANI JALAN PEKAN SELASA, SUNGAI BESAR",45300,SELANGOR,SABAK BERNAM,BUKA,AWAM,KLINIK,KLINIK DESA
21-10080148,KD PARIT 6,"JALAN PARIT 6 TIMUR, SUNGAI BESAR",45300,SELANGOR,SABAK BERNAM,BUKA,AWAM,KLINIK,KLINIK DESA
21-10080149,KD PARIT 9 SUNGAI BESAR,JALAN PARIT 9 BARAT SUNGAI BESAR,45300,SELANGOR,SABAK BERNAM,BUKA,AWAM,KLINIK,KLINIK DESA
21-10080150,KD PARIT 9,"JALAN PARIT 9, KAMPUNG. SUNGAI. LEMAN, SEKINCAN",45400,SELANGOR,SABAK BERNAM,BUKA,AWAM,KLINIK,KLINIK DESA
21-10080151,KD PARIT BARU BAROH,"JALAN BAGAN PARIT BARU BAROH, SUNGAI AIR TAWAR",45100,SELANGOR,SABAK BERNAM,BUKA,AWAM,KLINIK,KLINIK DESA
21-10080152,KD PASIR PANJANG,"JALAN BESAR PEKAN PASIR PANJANG, SEKINCAN",45400,SELANGOR,SABAK BERNAM,BUKA,AWAM,KLINIK,KLINIK DESA
21-10080171,KD SIMPANG 4,"JALAN BAGAN NAKHODA OMAR, SUNGAI AIR TAWAR",45100,SELANGOR,SABAK BERNAM,BUKA,AWAM,KLINIK,KLINIK DESA
21-10080180,KD SUNGAI BURUNG,JALAN PANCANG BEDENA,45300,SELANGOR,SABAK BERNAM,BUKA,AWAM,KLINIK,KLINIK DESA
21-10080183,KD SUNGAI NIBONG,"JALAN BESAR KAMPUNG. SUNGAI NIBONG, SEKINCAN",45400,SELANGOR,SABAK BERNAM,BUKA,AWAM,KLINIK,KLINIK DESA
21-10080193,KD TEBUK MUFRAT,"BATU 1, JALAN FERI, JALAN TEBUK MUFRAT, SUNGAI AIR TAWAR",45100,SELANGOR,SABAK BERNAM,BUKA,AWAM,KLINIK,KLINIK DESA
21-10080196,KD TELUK RHU,"JALAN BESAR KAMPUNG. TELUK RHU, SUNGAI AIR TAWAR",45100,SELANGOR,SABAK BERNAM,BUKA,AWAM,KLINIK,KLINIK DESA
21-10090097,KD BUKIT BANGKONG,SUNGAI PELEK,43950,SELANGOR,SEPANG,BUKA,AWAM,KLINIK,KLINIK DESA
21-10090106,KD GECHING,JALAN LABU LANJUT,43900,SELANGOR,SEPANG,BUKA,AWAM,KLINIK,KLINIK DESA
21-10090113,KD JENDERAM HULU,"KAMPUNG JENDERAM HULU, DENGKIL",43800,SELANGOR,SEPANG,BUKA,AWAM,KLINIK,KLINIK DESA
21-10090176,KD SUNGAI BUAH,"JKR 248, BATU 30, JALAN KAJANG, DENGKIL",43800,SELANGOR,SEPANG,BUKA,AWAM,KLINIK,KLINIK DESA
21-10090201,KD ULU CHUCUH,SUNGAI PELEK,43950,SELANGOR,SEPANG,BUKA,AWAM,KLINIK,KLINIK DESA
21-10020203,KKIA CHERAS BARU,"JALAN 49 BUKIT E, CHERAS BARU",43000,SELANGOR,HULU LANGAT,BUKA,AWAM,KLINIK,KLINIK KESIHATAN IBU DAN ANAK
21-10072313,KK DESA PUTRA,"JALAN UTAMA DESA PUTRA, KAJANG",43000,SELANGOR,SEPANG,BUKA,AWAM,KLINIK,KLINIK KESIHATAN
21-10020232,KK TAMAN NIRWANA,"KAMPUNG PANDAN, HULU LANGAT",55100,SELANGOR,HULU LANGAT,BUKA,AWAM,KLINIK,KLINIK KESIHATAN
21-10030231,KKIA BUKIT SENTOSA,"JALAN SEROJA, 1A BUKIT SENTOSA",44200,SELANGOR,HULU SELANGOR,BUKA,AWAM,KLINIK,KLINIK KESIHATAN IBU DAN ANAK
21-10030205,KKIA KUALA KUBU BARU,JALAN KOLAM AIR,44000,SELANGOR,HULU SELANGOR,BUKA,AWAM,KLINIK,KLINIK KESIHATAN IBU DAN ANAK
21-14010009,KK BANDAR TUN RAZAK,"NO. 16 & 18 JALAN JUJUR 3, BANDAR TUN RAZAK",56000,WILAYAH PERSEKUTUAN KUALA LUMPUR,WILAYAH PERSEKUTUAN KUALA LUMPUR DAN PUTRAJAYA,BUKA,AWAM,KLINIK,KLINIK KESIHATAN
21-14010010,KK BATU MUDA,"NO. 7, JALAN 3/124, TAMAN BATU MUDA",51100,WILAYAH PERSEKUTUAN KUALA LUMPUR,WILAYAH PERSEKUTUAN KUALA LUMPUR DAN PUTRAJAYA,BUKA,AWAM,KLINIK,KLINIK KESIHATAN
21-14010011,KK CHERAS,"NO. 14, JALAN YAACOB LATIF, CHERAS, KUALA LUMPUR",56000,WILAYAH PERSEKUTUAN KUALA LUMPUR,WILAYAH PERSEKUTUAN KUALA LUMPUR DAN PUTRAJAYA,BUKA,AWAM,KLINIK,KLINIK KESIHATAN
21-14010012,KK CHERAS BARU,JALAN 16 KAMPUNG CHERAS BARU,56100,WILAYAH PERSEKUTUAN KUALA LUMPUR,WILAYAH PERSEKUTUAN KUALA LUMPUR DAN PUTRAJAYA,BUKA,AWAM,KLINIK,KLINIK KESIHATAN
21-14010013,KK DATO' KERAMAT,"PT 1199, JALAN ENGGANG SELATAN 2, TAMAN KERAMAT",54000,WILAYAH PERSEKUTUAN KUALA LUMPUR,WILAYAH PERSEKUTUAN KUALA LUMPUR DAN PUTRAJAYA,BUKA,AWAM,KLINIK,KLINIK KESIHATAN
21-14010014,KK JINJANG,"NO.2, JALAN JINJANG SETIA 3, JINJANG UTARA TAMBAHAN",52000,WILAYAH PERSEKUTUAN KUALA LUMPUR,WILAYAH PERSEKUTUAN KUALA LUMPUR DAN PUTRAJAYA,BUKA,AWAM,KLINIK,KLINIK KESIHATAN
21-14010015,KK KAMPUNG PANDAN,"JALAN BELANGKAS, KAMPUNG PANDAN",55100,WILAYAH PERSEKUTUAN KUALA LUMPUR,WILAYAH PERSEKUTUAN KUALA LUMPUR DAN PUTRAJAYA,BUKA,AWAM,KLINIK,KLINIK KESIHATAN
21-14010017,KK PETALING BAHAGIA,"BATU 6, JALAN PUCHONG",58200,WILAYAH PERSEKUTUAN KUALA LUMPUR,WILAYAH PERSEKUTUAN KUALA LUMPUR DAN PUTRAJAYA,BUKA,AWAM,KLINIK,KLINIK KESIHATAN
21-14010018,KK SENTUL,"TINGKAT 2, KOMPLEKS PERNIAGAAN & KOMUNITI, JALAN 3/48A, BANDAR BARU SENTUL",51000,WILAYAH PERSEKUTUAN KUALA LUMPUR,WILAYAH PERSEKUTUAN KUALA LUMPUR DAN PUTRAJAYA,BUKA,AWAM,KLINIK,KLINIK KESIHATAN
21-14010019,KK SETAPAK,"TINGKAT 2, WISMA RAMPAI, BLOK PASIFIK, JALAN. 34/26, TAMAN SRI RAMPAI",53200,WILAYAH PERSEKUTUAN KUALA LUMPUR,WILAYAH PERSEKUTUAN KUALA LUMPUR DAN PUTRAJAYA,BUKA,AWAM,KLINIK,KLINIK KESIHATAN
21-14010020,KK SUNGAI BESI,"NO.80 & 80-1, JALAN TASIK UTAMA 5, MEDAN NIAGA TASIK DAMAI, SUNGAI BESI, KUALA LUMPUR",57000,WILAYAH PERSEKUTUAN KUALA LUMPUR,WILAYAH PERSEKUTUAN KUALA LUMPUR DAN PUTRAJAYA,BUKA,AWAM,KLINIK,KLINIK KESIHATAN
21-14010021,KK TANGLIN,"JALAN CENDERASARI, KUALA LUMPUR",50590,WILAYAH PERSEKUTUAN KUALA LUMPUR,WILAYAH PERSEKUTUAN KUALA LUMPUR DAN PUTRAJAYA,BUKA,AWAM,KLINIK,KLINIK KESIHATAN
21-14010069,KK UTC PUDU SENTRAL,"ARAS G LOT A42-A46 PUDU SENTRAL, JALAN PUDU",55100,WILAYAH PERSEKUTUAN KUALA LUMPUR,WILAYAH PERSEKUTUAN KUALA LUMPUR DAN PUTRAJAYA,BUKA,AWAM,KLINIK,KLINIK KESIHATAN
21-14010082,KK UTC KERAMAT MALL,"LOT NO. 3, TINGKAT UG, UTC KERAMAT MALL, JALAN DATO' KERAMAT",51200,WILAYAH PERSEKUTUAN KUALA LUMPUR,WILAYAH PERSEKUTUAN KUALA LUMPUR DAN PUTRAJAYA,BUKA,AWAM,KLINIK,KLINIK KESIHATAN
21-14010411,KK KUALA LUMPUR,"LOT 151 & 116, JALAN TEMERLOH, TAMAN TASIK TITIWANGSA",53200,WILAYAH PERSEKUTUAN KUALA LUMPUR,WILAYAH PERSEKUTUAN KUALA LUMPUR DAN PUTRAJAYA,BUKA,AWAM,KLINIK,KLINIK KESIHATAN
21-14010059,KK SEGAMBUT,"LOT 13725 SEGAMBUT TENGAH, KUALA LUMPUR",52100,WILAYAH PERSEKUTUAN KUALA LUMPUR,WILAYAH PERSEKUTUAN KUALA LUMPUR DAN PUTRAJAYA,BUKA,AWAM,KLINIK,KLINIK KESIHATAN
21-14010039,KK SALAK SELATAN,"LOT 13836, JALAN 1, SALAK SELATAN",57100,WILAYAH PERSEKUTUAN KUALA LUMPUR,WILAYAH PERSEKUTUAN KUALA LUMPUR DAN PUTRAJAYA,BUKA,AWAM,KLINIK,KLINIK KESIHATAN
21-14010058,KK MUHIBBAH,"KOMPLEKS KOMUNITI MUHIBBAH, JALAN 1/152 JALAN. OUG",58200,WILAYAH PERSEKUTUAN KUALA LUMPUR,WILAYAH PERSEKUTUAN KUALA LUMPUR DAN PUTRAJAYA,BUKA,AWAM,KLINIK,KLINIK KESIHATAN
21-16010003,KK PUTRAJAYA PRESINT 9,"NO 1, JALAN PRESINT 9E, PRESINT 9, PUTRAJAYA",62250,WILAYAH PERSEKUTUAN PUTRAJAYA,WILAYAH PERSEKUTUAN PUTRAJAYA,BUKA,AWAM,KLINIK,KLINIK KESIHATAN
21-16010008,KK PUTRAJAYA PRESINT 14,"LOT BILIK BACAAN, BLOK E, KUARTERS KAKITANGAN KERAJAAN PRESINT 14, PUTRAJAYA",62250,WILAYAH PERSEKUTUAN PUTRAJAYA,WILAYAH PERSEKUTUAN PUTRAJAYA,BUKA,AWAM,KLINIK,KLINIK KESIHATAN
21-16010009,KK PUTRAJAYA PRESINT 11,"KUARTERS PENJAWAT AWAM, ZON 6B, JALAN P11J, PRESINT 11, PUTRAJAYA",62300,WILAYAH PERSEKUTUAN PUTRAJAYA,WILAYAH PERSEKUTUAN PUTRAJAYA,BUKA,AWAM,KLINIK,KLINIK KESIHATAN
21-16010010,KK PUTRAJAYA PRESINT 18,"JALAN P18C1, PRESINT 18, PUTRAJAYA",62500,WILAYAH PERSEKUTUAN PUTRAJAYA,WILAYAH PERSEKUTUAN PUTRAJAYA,BUKA,AWAM,KLINIK,KLINIK KESIHATAN
21-14010048,KKOM KERINCHI,"ARAS BAWAH BLOK E, PPR KERINCHI, JALAN PANTAI PERMAI 1, JALAN PANTAI PERMAI",59200,WILAYAH PERSEKUTUAN KUALA LUMPUR,WILAYAH PERSEKUTUAN KUALA LUMPUR DAN PUTRAJAYA,BUKA,AWAM,KLINIK,KLINIK KOMUNITI
21-14010049,KKOM PERKASA,"B-0-1, BLOK B, PPR PERKASA, JALAN NAKHODA YUSOF, KAMPUNG PANDAN",55100,WILAYAH PERSEKUTUAN KUALA LUMPUR,WILAYAH PERSEKUTUAN KUALA LUMPUR DAN PUTRAJAYA,BUKA,AWAM,KLINIK,KLINIK KOMUNITI
21-14010050,KKOM TAMAN MELATI,"DEWAN SERBAGUNA, PUSAT KONUNITI GOMBAK, TAMAN MELATI",53100,WILAYAH PERSEKUTUAN KUALA LUMPUR,WILAYAH PERSEKUTUAN KUALA LUMPUR DAN PUTRAJAYA,BUKA,AWAM,KLINIK,KLINIK KOMUNITI
21-14010051,KKOM INTAN BAIDURI,"B-0-5, BLOK B, KEPONG UTARA, MUKIM BATU, KEPONG",52100,WILAYAH PERSEKUTUAN KUALA LUMPUR,WILAYAH PERSEKUTUAN KUALA LUMPUR DAN PUTRAJAYA,BUKA,AWAM,KLINIK,KLINIK KOMUNITI
21-14010052,KKOM DESA REJANG,"BLOK B-0-1, PPR DESA REJANG, SETAPAK",53300,WILAYAH PERSEKUTUAN KUALA LUMPUR,WILAYAH PERSEKUTUAN KUALA LUMPUR DAN PUTRAJAYA,BUKA,AWAM,KLINIK,KLINIK KOMUNITI
21-14010054,KKOM DESA TUN RAZAK,"TINGKAT BAWAH BLOK 8, PPR DESA TUN RAZAK",56000,WILAYAH PERSEKUTUAN KUALA LUMPUR,WILAYAH PERSEKUTUAN KUALA LUMPUR DAN PUTRAJAYA,BUKA,AWAM,KLINIK,KLINIK KOMUNITI
21-14010065,KKOM METRO PRIMA,"NO 5 & 7, JALAN PRIMA 7, METRO PRIMA",52100,WILAYAH PERSEKUTUAN KUALA LUMPUR,WILAYAH PERSEKUTUAN KUALA LUMPUR DAN PUTRAJAYA,BUKA,AWAM,KLINIK,KLINIK KOMUNITI
21-14010057,KKOM SERI MALAYSIA,"A-0-5, PPR SERI MALAYSIA, SUNGAI BESI",57100,WILAYAH PERSEKUTUAN KUALA LUMPUR,WILAYAH PERSEKUTUAN KUALA LUMPUR DAN PUTRAJAYA,BUKA,AWAM,KLINIK,KLINIK KOMUNITI
21-14010064,KKOM PPR SERI ALAM,"PPR SERI ALAM BLOK 1, JALAN SUNGAI BESI PUDU",56000,WILAYAH PERSEKUTUAN KUALA LUMPUR,WILAYAH PERSEKUTUAN KUALA LUMPUR DAN PUTRAJAYA,BUKA,AWAM,KLINIK,KLINIK KOMUNITI
21-14010067,KKOM KUCHAI ENT.PARK,"NO 47 & 49 JALAN 10/116B, KUCHAI ENT.PARK",58200,WILAYAH PERSEKUTUAN KUALA LUMPUR,WILAYAH PERSEKUTUAN KUALA LUMPUR DAN PUTRAJAYA,BUKA,AWAM,KLINIK,KLINIK KOMUNITI
21-14010066,KKOM HANG TUAH,BANGUNAN KLINIK KESIHATAN IBU ANAK HANG TUAH,55200,WILAYAH PERSEKUTUAN KUALA LUMPUR,WILAYAH PERSEKUTUAN KUALA LUMPUR DAN PUTRAJAYA,BUKA,AWAM,KLINIK,KLINIK KOMUNITI
21-14010061,KKOM FLAT DANAU KOTA,ARAS BAWAH BLOK D FLAT DANAU KOTA SETAPAK,53300,WILAYAH PERSEKUTUAN KUALA LUMPUR,WILAYAH PERSEKUTUAN KUALA LUMPUR DAN PUTRAJAYA,BUKA,AWAM,KLINIK,KLINIK KOMUNITI
21-14010077,KKOM TAMAN TUN DR ISMAIL,"JALAN TUN MOHD FUAD, TAMAN TUN DR ISMAIL, KUALA LUMPUR",60000,WILAYAH PERSEKUTUAN KUALA LUMPUR,WILAYAH PERSEKUTUAN KUALA LUMPUR DAN PUTRAJAYA,BUKA,AWAM,KLINIK,KLINIK KOMUNITI
21-14010079,KKOM SUNGAI MULIA JALAN GOMBAK,"BANGUNAN KUARTERS LAMA KAKITANGAN JKWPKL&P SUNGAI MULIA, JALAN GOMBAK, KUALA LUMPUR",53000,WILAYAH PERSEKUTUAN KUALA LUMPUR,WILAYAH PERSEKUTUAN KUALA LUMPUR DAN PUTRAJAYA,BUKA,AWAM,KLINIK,KLINIK KOMUNITI
21-14010084,KKOM PINGGIRAN BUKIT JALIL,"BLOK E (ARAS BAWAH) PPR PINGGIRAN BUKIT JALIL, (JALAN BUKIT JALIL INDAH 1), BUKIT JALIL",57000,WILAYAH PERSEKUTUAN KUALA LUMPUR,WILAYAH PERSEKUTUAN KUALA LUMPUR DAN PUTRAJAYA,BUKA,AWAM,KLINIK,KLINIK KOMUNITI
21-14010086,KKOM PANTAI RIA,"ARAS BAWAH KOLONG BLOK A, PPR PANTAI RIA, JALAN. KAMPUNG PASIR, KAMPUNG PASIR, OFF JALAN. KLANG LAMA, PANTAI DALAM, KUALA LUMPUR",59200,WILAYAH PERSEKUTUAN KUALA LUMPUR,WILAYAH PERSEKUTUAN KUALA LUMPUR DAN PUTRAJAYA,BUKA,AWAM,KLINIK,KLINIK KOMUNITI
21-14010412,KKOM RAYA PERMAI,"D-00-01, PPR RAYA PERMAI, JALAN SUNGAI BESI, WILAYAH PERSEKUTUAN, SUNGAI BESI, KUALA LUMPUR",57100,WILAYAH PERSEKUTUAN KUALA LUMPUR,WILAYAH PERSEKUTUAN KUALA LUMPUR DAN PUTRAJAYA,BUKA,AWAM,KLINIK,KLINIK KOMUNITI
21-14010413,KKOM TAMAN WAHYU,"C-00-09, BLOK C, TINGKAT BAWAH, PPR TAMAN WAHYU 2, BATU 6 1/2, JALAN IPOH, KUALA LUMPUR",51200,WILAYAH PERSEKUTUAN KUALA LUMPUR,WILAYAH PERSEKUTUAN KUALA LUMPUR DAN PUTRAJAYA,BUKA,AWAM,KLINIK,KLINIK KOMUNITI
21-14010033,KKIA BANDAR TUN RAZAK,"BLOK 90-00-05, FLAT SRI KOTA, BANDAR TUN RAZAK",56000,WILAYAH PERSEKUTUAN KUALA LUMPUR,WILAYAH PERSEKUTUAN KUALA LUMPUR DAN PUTRAJAYA,BUKA,AWAM,KLINIK,KLINIK KESIHATAN IBU DAN ANAK
21-14010035,KKIA TAMAN SRI SENTOSA,"BLOK 67-00-01 & 67-00-02, TAMAN SRI SENTOSA",55800,WILAYAH PERSEKUTUAN KUALA LUMPUR,WILAYAH PERSEKUTUAN KUALA LUMPUR DAN PUTRAJAYA,BUKA,AWAM,KLINIK,KLINIK KESIHATAN IBU DAN ANAK
21-14010036,KKIA TAMAN PANTAI INDAH,"NO 7, JALAN 2/ 112 F, TAMAN PANTAI INDAH, JALAN PANTAI DALAM, BANGSAR",59100,WILAYAH PERSEKUTUAN KUALA LUMPUR,WILAYAH PERSEKUTUAN KUALA LUMPUR DAN PUTRAJAYA,BUKA,AWAM,KLINIK,KLINIK KESIHATAN IBU DAN ANAK
21-14010037,KKIA CHERAS MAKMUR,"NO 16 & 18 JALAN 2/96 A, TAMAN CHERAS MAKMUR",56100,WILAYAH PERSEKUTUAN KUALA LUMPUR,WILAYAH PERSEKUTUAN KUALA LUMPUR DAN PUTRAJAYA,BUKA,AWAM,KLINIK,KLINIK KESIHATAN IBU DAN ANAK
21-05020034,KK LUI MUDA,"BANDAR SRI JEMPOL, BAHAU",72120,NEGERI SEMBILAN,JEMPOL,BUKA,AWAM,KLINIK,KLINIK KESIHATAN
21-05020038,KK PALONG 4,"KLINIK KESIHATAN PALONG 4,5,6, GEMAS",73430,NEGERI SEMBILAN,JEMPOL,BUKA,AWAM,KLINIK,KLINIK KESIHATAN
21-05020050,KK SERTING HILIR,"SERTING HILIR, BANDAR SRI JEMPOL",72120,NEGERI SEMBILAN,JEMPOL,BUKA,AWAM,KLINIK,KLINIK KESIHATAN
21-05020028,KK BANDAR SERI JEMPOL,BANDAR SERI JEMPOL,72120,NEGERI SEMBILAN,JEMPOL,BUKA,AWAM,KLINIK,KLINIK KESIHATAN
21-05020040,KK PALONG 9,"JKR 861, KLINIK KESIHATAN PALONG, 9,10,11, GEMAS",73430,NEGERI SEMBILAN,JEMPOL,BUKA,AWAM,KLINIK,KLINIK KESIHATAN
21-05010027,KK JELEBU,KUALA KLAWANG,71600,NEGERI SEMBILAN,JELEBU,BUKA,AWAM,KLINIK,KLINIK KESIHATAN
21-05010086,KK PASOH 1,"PASOH 1, SIMPANG PERTANG",72300,NEGERI SEMBILAN,JELEBU,BUKA,AWAM,KLINIK,KLINIK KESIHATAN
21-05010043,KK PERTANG,SIMPANG PERTANG,72300,NEGERI SEMBILAN,JELEBU,BUKA,AWAM,KLINIK,KLINIK KESIHATAN
21-05010051,KK SIMPANG DURIAN,SIMPANG DURIAN,72400,NEGERI SEMBILAN,JELEBU,BUKA,AWAM,KLINIK,KLINIK KESIHATAN
21-05010063,KK CHENNAH,"KLINIK KESIHATAN CHENNAH, KAMPUNG. CHENNAH",71650,NEGERI SEMBILAN,JELEBU,BUKA,AWAM,KLINIK,KLINIK KESIHATAN
21-05030025,KK GUNUNG PASIR,SRI MENANTI,71550,NEGERI SEMBILAN,KUALA PILAH,BUKA,AWAM,KLINIK,KLINIK KESIHATAN
21-05030037,KK PADANG LEBAR,BATU KIKIR,72200,NEGERI SEMBILAN,KUALA PILAH,BUKA,AWAM,KLINIK,KLINIK KESIHATAN
21-05030052,KK SRI MENANTI,SRI MENANTI,71550,NEGERI SEMBILAN,KUALA PILAH,BUKA,AWAM,KLINIK,KLINIK KESIHATAN
21-05030054,KK TERACHI,TANJONG IPOH,71500,NEGERI SEMBILAN,KUALA PILAH,BUKA,AWAM,KLINIK,KLINIK KESIHATAN
21-05040033,KK LINGGI,DAERAH PORT DICKSON,71150,NEGERI SEMBILAN,PORT DICKSON,BUKA,AWAM,KLINIK,KLINIK KESIHATAN
21-05040130,KK LUKUT,"KM 10, JALAN SEREMBAN, LUKUT",71010,NEGERI SEMBILAN,PORT DICKSON,BUKA,AWAM,KLINIK,KLINIK KESIHATAN
21-05040041,KK PASIR PANJANG,PASIR PANJANG,71250,NEGERI SEMBILAN,PORT DICKSON,BUKA,AWAM,KLINIK,KLINIK KESIHATAN
21-05040044,KK PORT DICKSON,"KM 1, JALAN SEREMBAN",71000,NEGERI SEMBILAN,PORT DICKSON,BUKA,AWAM,KLINIK,KLINIK KESIHATAN
21-05040126,KK BAGAN PINANG,"BATU 4, JALAN PANTAI",71050,NEGERI SEMBILAN,PORT DICKSON,BUKA,AWAM,KLINIK,KLINIK KESIHATAN
21-05050020,KK ASTANA RAJA,"KAMPUNG. ASTANA RAJA, KOTA",71350,NEGERI SEMBILAN,REMBAU,BUKA,AWAM,KLINIK,KLINIK KESIHATAN
21-05050042,KK PEDAS,PEKAN PEDAS,71400,NEGERI SEMBILAN,REMBAU,BUKA,AWAM,KLINIK,KLINIK KESIHATAN
21-05050047,KK REMBAU,JALAN BATU HAMPAR,71300,NEGERI SEMBILAN,REMBAU,BUKA,AWAM,KLINIK,KLINIK KESIHATAN
21-05060019,KK AMPANGAN,"KM 4, JALAN SEREMBAN-KUALA PILAH",70400,NEGERI SEMBILAN,SEREMBAN,BUKA,AWAM,KLINIK,KLINIK KESIHATAN
21-05060035,KK MANTIN,JALAN BESAR MANTIN,71700,NEGERI SEMBILAN,SEREMBAN,BUKA,AWAM,KLINIK,KLINIK KESIHATAN
21-05060036,KK NILAI,"JALAN BESAR, PEKAN NILAI",71800,NEGERI SEMBILAN,SEREMBAN,BUKA,AWAM,KLINIK,KLINIK KESIHATAN
21-05060179,KK SENAWANG,PERSIARAN SENAWANG 2,70450,NEGERI SEMBILAN,SEREMBAN,BUKA,AWAM,KLINIK,KLINIK KESIHATAN
21-05060048,KK SENDAYAN,FELDA SENDAYAN,71950,NEGERI SEMBILAN,SEREMBAN,BUKA,AWAM,KLINIK,KLINIK KESIHATAN
21-05060049,KK SEREMBAN,JALAN RASAH,70300,NEGERI SEMBILAN,SEREMBAN,BUKA,AWAM,KLINIK,KLINIK KESIHATAN
21-05060180,KK SEREMBAN 2,JALAN S2 A2,70300,NEGERI SEMBILAN,SEREMBAN,BUKA,AWAM,KLINIK,KLINIK KESIHATAN
21-05060206,KK SIKAMAT,"KLINIK KESIHATAN SIKAMAT, JALAN. TUNKU KURSHIAH",70400,NEGERI SEMBILAN,SEREMBAN,BUKA,AWAM,KLINIK,KLINIK KESIHATAN
21-05060296,KK UTC SEREMBAN,"UDA MALL SBD BHD, NO.G-05 & G-06, TINGKAT GF (GROUND FLOOR), UTC N. SEMBILAN & ANGSANA SEREMBAN, JALAN. SEREMBAN, KUALA PILAH",70400,NEGERI SEMBILAN,SEREMBAN,BUKA,AWAM,KLINIK,KLINIK KESIHATAN
21-05070023,KK GEMAS,"JALAN TOK SULONG, GEMAS",73400,NEGERI SEMBILAN,TAMPIN,BUKA,AWAM,KLINIK,KLINIK KESIHATAN
21-05010201,KKOM TAMAN BUKIT KEMPAS,"NO 14 (TING.BWH) JALAN BUKIT KEMPAS 1, TAMAN BUKIT KEMPAS",71650,NEGERI SEMBILAN,JELEBU,BUKA,AWAM,KLINIK,KLINIK KOMUNITI
21-05030195,KKOM TAMAN DESA MELANG,"NO. 108, JALAN DESA MELANG",72000,NEGERI SEMBILAN,KUALA PILAH,BUKA,AWAM,KLINIK,KLINIK KOMUNITI
21-05040185,KKOM TAMAN INTAN PERDANA,"NO. 205 &207, JALAN 2/2 TAMAN INTAN PERDANA, TELOK KEMANG",71250,NEGERI SEMBILAN,PORT DICKSON,BUKA,AWAM,KLINIK,KLINIK KOMUNITI
21-05050199,KKOM KOTA,"NO.806 (TING.BWH) TAMAN SRI KOTA, JALAN SEREMBAN-TAMPIN",71350,NEGERI SEMBILAN,REMBAU,BUKA,AWAM,KLINIK,KLINIK KOMUNITI
21-05060181,KKOM SEREMBAN JAYA,"NO.2294, JALAN SJ 10/1, TAMAN SEREMBAN JAYA",70450,NEGERI SEMBILAN,SEREMBAN,BUKA,AWAM,KLINIK,KLINIK KOMUNITI
21-05060182,KKOM TAMAN RASAH JAYA,"NO.3773, JALAN RASAH JAYA 6-11, TAMAN RASAH JAYA",70300,NEGERI SEMBILAN,SEREMBAN,BUKA,AWAM,KLINIK,KLINIK KOMUNITI
21-05060183,KKOM TAMAN SEMARAK 2,"NO. 5742, JALAN TS 2/1E, TAMAN SEMARAK 2, NILAI",71800,NEGERI SEMBILAN,SEREMBAN,BUKA,AWAM,KLINIK,KLINIK KOMUNITI
21-05060204,KKOM KUALA SAWAH,"LOT 1887, JALAN BESAR KUALA SAWAH, RANTAU",71200,NEGERI SEMBILAN,SEREMBAN,BUKA,AWAM,KLINIK,KLINIK KOMUNITI
21-05070200,KKOM GEMAS,"NO 3, (TING.BWH) LOT PERNIAGAAN TAMAN DESA",73400,NEGERI SEMBILAN,TAMPIN,BUKA,AWAM,KLINIK,KLINIK KOMUNITI
21-05020059,KD BATU KIKIR,BATU KIKIR,72200,NEGERI SEMBILAN,JEMPOL,BUKA,AWAM,KLINIK,KLINIK DESA
21-05020075,KD LADANG GADDES,BANDAR SERI JEMPOL,72120,NEGERI SEMBILAN,JEMPOL,BUKA,AWAM,KLINIK,KLINIK DESA
21-05020078,KD LUI SELATAN,"7/82, KLINIK DESA LUI SELATAN, BANDAR SERI JEMPOL",72120,NEGERI SEMBILAN,JEMPOL,BUKA,AWAM,KLINIK,KLINIK DESA
21-05020079,KD LUI TIMUR,BANDAR SERI JEMPOL,72120,NEGERI SEMBILAN,JEMPOL,BUKA,AWAM,KLINIK,KLINIK DESA
21-05020082,KD PALONG 12,"JKR 938, GEMAS",73470,NEGERI SEMBILAN,JEMPOL,BUKA,AWAM,KLINIK,KLINIK DESA
21-05020083,KD PALONG 14,PUSAT BANDAR PALONG,73470,NEGERI SEMBILAN,JEMPOL,BUKA,AWAM,KLINIK,KLINIK DESA
21-05020098,KD SERTING TENGAH,BATU KIKIR,72200,NEGERI SEMBILAN,JEMPOL,BUKA,AWAM,KLINIK,KLINIK DESA
21-05020138,KD SERTING ULU,SIMPANG PERTANG,72100,NEGERI SEMBILAN,JEMPOL,BUKA,AWAM,KLINIK,KLINIK DESA
21-05020100,KD SUNGAI LUI,BANDAR SERI JEMPOL,72120,NEGERI SEMBILAN,JEMPOL,BUKA,AWAM,KLINIK,KLINIK DESA
21-05010066,KD FELDA TITI,"JALAN KAMPUNG SEPRI, JELEBU",71650,NEGERI SEMBILAN,JELEBU,BUKA,AWAM,KLINIK,KLINIK DESA
21-05010069,KD JAMBATAN SERONG,"BATU.22, JALAN SEREMBAN, KUALA KLAWANG",71600,NEGERI SEMBILAN,JELEBU,BUKA,AWAM,KLINIK,KLINIK DESA
21-05010071,KD JERANG,SIMPANG DURIAN,72400,NEGERI SEMBILAN,JELEBU,BUKA,AWAM,KLINIK,KLINIK DESA
21-05010076,KD LAKAI,"KAMPUNG LAKAI, SIMPANG DURIAN",72400,NEGERI SEMBILAN,JELEBU,BUKA,AWAM,KLINIK,KLINIK DESA
21-05010089,KD PASOH 4 (KD LAMA),SPG PERTANG,72300,NEGERI SEMBILAN,JELEBU,BUKA,AWAM,KLINIK,KLINIK DESA
21-05010090,KD PERADONG,KUALA KLAWANG,71600,NEGERI SEMBILAN,JELEBU,BUKA,AWAM,KLINIK,KLINIK DESA
21-05010093,KD RANGOI,SIMPANG DURIAN,72300,NEGERI SEMBILAN,JELEBU,BUKA,AWAM,KLINIK,KLINIK DESA
21-05010105,KD ULU JELEBU,KUALA KLAWANG,71600,NEGERI SEMBILAN,JELEBU,BUKA,AWAM,KLINIK,KLINIK DESA
21-05010107,KD ULU KLAWANG,"BATU.19, JALAN SEREMBAN, KUALA KLAWANG",71600,NEGERI SEMBILAN,JELEBU,BUKA,AWAM,KLINIK,KLINIK DESA
21-05010108,KD ULU TERIANG,KUALA KLAWANG,71600,NEGERI SEMBILAN,JELEBU,BUKA,AWAM,KLINIK,KLINIK DESA
21-05030067,KD GACHONG,SRI MENANTI,71550,NEGERI SEMBILAN,KUALA PILAH,BUKA,AWAM,KLINIK,KLINIK DESA
21-05030073,KD KAMPUNG TENGAH,SRI MENANTI,71550,NEGERI SEMBILAN,KUALA PILAH,BUKA,AWAM,KLINIK,KLINIK DESA
21-05030102,KD TALANG,TANJONG IPOH,71500,NEGERI SEMBILAN,KUALA PILAH,BUKA,AWAM,KLINIK,KLINIK DESA
21-05030103,KD TENGKEK,BATU KIKIR,72200,NEGERI SEMBILAN,KUALA PILAH,BUKA,AWAM,KLINIK,KLINIK DESA
21-05030104,KD TANJONG IPOH,TANJUNG IPOH,71500,NEGERI SEMBILAN,KUALA PILAH,BUKA,AWAM,KLINIK,KLINIK DESA
21-05030112,KD ULU PILAH,SRI MENANTI,71550,NEGERI SEMBILAN,KUALA PILAH,BUKA,AWAM,KLINIK,KLINIK DESA
21-05040127,KD SUNGAI RAYA,PASIR PANJANG,73009,NEGERI SEMBILAN,PORT DICKSON,BUKA,AWAM,KLINIK,KLINIK DESA
21-05040129,KD TELUK KEMANG,PASIR PANJANG,73009,NEGERI SEMBILAN,PORT DICKSON,BUKA,AWAM,KLINIK,KLINIK DESA
21-05050168,KD GADONG,"JKR 505, LOT 2436, MUKIM GADONG",71350,NEGERI SEMBILAN,REMBAU,BUKA,AWAM,KLINIK,KLINIK DESA
21-05050162,KD KAMPUNG BONGEK,"JKR 35, LOT 951, MUKIM BONGEK",71300,NEGERI SEMBILAN,REMBAU,BUKA,AWAM,KLINIK,KLINIK DESA
21-05050160,KD KUNDOR,"KAMPUNG KUNDUR, BATU 8",71300,NEGERI SEMBILAN,REMBAU,BUKA,AWAM,KLINIK,KLINIK DESA
21-05050157,KD LUBOK CHINA,"JKR 110, LOT 2934, MUKIM PEKAN LUBUK CHINA",71300,NEGERI SEMBILAN,REMBAU,BUKA,AWAM,KLINIK,KLINIK DESA
21-05050167,KD PEDAS HILIR,"JALAN KUNDOR, BATU 4",71400,NEGERI SEMBILAN,REMBAU,BUKA,AWAM,KLINIK,KLINIK DESA
21-05050159,KD PILIN,"JKR 343, LOT 422, MUKIM PILIN",71300,NEGERI SEMBILAN,REMBAU,BUKA,AWAM,KLINIK,KLINIK DESA
21-05050164,KD PULAU MAMPAT,"JKR 489, LOT 1655, MUKIM NERASAU",71350,NEGERI SEMBILAN,REMBAU,BUKA,AWAM,KLINIK,KLINIK DESA
21-05050166,KD SAWAH RAJA,"JKR 109, LOT 3326, MUKIM TITIAN BINTANGOR",71350,NEGERI SEMBILAN,REMBAU,BUKA,AWAM,KLINIK,KLINIK DESA
21-05050158,KD SELAMAK,"JKR 173, LOT 2039, MUKIM SELEMAK",71300,NEGERI SEMBILAN,REMBAU,BUKA,AWAM,KLINIK,KLINIK DESA
21-05050165,KD SEMERBOK,"JKR 361, LOT 1313, MUKIM SEMERBOK",71350,NEGERI SEMBILAN,REMBAU,BUKA,AWAM,KLINIK,KLINIK DESA
21-05050169,KD SEPRI,KAMPUNG SEPRI,71400,NEGERI SEMBILAN,REMBAU,BUKA,AWAM,KLINIK,KLINIK DESA
21-05050161,KD CHEMBONG HALT,KAMPUNG CHEMBONG HALT,71400,NEGERI SEMBILAN,REMBAU,BUKA,AWAM,KLINIK,KLINIK DESA
21-05060151,KD DACING,"ULU BERANANG, LENGGENG",71750,NEGERI SEMBILAN,SEREMBAN,BUKA,AWAM,KLINIK,KLINIK DESA
21-05060139,KD KAMPUNG JIJAN,"KAMPUNG. JIJAN, JIJAN",71900,NEGERI SEMBILAN,SEREMBAN,BUKA,AWAM,KLINIK,KLINIK DESA
21-05060150,KD PANTAI,JALAN PANTAI,71770,NEGERI SEMBILAN,SEREMBAN,BUKA,AWAM,KLINIK,KLINIK DESA
21-05060153,KD SILIAU,KAMPUNG. SILIAU,71200,NEGERI SEMBILAN,SEREMBAN,BUKA,AWAM,KLINIK,KLINIK DESA
21-05070115,KD BUKIT JALOR (FELDA),AIR KUNING,73200,NEGERI SEMBILAN,TAMPIN,BUKA,AWAM,KLINIK,KLINIK DESA
21-04010014,KK DURIAN TUNGGAL,"JALAN PADANG KELADI, DURIAN TUNGGAL",76100,MELAKA,ALOR GAJAH,BUKA,AWAM,KLINIK,KLINIK KESIHATAN
21-04010015,KK HUTAN PERCHA,FELDA HUTAN PERCHA,78000,MELAKA,ALOR GAJAH,BUKA,AWAM,KLINIK,KLINIK KESIHATAN
21-04010021,KK KUALA SUNGAI BARU,PEKAN KUALA SUNGAI BARU,78200,MELAKA,ALOR GAJAH,BUKA,AWAM,KLINIK,KLINIK KESIHATAN
21-04010022,KK LUBOK CHINA,PEKAN LUBOK CHINA,78100,MELAKA,ALOR GAJAH,BUKA,AWAM,KLINIK,KLINIK KESIHATAN
21-04010023,KK MACAP BARU,"KM 17, KAMPUNG MACAP BARU",76100,MELAKA,ALOR GAJAH,BUKA,AWAM,KLINIK,KLINIK KESIHATAN
21-04010024,KK MASJID TANAH,"BATU 18 1/2, PAYA RUMPUT, MASJID TANAH",78300,MELAKA,ALOR GAJAH,BUKA,AWAM,KLINIK,KLINIK KESIHATAN
21-04010026,KK PADANG SEBANG,"BATU 19 1/2, KAMPUNG PADANG SEBANG",78000,MELAKA,ALOR GAJAH,BUKA,AWAM,KLINIK,KLINIK KESIHATAN
21-04010029,KK SIMPANG AMPAT,"BATU 22, KAMPUNG SIMPANG EMPAT",78000,MELAKA,ALOR GAJAH,BUKA,AWAM,KLINIK,KLINIK KESIHATAN
21-04010266,KK REMBIA,PEKAN REMBIA,78000,MELAKA,ALOR GAJAH,BUKA,AWAM,KLINIK,KLINIK KESIHATAN
21-04010321,KK PENGKALAN BALAK,"KLINIK KESIHATAN PENGKALAN BALAK, JALAN TELOK GONG",78300,MELAKA,ALOR GAJAH,BUKA,AWAM,KLINIK,KLINIK KESIHATAN
21-04010009,KK ALOR GAJAH,PEJABAT KESIHATAN DAERAH ALOR GAJAH,78000,MELAKA,ALOR GAJAH,BUKA,AWAM,KLINIK,KLINIK KESIHATAN
21-04020018,KK JASIN,PEJ. KESIHATAN JASIN,77000,MELAKA,JASIN,BUKA,AWAM,KLINIK,KLINIK KESIHATAN
21-04020019,KK KEMENDOR,JALAN BUNGA KERTAS,77000,MELAKA,JASIN,BUKA,AWAM,KLINIK,KLINIK KESIHATAN
21-04020025,KK MERLIMAU,"KAMPUNG MERLIMAU, JALAN BESAR MERLIMAU",77300,MELAKA,JASIN,BUKA,AWAM,KLINIK,KLINIK KESIHATAN
21-04020028,KK SELANDAR,"JALAN MACAP, SELANDAR",77500,MELAKA,JASIN,BUKA,AWAM,KLINIK,KLINIK KESIHATAN
21-04020030,KK SIMPANG BEKOH,"KAMPUNG SIMPANG BEKOH, JALAN BESAR, ASAHAN",77100,MELAKA,JASIN,BUKA,AWAM,KLINIK,KLINIK KESIHATAN
21-04020031,KK SUNGAI RAMBAI,"KM 32, SUNGAI RAMBAI",77400,MELAKA,JASIN,BUKA,AWAM,KLINIK,KLINIK KESIHATAN
21-04020037,KK UMBAI,"JALAN MUAR, UMBAI",77300,MELAKA,JASIN,BUKA,AWAM,KLINIK,KLINIK KESIHATAN
21-04020060,KK FELDA BUKIT SENGGEH,"FELDA BUKIT SENGGEH, ASAHAN",77100,MELAKA,JASIN,BUKA,AWAM,KLINIK,KLINIK KESIHATAN
21-04020320,KK BATANG MELAKA,"KLINIK KESIHATAN BATANG MELAKA, JALAN BATANG MELAKA JAYA 1, TAMAN BATANG MELAKA JAYA, BATANG MELAKA, JASIN",77500,MELAKA,JASIN,BUKA,AWAM,KLINIK,KLINIK KESIHATAN
21-04020078,KK NYALAS,"JKR 2016, KUARTERS KLINIK KESIHATAN NYALAS, PEKAN NYALAS, ASAHAN",77100,MELAKA,JASIN,BUKA,AWAM,KLINIK,KLINIK KESIHATAN
21-04030010,KK AYER KEROH,JALAN AYER KEROH LAMA,75350,MELAKA,MELAKA TENGAH,BUKA,AWAM,KLINIK,KLINIK KESIHATAN
21-04030011,KK AYER MOLEK,JALAN AIR MOLEK,75460,MELAKA,MELAKA TENGAH,BUKA,AWAM,KLINIK,KLINIK KESIHATAN
21-04030012,KK BUKIT RAMBAI,"JALAN BUKIT RAMBAI, BUKIT RAMBAI",75250,MELAKA,MELAKA TENGAH,BUKA,AWAM,KLINIK,KLINIK KESIHATAN
21-04030013,KK CHENG,JALAN CHENG,75250,MELAKA,MELAKA TENGAH,BUKA,AWAM,KLINIK,KLINIK KESIHATAN
21-04030017,KK JALAN GEREJA,BANDAR KABA,75500,MELAKA,MELAKA TENGAH,BUKA,AWAM,KLINIK,KLINIK KESIHATAN
21-04030020,KK KLEBANG BESAR,JALAN KLEBANG BESAR,75200,MELAKA,MELAKA TENGAH,BUKA,AWAM,KLINIK,KLINIK KESIHATAN
21-04030027,KK PERINGGIT,JALAB PANTAI PERINGGIT,75400,MELAKA,MELAKA TENGAH,BUKA,AWAM,KLINIK,KLINIK KESIHATAN
21-04030032,KK SUNGAI UDANG,"BATU 11 1/2, SUNGAI UDANG",76300,MELAKA,MELAKA TENGAH,BUKA,AWAM,KLINIK,KLINIK KESIHATAN
21-04030033,KK SERI TANJUNG,"BATU 7 PEKAN TANJUNG KLING, TANJUNG KLING",76400,MELAKA,MELAKA TENGAH,BUKA,AWAM,KLINIK,KLINIK KESIHATAN
21-04030034,KK TENGKERA,"JALAN DATO WIRA POH AH TIAM, LORONG PANDAN",75200,MELAKA,MELAKA TENGAH,BUKA,AWAM,KLINIK,KLINIK KESIHATAN
21-04030035,KK UJONG PASIR,JALAN UJONG PASIR,75050,MELAKA,MELAKA TENGAH,BUKA,AWAM,KLINIK,KLINIK KESIHATAN
21-04030194,KK UTC MELAKA,"PUSAT TRANSFORMASI BANDAR/URBAN TRANSFORMATION CENTRE (UTC), ARAS BAWAH, WISMA DMDI, JALAN TAY CHAY YAN, OFF JALAN HANG TUAH",75300,MELAKA,MELAKA TENGAH,BUKA,AWAM,KLINIK,KLINIK KESIHATAN
21-04030319,KK BACHANG,"KLINIK KESIHATAN BACHANG, KAMPUNG BACHANG, LORANG HAJI YANG, ALOR GAJAH",78000,MELAKA,MELAKA TENGAH,BUKA,AWAM,KLINIK,KLINIK KESIHATAN
21-04030267,KK BATU BERENDAM,JALAN BATU BERENDAM,75350,MELAKA,MELAKA TENGAH,BUKA,AWAM,KLINIK,KLINIK KESIHATAN
21-04010117,KKOM SERI PENGKALAN,"KM 4615, JALAN SAMARINDA 2, TAMAN SAMARINDA, PENGKALAN",78000,MELAKA,ALOR GAJAH,BUKA,AWAM,KLINIK,KLINIK KOMUNITI
21-04010190,KKOM MERAK EMAS,"TMN MERAK EMAS, DURIAN TUNGGAL",76100,MELAKA,ALOR GAJAH,BUKA,AWAM,KLINIK,KLINIK KOMUNITI
21-04020119,KKOM TMN BEMBAN HEIGHT,"JB 8835, TMN BEBAN HEIGHT, BEMBAN",77200,MELAKA,JASIN,BUKA,AWAM,KLINIK,KLINIK KOMUNITI
21-04020127,KKOM SERKAM,"JB 9068, SR/1, TAMAN SERKAM DARAT, MERLIMAU",77300,MELAKA,JASIN,BUKA,AWAM,KLINIK,KLINIK KOMUNITI
21-04020189,KKOM CHENDERAH JASIN,KAMPUNG CHENDERAH JASIN,77000,MELAKA,JASIN,BUKA,AWAM,KLINIK,KLINIK KOMUNITI
21-04030116,KKOM BUKIT KATIL,"NO.17 JALAN IKS, BUKIT KATIL",75450,MELAKA,MELAKA TENGAH,BUKA,AWAM,KLINIK,KLINIK KOMUNITI
21-04030124,KKOM TANJUNG MINYAK,"NO. 24, JALAN TMS 1, TANAM TG MINYAK SETIA",75250,MELAKA,MELAKA TENGAH,BUKA,AWAM,KLINIK,KLINIK KOMUNITI
21-04030129,KKOM DUYONG,"NO 12, JLD SD 2/A, TAMAN SERI DUYONG, AYER MOLEK",75460,MELAKA,MELAKA TENGAH,BUKA,AWAM,KLINIK,KLINIK KOMUNITI
21-04030191,KKOM SG UDANG,"NO 6, JALAN KERAMBIT 4, BANDAR BARU SUNGAI UDANG",76300,MELAKA,MELAKA TENGAH,BUKA,AWAM,KLINIK,KLINIK KOMUNITI
21-04030196,KKOM TANGGA BATU,"5-1, JALAN TANGGA BATU, TAMAN TANGGA BATU SEKSYEN 1",76400,MELAKA,MELAKA TENGAH,BUKA,AWAM,KLINIK,KLINIK KOMUNITI
21-04030197,KKOM KRUBONG,"NO.41, JALAN. PK 8A, TAMAN PERINDUSTRIAN KRUBONG",75250,MELAKA,MELAKA TENGAH,BUKA,AWAM,KLINIK,KLINIK KOMUNITI
21-04010044,KD AIR MOLEK,"BATU 25, KAMPUNG AIR MOLEK, KUALA SUNGAI BARU",78200,MELAKA,ALOR GAJAH,BUKA,AWAM,KLINIK,KLINIK DESA
21-04010053,KD BELIMBING DALAM,"BATU 12, KAMPUNG BELIMBING DALAM, DURIAN TUNGGAL",76100,MELAKA,ALOR GAJAH,BUKA,AWAM,KLINIK,KLINIK DESA
21-04010057,KD BRISU,"BATU 31, KAMPUNG BRISU, SIMPANG EMPAT",78000,MELAKA,ALOR GAJAH,BUKA,AWAM,KLINIK,KLINIK DESA
21-04010064,KD DURIAN DAUN,"BATU 20, KAMPUNG DURIAN DAUN, MASJID TANAH",78000,MELAKA,ALOR GAJAH,BUKA,AWAM,KLINIK,KLINIK DESA
21-04010065,KK GADEK,"BATU 18, KAMPUNG GADEK",78000,MELAKA,ALOR GAJAH,BUKA,AWAM,KLINIK,KLINIK KESIHATAN
21-04010066,KD KAMPONG PULAU,"BATU 20, KAMPUNG PULAU, MASJID TANAH",78300,MELAKA,ALOR GAJAH,BUKA,AWAM,KLINIK,KLINIK DESA
21-04010072,KD KUALA LINGGI,"BATU 21, KAMPUNG BUKIT DARAT, KUALA SUNGAI BARU",78200,MELAKA,ALOR GAJAH,BUKA,AWAM,KLINIK,KLINIK DESA
21-04010073,KD LENDU,"KM 13, KAMPUNG BARU",78000,MELAKA,ALOR GAJAH,BUKA,AWAM,KLINIK,KLINIK DESA
21-04010076,KD MELAKA PINDAH,"BUKIT 16, KAMPUNG MELAKA PINDAH",78000,MELAKA,ALOR GAJAH,BUKA,AWAM,KLINIK,KLINIK DESA
21-04010080,KD PANTAI BELIMBING,"BATU 13 3/4, KAMPUNG PANTAI BELIMBING DALAM, DURIAN TUNGGAL",76100,MELAKA,ALOR GAJAH,BUKA,AWAM,KLINIK,KLINIK DESA
21-04010083,KD PEGOH,"BATU 16 1/2, KAMPUNG PEGOH",78000,MELAKA,ALOR GAJAH,BUKA,AWAM,KLINIK,KLINIK DESA
21-04010086,KD PULAU SEBANG,"BATU 21, KAMPUNG PULAU SEBANG",78000,MELAKA,ALOR GAJAH,BUKA,AWAM,KLINIK,KLINIK DESA
21-04010094,KD SUNGAI BULUH,"BATU 27 1/2, KAMPUNG SUNGAI BULOH, SIMPANG EMPAT",78000,MELAKA,ALOR GAJAH,BUKA,AWAM,KLINIK,KLINIK DESA
21-04010095,KD SUNGAI SIPUT,"BATU 20, KAMPUNG PULAU, MASJID TANAH",78100,MELAKA,ALOR GAJAH,BUKA,AWAM,KLINIK,KLINIK DESA
21-04010098,KD TANJUNG BIDARA,"BATU 22 1/2, KAMPUNG AIR HITAM PANTAI, MASJID TANAH",78000,MELAKA,ALOR GAJAH,BUKA,AWAM,KLINIK,KLINIK DESA
21-04010110,KD SUNGAI PETAI,"TAMAN BUKIT EMAS, SUNGAI PETANI",78000,MELAKA,ALOR GAJAH,BUKA,AWAM,KLINIK,KLINIK DESA
21-04010111,KD MELEKEK,"BATU 17, KAMPUNG MELEKEK, JALAN PERLING",78000,MELAKA,ALOR GAJAH,BUKA,AWAM,KLINIK,KLINIK DESA
21-04010195,KD KEMUNING,"LOT 194, MUKIM KEMUNING",78000,MELAKA,ALOR GAJAH,BUKA,AWAM,KLINIK,KLINIK DESA
21-04020046,KD ASAHAN,"KAMPUNG ASAHAN, ASAHAN",77100,MELAKA,JASIN,BUKA,AWAM,KLINIK,KLINIK DESA
21-04020047,KD AIR MERBAU,KAMPUNG AIR MERBAU,77000,MELAKA,JASIN,BUKA,AWAM,KLINIK,KLINIK DESA
21-04020052,KD BATU GAJAH PASIR,"KAMPUNG BATU GAJAH PASIR, SUNGAI RAMBAI",77400,MELAKA,JASIN,BUKA,AWAM,KLINIK,KLINIK DESA
21-04020054,KD BEMBAN,KAMPUNG BEMBAN,77000,MELAKA,JASIN,BUKA,AWAM,KLINIK,KLINIK DESA
21-04020062,KD CHENDERAH,KAMPUNG CHENDERAH,77000,MELAKA,JASIN,BUKA,AWAM,KLINIK,KLINIK DESA
21-04020063,KD CHIN CHIN,KAMPUNG CHIN-CHIN,77000,MELAKA,JASIN,BUKA,AWAM,KLINIK,KLINIK DESA
21-04020069,KD KESANG TUA,"KAMPUNG KESANG TUA, SELANDAR",77000,MELAKA,JASIN,BUKA,AWAM,KLINIK,KLINIK DESA
21-04020075,KD MASJID BARU,"KAMPUNG MASJID BARU, ASAHAN",77100,MELAKA,JASIN,BUKA,AWAM,KLINIK,KLINIK DESA
21-04020079,KD ON LOK,"KAMPUNG BARU ON LOK, SELANDAR",76470,MELAKA,JASIN,BUKA,AWAM,KLINIK,KLINIK DESA
21-04020091,KD SEMUJUK (FELCRA),"KAMPUNG SEMUJUK, MERLIMAU",77300,MELAKA,JASIN,BUKA,AWAM,KLINIK,KLINIK DESA
21-04020100,KD TEDONG,"KAMPUNG TEDONG, MERLIMAU",77300,MELAKA,JASIN,BUKA,AWAM,KLINIK,KLINIK DESA
21-04020101,KD KAMPUNG TEHEL,KAMPUNG TEHEL,77000,MELAKA,JASIN,BUKA,AWAM,KLINIK,KLINIK DESA
21-04030055,KD BERTAM ULU,JALAN BERTAM ULU,75250,MELAKA,MELAKA TENGAH,BUKA,AWAM,KLINIK,KLINIK DESA
21-04030058,KD BUKIT KATIL,KAMPUNG BUKIT KATIL,75450,MELAKA,MELAKA TENGAH,BUKA,AWAM,KLINIK,KLINIK DESA
21-04030059,KD BUKIT PIATU,JALAN BUKIT BARU,75150,MELAKA,MELAKA TENGAH,BUKA,AWAM,KLINIK,KLINIK DESA
21-04030070,KD KRUBONG,KAMPUNG KRUBONG,75250,MELAKA,MELAKA TENGAH,BUKA,AWAM,KLINIK,KLINIK DESA
21-04030090,KD SEMABOK,"1-1 JALAN SEMABOK JAYA 2, TAMAN SEMABOK JAYA",75050,MELAKA,MELAKA TENGAH,BUKA,AWAM,KLINIK,KLINIK DESA
21-04030093,KD PAYA DALAM,"JALAN SEKOLAH, PAYA DALAM",75460,MELAKA,MELAKA TENGAH,BUKA,AWAM,KLINIK,KLINIK DESA
21-04030097,KD TANGGA BATU,"BATU 9, KAMPUNG TANGGA BATU, TANGGA BATU",76400,MELAKA,MELAKA TENGAH,BUKA,AWAM,KLINIK,KLINIK DESA
21-04030102,KD TELOK MAS,"NO 27, JALAN 37, TAMAN SRI TELOK MAS",75460,MELAKA,MELAKA TENGAH,BUKA,AWAM,KLINIK,KLINIK DESA
21-04030103,KD TIANG DUA,KAMPUNG TIANG DUA,75460,MELAKA,MELAKA TENGAH,BUKA,AWAM,KLINIK,KLINIK DESA
21-04030112,KD PAYA RUMPUT,"LEBUHRAYA AMJ, JALAN PAYA RUMPUT",76450,MELAKA,MELAKA TENGAH,BUKA,AWAM,KLINIK,KLINIK DESA
21-04030081,KD PANTAI KUNDOR,"KAMPUNG PANTAI KUNDUR PANTAI PUTERI, TANJUNG KLING",76400,MELAKA,MELAKA TENGAH,BUKA,AWAM,KLINIK,KLINIK DESA
21-04030067,KD KAMPONG PADANG,"KAMPUNG PADANG, JALAN POKOK MANGGA",75250,MELAKA,MELAKA TENGAH,BUKA,AWAM,KLINIK,KLINIK DESA
21-04030265,KD ALAI,"JALAN KANDANG, ALAI",75600,MELAKA,MELAKA TENGAH,BUKA,AWAM,KLINIK,KLINIK DESA
21-01010029,KK AYER HITAM,BATU 1 JALAN YONG PENG,86100,JOHOR,BATU PAHAT,BUKA,AWAM,KLINIK,KLINIK KESIHATAN
21-01010030,KK BAGAN,"MLO 091, PEKAN PARIT BESAR BAGAN, BAGAN",83000,JOHOR,BATU PAHAT,BUKA,AWAM,KLINIK,KLINIK KESIHATAN
21-01010039,KK BATU PAHAT,"PTD 6625, JALAN KLUANG BATU PAHAT, SIMPANG KANAN",83000,JOHOR,BATU PAHAT,BUKA,AWAM,KLINIK,KLINIK KESIHATAN
21-01010077,KK PARIT RAJA,"MLO 261, JALAN BESAR AIR HITAM, SRI GADING",86400,JOHOR,BATU PAHAT,BUKA,AWAM,KLINIK,KLINIK KESIHATAN
21-01010079,KK PARIT SULONG,"PEKAN PARIT SULONG, PARIT SULONG BATU PAHAT",83500,JOHOR,BATU PAHAT,BUKA,AWAM,KLINIK,KLINIK KESIHATAN
21-01010080,KK PARIT YAANI,"LOT 9167, PEKAN PARIT YAANI, MUKIM 7",83710,JOHOR,BATU PAHAT,BUKA,AWAM,KLINIK,KLINIK KESIHATAN
21-01010093,KK RENGIT,"TLO 52, JALAN BESAR RENGIT, RENGIT",83100,JOHOR,BATU PAHAT,BUKA,AWAM,KLINIK,KLINIK KESIHATAN
21-01010096,KK SEMERAH,"JALAN MUAR BATU PAHAT, MUKIM 1 LUBOK SEMERAH",83600,JOHOR,BATU PAHAT,BUKA,AWAM,KLINIK,KLINIK KESIHATAN
21-01010097,KK SENGGARANG,"JALAN ISMAIL, SENGGARANG, BATU PAHAT",83200,JOHOR,BATU PAHAT,BUKA,AWAM,KLINIK,KLINIK KESIHATAN
21-01010101,KK SRI GADING,"LOT 5360, SRI GADING, JALAN KLUANG, SIMPANG KANAN",83300,JOHOR,BATU PAHAT,BUKA,AWAM,KLINIK,KLINIK KESIHATAN
21-01010102,KK SERI MEDAN,"LOT 5660, PEKAN SERI MEDAN, MUKIM 18",83400,JOHOR,BATU PAHAT,BUKA,AWAM,KLINIK,KLINIK KESIHATAN
21-01010078,KK SRI MERLONG,"LOT 5086, KAMPUNG SRI MERLONG, SUNGAI KLUANG",83100,JOHOR,BATU PAHAT,BUKA,AWAM,KLINIK,KLINIK KESIHATAN
21-01010112,KK TONGKANG PECHAH,"PTD 1921, JALAN BESAR TONGKANG PECHAH, LINAU",83010,JOHOR,BATU PAHAT,BUKA,AWAM,KLINIK,KLINIK KESIHATAN
21-01010115,KK YONG PENG,"SIMPANG JALAN PALOH, YONG PENG",83700,JOHOR,BATU PAHAT,BUKA,AWAM,KLINIK,KLINIK KESIHATAN
21-01020171,KK KAMPUNG CAHAYA BARU,"JKR 2116, JALAN PERAK, KAMPUNG CAHAYA BARU, MASAI",81750,JOHOR,JOHOR BAHRU,BUKA,AWAM,KLINIK,KLINIK KESIHATAN
21-01020050,KK GELANG PATAH,JKR 4176 JALAN BESAR GELANG PATAH,81550,JOHOR,JOHOR BAHRU,BUKA,AWAM,KLINIK,KLINIK KESIHATAN
21-01020060,KK KEMPAS,"JKR 6044, JALAN PERSISIRAN TANJUNG TAMPOI",81200,JOHOR,JOHOR BAHRU,BUKA,AWAM,KLINIK,KLINIK KESIHATAN
21-01020066,KK LARKIN,"PTD 4999, JALAN SENTOSA, LARKIN",80350,JOHOR,JOHOR BAHRU,BUKA,AWAM,KLINIK,KLINIK KESIHATAN
21-01020089,KK MAHMOODIAH,JKR 6274 JALAN MAHAMMODIAH,80100,JOHOR,JOHOR BAHRU,BUKA,AWAM,KLINIK,KLINIK KESIHATAN
21-01020058,KK MAJIDEE,"PESAKIT LUAR KK MAJIDEE, JALAN TEBRAU LAMA",81100,JOHOR,JOHOR BAHRU,BUKA,AWAM,KLINIK,KLINIK KESIHATAN
21-01020070,KK MASAI,"JKR 5638, JALAN PEKELILING MASAI",81750,JOHOR,JOHOR BAHRU,BUKA,AWAM,KLINIK,KLINIK KESIHATAN
21-01020082,KK PASIR GUDANG,"JKR 5376, JALAN 8/1 PERJIRANAN 8, PASIR GUDANG",81700,JOHOR,JOHOR BAHRU,BUKA,AWAM,KLINIK,KLINIK KESIHATAN
21-01020185,KK PAYA MENGKUANG,"JKR 4091 JALAN KELASI, DESA PAYA MENGKUANG, GELANG PATAH",81550,JOHOR,JOHOR BAHRU,BUKA,AWAM,KLINIK,KLINIK KESIHATAN
21-01021044,KK SKUDAI BARU,"KLINIK KESIHATAN SKUDAI BARU, PTD 4418, JALAN HANG LEKIR 1, TAMAN SKUDAI BARU",81300,JOHOR,JOHOR BAHRU,BUKA,AWAM,KLINIK,KLINIK KESIHATAN
21-01020429,KK SULTAN ISMAIL,"JALAN PERSIARAN MUTIARA EMAS UTAMA, TAMAN MOUNT AUSTIN",81100,JOHOR,JOHOR BAHRU,BUKA,AWAM,KLINIK,KLINIK KESIHATAN
21-01020428,KK TAMAN UNIVERSITI,"JALAN KEBUDAYAAN 28, TAMAN UNIVERSITI",81300,JOHOR,JOHOR BAHRU,BUKA,AWAM,KLINIK,KLINIK KESIHATAN
21-01020108,KK TAMPOI,"JKR 4969, BATU 5 JALAN SKUDAI",81200,JOHOR,JOHOR BAHRU,BUKA,AWAM,KLINIK,KLINIK KESIHATAN
21-01020106,KK TEBRAU,"JKR 5409, 5410, 5413 JALAN KERAMBIT, TAMAN SRI TEBRAU",80050,JOHOR,JOHOR BAHRU,BUKA,AWAM,KLINIK,KLINIK KESIHATAN
21-01020114,KK ULU TIRAM,"JKR 2159, JALAN BESAR, ULU TIRAM",81800,JOHOR,JOHOR BAHRU,BUKA,AWAM,KLINIK,KLINIK KESIHATAN
21-01030055,KK KAHANG BATU 22,"LOT 96, JALAN MERSING BATU 22, KAHANG",86700,JOHOR,KLUANG,BUKA,AWAM,KLINIK,KLINIK KESIHATAN
21-01030056,KK KAHANG TIMUR,"JALAN MERAK, FELDA KAHANG TIMUR",86007,JOHOR,KLUANG,BUKA,AWAM,KLINIK,KLINIK KESIHATAN
21-01030067,KK LAYANG-LAYANG,"JALAN PEJABAT POS, LAYANG-LAYANG",81850,JOHOR,KLUANG,BUKA,AWAM,KLINIK,KLINIK KESIHATAN
21-01030052,KK MENGKIBOL,JALAN MENGKIBOL,86000,JOHOR,KLUANG,BUKA,AWAM,KLINIK,KLINIK KESIHATAN
21-01030073,KK PALOH,"NO 139 JALAN KLINIK, PALOH",86600,JOHOR,KLUANG,BUKA,AWAM,KLINIK,KLINIK KESIHATAN
21-01030092,KK RENGGAM,"PTD 2495, JALAN SIMPANG RENGGAM, RENGGAM",86300,JOHOR,KLUANG,BUKA,AWAM,KLINIK,KLINIK KESIHATAN
21-01030100,KK SIMPANG RENGGAM,"KLINIK KESIHATAN 3 SIMPANG RENGGAM, JALAN RAMBUTAN, SIMPANG RENGGAM",82600,JOHOR,KLUANG,BUKA,AWAM,KLINIK,KLINIK KESIHATAN
21-01030113,KK ULU BELITONG,"JALAN CEMARA, FELDA ULU BELITONG",86007,JOHOR,KLUANG,BUKA,AWAM,KLINIK,KLINIK KESIHATAN
21-01040027,KK AIR TAWAR 2,"FELDA AIR TAWAR 2, KOTA TINGGI",81900,JOHOR,KOTA TINGGI,BUKA,AWAM,KLINIK,KLINIK KESIHATAN
21-01040129,KK AIR TAWAR 5 (FELDA),"FELDA AIR TAWAR 5, KOTA TINGGI",81900,JOHOR,KOTA TINGGI,BUKA,AWAM,KLINIK,KLINIK KESIHATAN
21-01040033,KK BANDAR MAS,"BANDAR MAS, KOTA TINGGI",81900,JOHOR,KOTA TINGGI,BUKA,AWAM,KLINIK,KLINIK KESIHATAN
21-01040034,KK BANDAR PENAWAR,"JALAN PEMBANGUNAN, BANDAR PENAWAR",81900,JOHOR,KOTA TINGGI,BUKA,AWAM,KLINIK,KLINIK KESIHATAN
21-01040042,KK BUKIT BESAR,"FELDA BUKIT BESAR, KULAI JAYA",81450,JOHOR,KOTA TINGGI,BUKA,AWAM,KLINIK,KLINIK KESIHATAN
21-01040046,KK BUKIT WAHA,FELDA BUKIT WAHA,81900,JOHOR,KOTA TINGGI,BUKA,AWAM,KLINIK,KLINIK KESIHATAN
21-01040069,KK LOK HENG,JALAN AMANAH,81900,JOHOR,KOTA TINGGI,BUKA,AWAM,KLINIK,KLINIK KESIHATAN
21-01040088,KK PENGERANG,"FELDA LOK HENG, TANJUNG SURAT",81600,JOHOR,KOTA TINGGI,BUKA,AWAM,KLINIK,KLINIK KESIHATAN
21-01040062,KK SEDILI BESAR,"LOT 218, JALAN HJ MD LAZIM, KAMBU",81910,JOHOR,KOTA TINGGI,BUKA,AWAM,KLINIK,KLINIK KESIHATAN
21-01040109,KK TANJONG SEDILI,FELDA SENING,81900,JOHOR,KOTA TINGGI,BUKA,AWAM,KLINIK,KLINIK KESIHATAN
21-01041195,KK BANDAR KOTA TINGGI,"LOT 1385, JALAN SUNGAI SIPUT",81900,JOHOR,KOTA TINGGI,BUKA,AWAM,KLINIK,KLINIK KESIHATAN
21-01090402,KK KULAI,"JALAN PEJABAT KERAJAAN, KULAI, KULAIJAYA",81000,JOHOR,KULAI,BUKA,AWAM,KLINIK,KLINIK KESIHATAN
21-01090063,KK KULAI BESAR,"BATU 19 JALAN AIR HITAM, KULAIJAYA",81000,JOHOR,KULAI,BUKA,AWAM,KLINIK,KLINIK KESIHATAN
21-01091042,KK KELAPA SAWIT,"JALAN KELAPA SAWIT, SEDEMAL, KULAI",81000,JOHOR,KULAI,BUKA,AWAM,KLINIK,KLINIK KESIHATAN
21-01090327,KK SENAI,BATU 13 JALAN AIR HITAM,81400,JOHOR,KULAI,BUKA,AWAM,KLINIK,KLINIK KESIHATAN
21-01100043,KK BUKIT GAMBIR,"LOT 11961 KLINIK KESIHATAN BUKIT GAMBIR, GERSIK",84800,JOHOR,TANGKAK,BUKA,AWAM,KLINIK,KLINIK KESIHATAN
21-01100045,KK BUKIT SERAMPANG,"JALAN DURIAN CONDONG, BUKIT SERAMPANG, JEMENTAH, LEDANG",85220,JOHOR,TANGKAK,BUKA,AWAM,KLINIK,KLINIK KESIHATAN
21-01100051,KK GERSIK,"GERSIK, LEDANG",84700,JOHOR,TANGKAK,BUKA,AWAM,KLINIK,KLINIK KESIHATAN
21-01100083,KK PAYAMAS,"JALAN PAYAMAS, TANGKAK",84900,JOHOR,TANGKAK,BUKA,AWAM,KLINIK,KLINIK KESIHATAN
21-01100094,KK SAGIL,"JALAN SEGAMAT, LEDANG",84020,JOHOR,TANGKAK,BUKA,AWAM,KLINIK,KLINIK KESIHATAN
21-01050049,KK ENDAU,"JALAN SEKOLAH, MERSING",86800,JOHOR,MERSING,BUKA,AWAM,KLINIK,KLINIK KESIHATAN
21-01050071,KK MERSING KANAN,"JALAN ENDAU, MERSING",86800,JOHOR,MERSING,BUKA,AWAM,KLINIK,KLINIK KESIHATAN
21-01050237,KK NITAR 1,"JALAN MERBAH, MERSING",86800,JOHOR,MERSING,BUKA,AWAM,KLINIK,KLINIK KESIHATAN
21-01050110,KK TENGGAROH 02,"JEMALUANG, MERSING",86800,JOHOR,MERSING,BUKA,AWAM,KLINIK,KLINIK KESIHATAN
21-01050111,KK TENGLU,"KILOMETER 8, JALAN ENDAU, MERSING",86800,JOHOR,MERSING,BUKA,AWAM,KLINIK,KLINIK KESIHATAN
21-01060037,KK AIR HITAM,"BATU 15, AIR HITAM, MUAR",84200,JOHOR,MUAR,BUKA,AWAM,KLINIK,KLINIK KESIHATAN
21-01060031,KK BAKRI,"JALAN BATU NAMPAK, BAKRI",84200,JOHOR,MUAR,BUKA,AWAM,KLINIK,KLINIK KESIHATAN
21-01060032,KK MAHARANI,"JALAN HOSPITAL, TAMAN UTAMA 1",84000,JOHOR,MUAR,BUKA,AWAM,KLINIK,KLINIK KESIHATAN
21-01060044,KK BUKIT PASIR,JALAN PANCHOR,84000,JOHOR,MUAR,BUKA,AWAM,KLINIK,KLINIK KESIHATAN
21-01060057,KK MUAR,BYPASS OFF JALAN DATO' HAJI KOSAI,84000,JOHOR,MUAR,BUKA,AWAM,KLINIK,KLINIK KESIHATAN
21-01060068,KK LENGA,"BATU 29 LENGA, MUAR",84040,JOHOR,MUAR,BUKA,AWAM,KLINIK,KLINIK KESIHATAN
21-01060072,KK PAGOH,"BATU 15 JALAN MUAR LENGA, MUAR",84600,JOHOR,MUAR,BUKA,AWAM,KLINIK,KLINIK KESIHATAN
21-01060074,KK PARIT BAKAR,"JALAN TEMENGGUNG AHMAD, MUAR",84000,JOHOR,MUAR,BUKA,AWAM,KLINIK,KLINIK KESIHATAN
21-01060076,KK PARIT JAWA,"JALAN TEMENGGUNG AHMAD, MUAR",84150,JOHOR,MUAR,BUKA,AWAM,KLINIK,KLINIK KESIHATAN
21-01060081,KK PARIT YUSOF,"KLINIK KESIHATAN PARIT YUSOF , JALAN PARIT YUSOF, MUAR JOHOR",83600,JOHOR,MUAR,BUKA,AWAM,KLINIK,KLINIK KESIHATAN
21-01060103,KK SRI MENANTI,"PARIT JAWA, MUAR",84150,JOHOR,MUAR,BUKA,AWAM,KLINIK,KLINIK KESIHATAN
21-01070028,KK AYER BALOI,"AYER BALOI, PONTIAN",82100,JOHOR,PONTIAN,BUKA,AWAM,KLINIK,KLINIK KESIHATAN
21-01070041,KK BENUT,"JALAN PARIT ISMAIL, BENUT",82200,JOHOR,PONTIAN,BUKA,AWAM,KLINIK,KLINIK KESIHATAN
21-01070059,KK KAYU ARA PASONG,"JALAN KAYU ARA PASONG, API-API",82010,JOHOR,PONTIAN,BUKA,AWAM,KLINIK,KLINIK KESIHATAN
21-01070075,KK PARIT ISMAIL,"JALAN PARIT ISMAIL, PONTIAN",82200,JOHOR,PONTIAN,BUKA,AWAM,KLINIK,KLINIK KESIHATAN
21-01070085,KK PEKAN NANAS,"JALAN PEKAN NANAS, PONTIAN",81500,JOHOR,PONTIAN,BUKA,AWAM,KLINIK,KLINIK KESIHATAN
21-01070086,KK PENEROK,"JALAN KUKUP, PONTIAN",82300,JOHOR,PONTIAN,BUKA,AWAM,KLINIK,KLINIK KESIHATAN
21-01070091,KK PONTIAN,"JALAN ALSAGOFF, PONTIAN",82000,JOHOR,PONTIAN,BUKA,AWAM,KLINIK,KLINIK KESIHATAN
21-01070099,KK SERKAT,"JALAN SERKAT, PONTIAN",82030,JOHOR,PONTIAN,BUKA,AWAM,KLINIK,KLINIK KESIHATAN
21-01080035,KK BANDAR PUTRA,"JALAN GENUANG, BANDAR PUTRA, SEGAMAT",85000,JOHOR,SEGAMAT,BUKA,AWAM,KLINIK,KLINIK KESIHATAN
21-01080038,KK BATU ANAM,"JALAN BUKIT CANTIK, JALAN MUAR, BATU ANAM",85100,JOHOR,SEGAMAT,BUKA,AWAM,KLINIK,KLINIK KESIHATAN
21-01080040,KK BEKOK,JALAN GUNUNG,86500,JOHOR,SEGAMAT,BUKA,AWAM,KLINIK,KLINIK KESIHATAN
21-01080047,KK BULOH KASAP,"JALAN TASIK ALAI, BULUH KASAP",85010,JOHOR,SEGAMAT,BUKA,AWAM,KLINIK,KLINIK KESIHATAN
21-01080048,KK CHAAH,"CHAAH, SEGAMAT",85400,JOHOR,SEGAMAT,BUKA,AWAM,KLINIK,KLINIK KESIHATAN
21-01080054,KK JEMENTAH,"JALAN MUAR, JEMENTAH, SEGAMAT",85200,JOHOR,SEGAMAT,BUKA,AWAM,KLINIK,KLINIK KESIHATAN
21-01080065,KK LABIS,"JALAN PEJABAT, LABIS",85300,JOHOR,SEGAMAT,BUKA,AWAM,KLINIK,KLINIK KESIHATAN
21-01080084,KK PEKAN AIR PANAS,"PEKAN AIR PANAS, LABIS, SEGAMAT",85300,JOHOR,SEGAMAT,BUKA,AWAM,KLINIK,KLINIK KESIHATAN
21-01080087,KK PEMANIS,"FELDA PEMANIS, SEGAMAT",85009,JOHOR,SEGAMAT,BUKA,AWAM,KLINIK,KLINIK KESIHATAN
21-01080095,KK SEGAMAT,"JALAN MUAR, SEGAMAT",85000,JOHOR,SEGAMAT,BUKA,AWAM,KLINIK,KLINIK KESIHATAN
21-01080240,KK PALONG TIMUR,"PALONG TIMUR, BATU ANAM",85000,JOHOR,SEGAMAT,BUKA,AWAM,KLINIK,KLINIK KESIHATAN
21-01020424,KKOM BANDAR SRI ALAM,"BLOK A, RUMAH PANGSA SRI ALAM, JALAN PANGSA 64, BANDAR SRI ALAM",81750,JOHOR,JOHOR BAHRU,BUKA,AWAM,KLINIK,KLINIK KOMUNITI
21-01020422,KKOM SRI STULANG,"TINGKAT BAWAH, BLOK G, RUMAH PANGSA SRI STULANG 1, BAKAR BATU, TEBRAU",80050,JOHOR,JOHOR BAHRU,BUKA,AWAM,KLINIK,KLINIK KOMUNITI
21-01020441,KKOM BANDAR BARU KANGKAR PULAI,"ARAS BAWAH PANGSAPURI KENARI B1, JALAN PULAI HARMONI, BANDAR BARU KANGKAR PULAI",81300,JOHOR,JOHOR BAHRU,BUKA,AWAM,KLINIK,KLINIK KOMUNITI
21-01020444,KKOM TAMAN KOTA MASAI,"NO 20, JALAN TEMBIKAI 5, TAMAN KOTA MASAI",81750,JOHOR,JOHOR BAHRU,BUKA,AWAM,KLINIK,KLINIK KOMUNITI
21-01020443,KKOM LAMAN TASEK HARMONI,"ARAS BAWAH BLOK C, PANGSA LAMAN TASEK, JALAN HARMONI UTAMA, TAMAN TASEK",81100,JOHOR,JOHOR BAHRU,BUKA,AWAM,KLINIK,KLINIK KOMUNITI
21-01020463,KKOM TAMAN CEMPAKA,"BLOK 17, TAMAN CEMPAKA, KEMPAS",81200,JOHOR,JOHOR BAHRU,BUKA,AWAM,KLINIK,KLINIK KOMUNITI
21-01030426,KKOM TAMAN SERI LAMBAK,"BALAI AKTIVITI JKKMB, TAMAN SERI LAMBAK",86000,JOHOR,KLUANG,BUKA,AWAM,KLINIK,KLINIK KOMUNITI
21-01030447,KKOM TAMAN IMPIAN,"NO 11, JALAN IMPIAN 1, TAMAN IMPIAN",86000,JOHOR,KLUANG,BUKA,AWAM,KLINIK,KLINIK KOMUNITI
21-01030472,KKOM TAMAN EMAS,"NO.15, TINGKAT BAWAH, TAMAN EMAS, KLUANG",86000,JOHOR,KLUANG,BUKA,AWAM,KLINIK,KLINIK KOMUNITI
21-01090431,KKOM TAMAN PUTRI,"2635- JALAN SRI PUTRI 8/2, TAMAN PUTRI",81000,JOHOR,KULAI,BUKA,AWAM,KLINIK,KLINIK KOMUNITI
21-01090454,KKOM BANDAR PUTRA,"NO. 4909, JALAN MERBAU 13, BANDAR PUTRA",81000,JOHOR,KULAI,BUKA,AWAM,KLINIK,KLINIK KOMUNITI
21-01100445,KKOM TAMAN MEGA RIA,"NO 12, TAMAN MEGA RIA",84900,JOHOR,TANGKAK,BUKA,AWAM,KLINIK,KLINIK KOMUNITI
21-01100466,KKOM TAMAN HARMONI,"TAMAN HARMONI, TANJUNG AGAS, LEDANG",84000,JOHOR,TANGKAK,BUKA,AWAM,KLINIK,KLINIK KOMUNITI
21-01060427,KKOM TAMAN PAGOH JAYA,"NO.5, JALAN JAYA 1/3, TAMAN PAGOH JAYA, PAGOH",84600,JOHOR,MUAR,BUKA,AWAM,KLINIK,KLINIK KOMUNITI
21-01060451,KKOM TEMENGGONG AHMAD,"NO 6, JALAN SEJAHTERA 1, TAMAN SRI TEMENGGONG",84000,JOHOR,MUAR,BUKA,AWAM,KLINIK,KLINIK KOMUNITI
21-01080452,KKOM BUKIT SIPUT,"NO. 1, JALAN EMAS 1, BUKIT BARU, BUKIT SIPUT",85020,JOHOR,SEGAMAT,BUKA,AWAM,KLINIK,KLINIK KOMUNITI
21-01080453,KKOM TAMAN YAYASAN,"NO 19, JALAN BESTARI 4/10, TAMAN YAYASAN",85000,JOHOR,SEGAMAT,BUKA,AWAM,KLINIK,KLINIK KOMUNITI
21-01010139,KD BATU PUTIH,KAMPUNG BATU PUTEH SIMPANG LIMA BATU PAHAT,83000,JOHOR,BATU PAHAT,BUKA,AWAM,KLINIK,KLINIK DESA
21-01010168,KD KAMPUNG BARU,KAMPUNG BARU MUKIM 7 PARIT YAANI,83710,JOHOR,BATU PAHAT,BUKA,AWAM,KLINIK,KLINIK DESA
21-01010252,KD PARIT GANTONG,KAMPUNG PARIT GANTONG,83500,JOHOR,BATU PAHAT,BUKA,AWAM,KLINIK,KLINIK DESA
21-01010359,KD SUNGAI NIBONG,"KAMPUNG SUNGAI NIBONG, SEMERAH",83600,JOHOR,BATU PAHAT,BUKA,AWAM,KLINIK,KLINIK DESA
21-01010325,KD SEJAGONG,"JALAN PARIT JAYUS 3, SRI MEDAN BATU PAHAT",83400,JOHOR,BATU PAHAT,BUKA,AWAM,KLINIK,KLINIK DESA
21-01010132,KD ASSAM BUBOK,"KAMPUNG PARIT KHALID, MUKIM 7 PARIT RAJA",86400,JOHOR,BATU PAHAT,BUKA,AWAM,KLINIK,KLINIK DESA
21-01010247,KD BELEMAM,"KAMPUNG PARIT BELEMAM, MUKIM 6 TONGKANG PECHAH",83010,JOHOR,BATU PAHAT,BUKA,AWAM,KLINIK,KLINIK DESA
21-01010141,KD SRI BEROLEH,"JALAN PANCHOR, KAMPUNG PARIT HAJI SALLEH, BATU PAHAT",83000,JOHOR,BATU PAHAT,BUKA,AWAM,KLINIK,KLINIK DESA
21-01010142,KD BINDU,"KAMPUNG. BINDU, TONGKANG PECHAH",83010,JOHOR,BATU PAHAT,BUKA,AWAM,KLINIK,KLINIK DESA
21-01010208,KD KANGKAR BARU,"KAMPUNG. KANGKAR BARU, YONG PENG",83700,JOHOR,BATU PAHAT,BUKA,AWAM,KLINIK,KLINIK DESA
21-01010210,KD KANGKAR SENANGAR,"JKR 1550A KANGKAR SENANGAR, PARIT SULONG",83500,JOHOR,BATU PAHAT,BUKA,AWAM,KLINIK,KLINIK DESA
21-01010229,KD LINAU KECIL,"KAMPUNGLINAU KECIL, BUKIT PASIR BATU PAHAT",83050,JOHOR,BATU PAHAT,BUKA,AWAM,KLINIK,KLINIK DESA
21-01010235,KD MINYAK BEKU,"KAMPUNG. MINYAK BEKU, BATU PAHAT",83000,JOHOR,BATU PAHAT,BUKA,AWAM,KLINIK,KLINIK DESA
21-01010243,KD PARIT ABDUL RAHMAN,"KAMPUNG. PARIT ABDUL RAHMAN, MUKIM 4 SIMPANG KIRI",83500,JOHOR,BATU PAHAT,BUKA,AWAM,KLINIK,KLINIK DESA
21-01010260,KD PARIT AMIL,"KAMPUNG PARIT AMIL, YONG PENG",83740,JOHOR,BATU PAHAT,BUKA,AWAM,KLINIK,KLINIK DESA
21-01010246,KD PARIT BASRI,"KAMPUNG PARIT BASRI, SRI MEDAN",83400,JOHOR,BATU PAHAT,BUKA,AWAM,KLINIK,KLINIK DESA
21-01010248,KD PARIT BETALING,"KAMPUNG BETALING, SRI MEDAN",83400,JOHOR,BATU PAHAT,BUKA,AWAM,KLINIK,KLINIK DESA
21-01010249,KD PARIT BILAL,"JALAN BUKIT PASIR, BUKIT PASIR BATU PAHAT",83000,JOHOR,BATU PAHAT,BUKA,AWAM,KLINIK,KLINIK DESA
21-01010258,KD PARIT HAJI SALAM,"KAMPUNG. PARIT HAJI ABDUL SALAM, SIMPANG LIMA BATU PAHAT",83020,JOHOR,BATU PAHAT,BUKA,AWAM,KLINIK,KLINIK DESA
21-01010261,KD PARIT HYLAM,"KAMPUNG PARIT HYLAM, SENGGARANG",83200,JOHOR,BATU PAHAT,BUKA,AWAM,KLINIK,KLINIK DESA
21-01010264,KD PARIT JELUTONG,"KAMPUNG PARIT JELUTONG, PARIT RAJA",86400,JOHOR,BATU PAHAT,BUKA,AWAM,KLINIK,KLINIK DESA
21-01010265,KD PARIT KADER,"KAMPUNG PARIT KADIR, SENGGARANG",83200,JOHOR,BATU PAHAT,BUKA,AWAM,KLINIK,KLINIK DESA
21-01010267,KD PARIT KASIH,"KAMPUNG PARIT KASIH, SENGGARANG",83000,JOHOR,BATU PAHAT,BUKA,AWAM,KLINIK,KLINIK DESA
21-01010269,KD PARIT KEMANG,"KAMPUNG PARIT KEMANG, SENGGARANG",83200,JOHOR,BATU PAHAT,BUKA,AWAM,KLINIK,KLINIK DESA
21-01010271,KD PARIT KUDA,"JALAN MUAR KAMPUNG PARIT KUDA, SEMERAH",83600,JOHOR,BATU PAHAT,BUKA,AWAM,KLINIK,KLINIK DESA
21-01010222,KD PARIT LAPIS SEMPADAN,"KAMPUNG. PARIT LAPIS SEMPADAN, PARIT RAJA",86400,JOHOR,BATU PAHAT,BUKA,AWAM,KLINIK,KLINIK DESA
21-01010273,KD PARIT LUBOK,"KAMPUNG. PARIT LUBOK, SEMERAH",83600,JOHOR,BATU PAHAT,BUKA,AWAM,KLINIK,KLINIK DESA
21-01010274,KD PARIT MAIMON,"KAMPUNG. PARIT MAIMON, PARIT SULONG",83500,JOHOR,BATU PAHAT,BUKA,AWAM,KLINIK,KLINIK DESA
21-01010277,KD SRI PANDAN,"JALAN PARIT KARJO, PARIT RAJA",86400,JOHOR,BATU PAHAT,BUKA,AWAM,KLINIK,KLINIK DESA
21-01010287,KD PARIT SANGIT,KAMPUNG PARIT SANGIT,83600,JOHOR,BATU PAHAT,BUKA,AWAM,KLINIK,KLINIK DESA
21-01010290,KD PARIT SEMARANG,"KAMPUNG PARIT SEMARANG, PARIT RAJA",86400,JOHOR,BATU PAHAT,BUKA,AWAM,KLINIK,KLINIK DESA
21-01010294,KD PARIT WARIJO,"KAMPUNG. PARIT WARIJO, SRI MEDAN",83400,JOHOR,BATU PAHAT,BUKA,AWAM,KLINIK,KLINIK DESA
21-01010295,KD PARIT YOB,"SRI BENGKAL, BATU PAHAT",83300,JOHOR,BATU PAHAT,BUKA,AWAM,KLINIK,KLINIK DESA
21-01010300,KD PATAH PEDANG,"JALAN PATAH PEDANG, MUKIM MINYAK BEKU BATU PAHAT",83000,JOHOR,BATU PAHAT,BUKA,AWAM,KLINIK,KLINIK DESA
21-01010306,KD PERPAT,"KAMPUNG. PARIT PERPAT DARAT, RENGIT",83100,JOHOR,BATU PAHAT,BUKA,AWAM,KLINIK,KLINIK DESA
21-01010308,KD PESERAI,BATU 4 1/2 JALAN PESERAI,83000,JOHOR,BATU PAHAT,BUKA,AWAM,KLINIK,KLINIK DESA
21-01010331,KD SEPARAP,"KAMPUNG PARIT SEPARAP, PARIT SULONG",83500,JOHOR,BATU PAHAT,BUKA,AWAM,KLINIK,KLINIK DESA
21-01010336,KD SIMPANG ENAM,"KAMPUNG SIMPANG ENAM, RENGIT, BATU PAHAT",83100,JOHOR,BATU PAHAT,BUKA,AWAM,KLINIK,KLINIK DESA
21-01010342,KD SRI LADANG,KAMPUNG SRI LADANG,83100,JOHOR,BATU PAHAT,BUKA,AWAM,KLINIK,KLINIK DESA
21-01010345,KD SRI MENANTI,"JALAN PARIT BANGAS, SRI MEDAN KAMPUNG SRI MENANTI",83400,JOHOR,BATU PAHAT,BUKA,AWAM,KLINIK,KLINIK DESA
21-01010346,KD SRI MENDAPAT,KAMPUNG SRI MENDAPAT,86400,JOHOR,BATU PAHAT,BUKA,AWAM,KLINIK,KLINIK DESA
21-01010347,KD PARIT NIPAH,"KAMPUNG. PARIT NIPAH DARAT, PARIT RAJA",86400,JOHOR,BATU PAHAT,BUKA,AWAM,KLINIK,KLINIK DESA
21-01010349,KD SUNGAI AYAM,"JALAN SUNGAI AYAM DARAT, KAMPUNG. SUNGAI. AYAM",83040,JOHOR,BATU PAHAT,BUKA,AWAM,KLINIK,KLINIK DESA
21-01010357,KD SUNGAI MERLONG,"KAMPUNG SUNGAI MERLONG, JALAN PONTIAN, RENGIT",83100,JOHOR,BATU PAHAT,BUKA,AWAM,KLINIK,KLINIK DESA
21-01010366,KD TALANG BUNUT,"KAMPUNG TALANG BUNUT OLAK BATU, PARIT RAJA",86400,JOHOR,BATU PAHAT,BUKA,AWAM,KLINIK,KLINIK DESA
21-01010370,KD TANJUNG LABOH,"BATU 10 KAMPUNG KORIS, TANJUNG LABOH",83200,JOHOR,BATU PAHAT,BUKA,AWAM,KLINIK,KLINIK DESA
21-01010372,KD TANJUNG SEMBERONG,"KAMPUNG. TANJUNG SEMBERONG, MUKIM 7 PARIT RAJA",86400,JOHOR,BATU PAHAT,BUKA,AWAM,KLINIK,KLINIK DESA
21-01010448,KK TAMAN CERIA,"NO.6, JALAN CERIA, TAMAN CERIA BATU PAHAT, JOHO",83000,JOHOR,BATU PAHAT,BUKA,AWAM,KLINIK,KLINIK KOMUNITI
21-01020131,KD ANTOI,"JALAN ANTOI, MAJIDEE BARU",81100,JOHOR,JOHOR BAHRU,BUKA,AWAM,KLINIK,KLINIK DESA
21-01020167,KD BAKAR BATU,"JKR 3302, JALAN SEKOLAH, BAKAR BATU",80150,JOHOR,JOHOR BAHRU,BUKA,AWAM,KLINIK,KLINIK DESA
21-01020188,KD KAMPUNG PULAI,KAMPUNG PULAI,81300,JOHOR,JOHOR BAHRU,BUKA,AWAM,KLINIK,KLINIK DESA
21-01020209,KD KANGKAR PULAI,"JKR 6266, KANGKAR PULAI",81110,JOHOR,JOHOR BAHRU,BUKA,AWAM,KLINIK,KLINIK DESA
21-01020211,KD KANGKAR TEBRAU,"JKR 5496, JALAN KANGKAR TEBRAU",81100,JOHOR,JOHOR BAHRU,BUKA,AWAM,KLINIK,KLINIK DESA
21-01020215,KD KEMPAS BARU,"JKR 5853, JALAN LURAH 2, KEMPAS BARU",81200,JOHOR,JOHOR BAHRU,BUKA,AWAM,KLINIK,KLINIK DESA
21-01020228,KD LIMA KEDAI,"ARAS BAWAH, BLOK A, TAMAN PERUMAHAN LIMA KEDAI, GELANG PATAH",81300,JOHOR,JOHOR BAHRU,BUKA,AWAM,KLINIK,KLINIK DESA
21-01020179,KD MAJU JAYA,"JKR 4798, KAMPUNG MAJU JAYA",81300,JOHOR,JOHOR BAHRU,BUKA,AWAM,KLINIK,KLINIK DESA
21-01020183,KD PASIR PUTIH,"JKR 4498, KAMPUNG PASIR PUTIH, MASAI, JOHOR",81700,JOHOR,JOHOR BAHRU,BUKA,AWAM,KLINIK,KLINIK DESA
21-01020310,KD PLENTONG,"JKR 6124, JALAN BUNGA MATAHARI, PLENTONG, MASAI",81750,JOHOR,JOHOR BAHRU,BUKA,AWAM,KLINIK,KLINIK DESA
21-01020356,KD SUNGAI MELAYU,KAMPUNG. SUNGAI MELAYU,80200,JOHOR,JOHOR BAHRU,BUKA,AWAM,KLINIK,KLINIK DESA
21-01020364,KD SUNGAI TIRAM,"JKR 2114, JALAN SUNGAI. TIRAM",81800,JOHOR,JOHOR BAHRU,BUKA,AWAM,KLINIK,KLINIK DESA
21-01020367,KD TANJONG LANGSAT,"JKR 5376, JALAN KAMPUNG TG LANGSAT, MASAI, JOHOR",81750,JOHOR,JOHOR BAHRU,BUKA,AWAM,KLINIK,KLINIK DESA
21-01020389,KD ULU TEBRAU (FELDA),"3195A- FELDA ULU TEBRAU, ULU TIRAM",81800,JOHOR,JOHOR BAHRU,BUKA,AWAM,KLINIK,KLINIK DESA
21-01030156,KD FELDA LAYANG-LAYANG,"JALAN TERKUKUR, FELDA LAYANG-LAYANG",86200,JOHOR,KLUANG,BUKA,AWAM,KLINIK,KLINIK DESA
21-01030255,KD KAMPUNG PARIT HAJI HASHIM,"KAMPUNG PARIT HAJI HASHIM, KLUANG",86200,JOHOR,KLUANG,BUKA,AWAM,KLINIK,KLINIK DESA
21-01030233,KD MACAP,"JKR 1034, KAMPUNG MACAP SRI MACAP",86200,JOHOR,KLUANG,BUKA,AWAM,KLINIK,KLINIK DESA
21-01030355,KD SUNGAI LINAU,"SIMPANG RENGGAM, KLUANG",86200,JOHOR,KLUANG,BUKA,AWAM,KLINIK,KLINIK DESA
21-01030387,KD ULU BENUT,"SIMPANG RENGGAM, KLUANG",86200,JOHOR,KLUANG,BUKA,AWAM,KLINIK,KLINIK DESA
21-01030155,KD FELDA KAHANG BARAT,"KAHANG BARAT, KLUANG",86000,JOHOR,KLUANG,BUKA,AWAM,KLINIK,KLINIK DESA
21-01030184,KD KAMPUNG PAYA,JALAN KAMPUNG PAYA,86000,JOHOR,KLUANG,BUKA,AWAM,KLINIK,KLINIK DESA
21-01030201,KD KAMPUNG TENGAH,JALAN SEKOLAH,86300,JOHOR,KLUANG,BUKA,AWAM,KLINIK,KLINIK DESA
21-01030470,KD BUKIT BATU,"MACAP, SIMPANG RENGGAM, KLUANG",86200,JOHOR,KLUANG,BUKA,AWAM,KLINIK,KLINIK DESA
21-01040136,KD BATU 4,JALAN TUN HABAB,81900,JOHOR,KOTA TINGGI,BUKA,AWAM,KLINIK,KLINIK DESA
21-01040433,KD PUNGGAI,JALAN TERSUSUN PUNGGAI,81900,JOHOR,KOTA TINGGI,BUKA,AWAM,KLINIK,KLINIK DESA
21-01040127,KD AIR TAWAR 3 (FELDA),FELDA AIR TAWAR 3,81900,JOHOR,KOTA TINGGI,BUKA,AWAM,KLINIK,KLINIK DESA
21-01040130,KD AIR TAWAR I (FELDA),FELDA AIR TAWAR 1,81900,JOHOR,KOTA TINGGI,BUKA,AWAM,KLINIK,KLINIK DESA
21-01040143,KD APING BARAT (FELDA),FELDA APING BARAT,81900,JOHOR,KOTA TINGGI,BUKA,AWAM,KLINIK,KLINIK DESA
21-01040144,KD APING TIMUR (FELDA),FELDA APING TIMUR,81900,JOHOR,KOTA TINGGI,BUKA,AWAM,KLINIK,KLINIK DESA
21-01040150,KD BUKIT RAMUN (FELDA),FELDA BUKIT RAMUN,81900,JOHOR,KOTA TINGGI,BUKA,AWAM,KLINIK,KLINIK DESA
21-01040173,KD GEMBUT,JALAN TANJUNG SEDILI,81900,JOHOR,KOTA TINGGI,BUKA,AWAM,KLINIK,KLINIK DESA
21-01040178,KD KAMPUNG LINTING,KAMPUNG LINTING,81900,JOHOR,KOTA TINGGI,BUKA,AWAM,KLINIK,KLINIK DESA
21-01040220,KD KUALA SEDILI KECIL,KAMPUNG. SEDILI KECIL,81900,JOHOR,KOTA TINGGI,BUKA,AWAM,KLINIK,KLINIK DESA
21-01040230,KD LINGGIU (FELDA),FELDA LINGGUI,81900,JOHOR,KOTA TINGGI,BUKA,AWAM,KLINIK,KLINIK DESA
21-01040180,KD MAWAI BARU,JALAN TANJUNG SEDILI,81900,JOHOR,KOTA TINGGI,BUKA,AWAM,KLINIK,KLINIK DESA
21-01040298,KD PASIR GOGOK,KAMPUNG. PASIR GOGOK,81900,JOHOR,KOTA TINGGI,BUKA,AWAM,KLINIK,KLINIK DESA
21-01040299,KD PASIR RAJA (FELDA),FELDA PASIR RAJA,81900,JOHOR,KOTA TINGGI,BUKA,AWAM,KLINIK,KLINIK DESA
21-01040309,KD PETRI JAYA,FELDA PETRI JAYA,81900,JOHOR,KOTA TINGGI,BUKA,AWAM,KLINIK,KLINIK DESA
21-01040192,KD SEMANGGAR,KAMPUNG SEMANGGAR DALAM,81900,JOHOR,KOTA TINGGI,BUKA,AWAM,KLINIK,KLINIK DESA
21-01040326,KD SEMENCHU (FELDA),FELDA SEMENCHU,81900,JOHOR,KOTA TINGGI,BUKA,AWAM,KLINIK,KLINIK DESA
21-01040270,KD SG TELOR,"KAMPUNG SERI JAYA, SUNGAI TELOR",81900,JOHOR,KOTA TINGGI,BUKA,AWAM,KLINIK,KLINIK DESA
21-01040348,KD SUNGAI ARA (FELCRA),FELCRA SUNGAI ARA,81900,JOHOR,KOTA TINGGI,BUKA,AWAM,KLINIK,KLINIK DESA
21-01040361,KD SUNGAI SAYONG (FELDA),FELDA SUNGAI SAYONG,81900,JOHOR,KOTA TINGGI,BUKA,AWAM,KLINIK,KLINIK DESA
21-01040362,KD SUNGAI SIBOL (FELDA),FELDA SUNGAI SIBOL,81900,JOHOR,KOTA TINGGI,BUKA,AWAM,KLINIK,KLINIK DESA
21-01040200,KD TANJONG BUAI,KAMPUNG. TANJUNG BUAI,81900,JOHOR,KOTA TINGGI,BUKA,AWAM,KLINIK,KLINIK DESA
21-01040368,KD TANJONG SERINDIT,KAMPUNG TANJUNG SERINDIT,81900,JOHOR,KOTA TINGGI,BUKA,AWAM,KLINIK,KLINIK DESA
21-01040376,KD TELOK SENGAT,KAMPUNG TELOK SENGAT,81900,JOHOR,KOTA TINGGI,BUKA,AWAM,KLINIK,KLINIK DESA
21-01040377,KD TELUK RAMUNIA,JALAN RAMUNIA,81900,JOHOR,KOTA TINGGI,BUKA,AWAM,KLINIK,KLINIK DESA
21-01040384,KD TENGGAROH SELATAN 1,FELDA TENGGAROH 1,81900,JOHOR,KOTA TINGGI,BUKA,AWAM,KLINIK,KLINIK DESA
21-01090418,KD KAMPUNG BAHAGIA,JALAN MAWAR KAMPUNG BAHAGIA,81000,JOHOR,KULAI,BUKA,AWAM,KLINIK,KLINIK DESA
21-01090125,KD AIR BEMBAN,BATU 25 JALAN AIR HITAM,80950,JOHOR,KULAI,BUKA,AWAM,KLINIK,KLINIK DESA
21-01090145,KD FELDA BUKIT BATU,"JKR 3736, JALAN KLINIK, KULAI",81020,JOHOR,KULAI,BUKA,AWAM,KLINIK,KLINIK DESA
21-01090149,KD FELDA BUKIT PERMAI,JALAN SEKOLAH KULAI,81000,JOHOR,KULAI,BUKA,AWAM,KLINIK,KLINIK DESA
21-01090161,KD FELDA INAS,JALAN TITIWANGSA KULAI,80950,JOHOR,KULAI,BUKA,AWAM,KLINIK,KLINIK DESA
21-01090170,KD KAMPUNG BUKIT BATU,BATU 28 JALAN AIR HITAM,81000,JOHOR,KULAI,BUKA,AWAM,KLINIK,KLINIK DESA
21-01090319,KD SALENG,BATU 17 JALAN AIR HITAM,80950,JOHOR,KULAI,BUKA,AWAM,KLINIK,KLINIK DESA
21-01090324,KD SEDENAK,BATU 24 LORONG 4,81010,JOHOR,KULAI,BUKA,AWAM,KLINIK,KLINIK DESA
21-01090388,KD ULU CHOH,KAMPUNG ULU CHOH,81150,JOHOR,KULAI,BUKA,AWAM,KLINIK,KLINIK DESA
21-01100419,KD BUKIT KANGKAR,BATU 19 1/2 JALAN MUAR,84400,JOHOR,TANGKAK,BUKA,AWAM,KLINIK,KLINIK DESA
21-01100373,KD TELOK BAKONG,"SEROM, SUNGAI MATI LEDANG",84410,JOHOR,TANGKAK,BUKA,AWAM,KLINIK,KLINIK DESA
21-01100212,KD KEBUN BARU,"SAGIL, LEDANG",84020,JOHOR,TANGKAK,BUKA,AWAM,KLINIK,KLINIK DESA
21-01100217,KD KESANG,"BATU 7, KESANG",84900,JOHOR,TANGKAK,BUKA,AWAM,KLINIK,KLINIK DESA
21-01100177,KD KUNDANG ULU,"GERSIK, LEDANG",84710,JOHOR,TANGKAK,BUKA,AWAM,KLINIK,KLINIK DESA
21-01100242,KD PANTAI LAYANG,"SUNGAI MATI, LEDANG",84400,JOHOR,TANGKAK,BUKA,AWAM,KLINIK,KLINIK DESA
21-01100283,KD PARIT RAJA,"GERSIK, LEDANG",84700,JOHOR,TANGKAK,BUKA,AWAM,KLINIK,KLINIK DESA
21-01100296,KD PARIT ZING,"SEROM 8, SUNGAI MATI",84410,JOHOR,TANGKAK,BUKA,AWAM,KLINIK,KLINIK DESA
21-01100323,KD SAWAH RING,"GERSIK, LEDANG",84700,JOHOR,TANGKAK,BUKA,AWAM,KLINIK,KLINIK DESA
21-01100328,KD SENGKANG BATU 18,"BUKIT GAMBIR, LEDANG",84800,JOHOR,TANGKAK,BUKA,AWAM,KLINIK,KLINIK DESA
21-01100329,KD SENGKANG BATU 20,"BUKIT GAMBIR, LEDANG",84800,JOHOR,TANGKAK,BUKA,AWAM,KLINIK,KLINIK DESA
21-01100332,KD SEROM 1,"SEROM, SUNGAI MATI LEDANG",84410,JOHOR,TANGKAK,BUKA,AWAM,KLINIK,KLINIK DESA
21-01100333,KD SEROM 2,"SEROM, SUNGAI MATI LEDANG",84410,JOHOR,TANGKAK,BUKA,AWAM,KLINIK,KLINIK DESA
21-01100334,KD SEROM 3,"SEROM, SUNGAI. MATI LEDANG",84410,JOHOR,TANGKAK,BUKA,AWAM,KLINIK,KLINIK DESA
21-01100335,KD SEROM 6,"SUNGAI MATI, LEDANG",84410,JOHOR,TANGKAK,BUKA,AWAM,KLINIK,KLINIK DESA
21-01100337,KD SIMPANG LIMA DARAT,"BUKIT GAMBIR, LEDANG",84800,JOHOR,TANGKAK,BUKA,AWAM,KLINIK,KLINIK DESA
21-01100338,KD SIMPANG LIMA PEKAN,"BUKIT GAMBIR, LEDANG",84800,JOHOR,TANGKAK,BUKA,AWAM,KLINIK,KLINIK DESA
21-01100341,KD FELDA SRI JAYA (FELDA),"JEMENTAH, LEDANG",85220,JOHOR,TANGKAK,BUKA,AWAM,KLINIK,KLINIK DESA
21-01100344,KD SRI LEDANG (FELDA),"JEMENTAH, LEDANG",85220,JOHOR,TANGKAK,BUKA,AWAM,KLINIK,KLINIK DESA
21-01100462,KD BELEMANG,"SEROM, SUNGAI MATI",84410,JOHOR,TANGKAK,BUKA,AWAM,KLINIK,KLINIK DESA
21-01050174,KD KAMPUNG HUBONG,663 JALAN KAMPUNG HUBONG,86900,JOHOR,MERSING,BUKA,AWAM,KLINIK,KLINIK DESA
21-01050312,KD PULAU AUR,"KAMPUNG TELUK SAKINAH, PULAU AUR",86800,JOHOR,MERSING,BUKA,AWAM,KLINIK,KLINIK DESA
21-01050313,KD PULAU PEMANGGIL,"KAMPUNG BAUA, PULAU PEMANGGIL",86800,JOHOR,MERSING,BUKA,AWAM,KLINIK,KLINIK DESA
21-01050315,KD PULAU TINGGI,TG BALANG,86800,JOHOR,MERSING,BUKA,AWAM,KLINIK,KLINIK DESA
21-01050322,KD SAWAH DATOK,JALAN ENDAU,86800,JOHOR,MERSING,BUKA,AWAM,KLINIK,KLINIK DESA
21-01050196,KD SRI PANTAI,JALAN MASJID,86800,JOHOR,MERSING,BUKA,AWAM,KLINIK,KLINIK DESA
21-01050385,KD TRIANG,JALAN TRIANG,86900,JOHOR,MERSING,BUKA,AWAM,KLINIK,KLINIK DESA
21-01060189,KD KAMPUNG RAJA,JKR 1661 KAMPUNG RAJA PAGOH,84600,JOHOR,MUAR,BUKA,AWAM,KLINIK,KLINIK DESA
21-01060421,KD PANJANG SARI,"JKR (B) 3247 A,KAMPUNG PANJANG SARI, PAGOH",84600,JOHOR,MUAR,BUKA,AWAM,KLINIK,KLINIK DESA
21-01060126,KD BATU 18 1/2 AIR HITAM,BATU 18 1/2 AIR HITAM MUAR,84060,JOHOR,MUAR,BUKA,AWAM,KLINIK,KLINIK DESA
21-01060224,KD BATU 23 PAGOH,JKR 2294 KAMPUNG HJ. ASARI BATU. 23 PAGOH,84600,JOHOR,MUAR,BUKA,AWAM,KLINIK,KLINIK DESA
21-01060225,KD BATU 28 LENGA,JKR 1834 BATU. 28 LENGA,84600,JOHOR,MUAR,BUKA,AWAM,KLINIK,KLINIK DESA
21-01060226,KD BATU 31 LENGA,JKR 1078 KAMPUNG BATU. 31 JALAN YACOB LENGA,84040,JOHOR,MUAR,BUKA,AWAM,KLINIK,KLINIK DESA
21-01060146,KD BUKIT KEPONG,JKR 1079 PEKAN BUKIT KEPONG,84600,JOHOR,MUAR,BUKA,AWAM,KLINIK,KLINIK DESA
21-01060147,KD FELCRA BUKIT KEPONG,"JKR 3811, FELCRA BUKIT KEPONG",84030,JOHOR,MUAR,BUKA,AWAM,KLINIK,KLINIK DESA
21-01060148,KD BUKIT MOR,"JKR 111, JALAN MAHMOOD BUKIT MOR PARIT JAWA",84150,JOHOR,MUAR,BUKA,AWAM,KLINIK,KLINIK DESA
21-01060223,KD BATU 27 LENGA,JKR 3811 KAMPUNG BARU BATU 28 LENGA,84040,JOHOR,MUAR,BUKA,AWAM,KLINIK,KLINIK DESA
21-01060162,KD JERAM TEPI,JKR 1077 JALAN SIMPANG JERAM MUAR,84200,JOHOR,MUAR,BUKA,AWAM,KLINIK,KLINIK DESA
21-01060163,KD JORAK,KAMPUNG JORAK,84300,JOHOR,MUAR,BUKA,AWAM,KLINIK,KLINIK DESA
21-01060193,KD KAMPUNG SEMASIH,JKR 2569 KAMPUNG SEMASIH PANCHOR MUAR,84500,JOHOR,MUAR,BUKA,AWAM,KLINIK,KLINIK DESA
21-01060207,KD KAMPUNG TUI,JKR 1080 BUKIT KEPONG,84040,JOHOR,MUAR,BUKA,AWAM,KLINIK,KLINIK DESA
21-01060227,KD LIANG BATU,JKR 1316 KAMPUNG LIANG BATU PAGOH,84600,JOHOR,MUAR,BUKA,AWAM,KLINIK,KLINIK DESA
21-01060241,KD PANCHOR,"JKR 1315 JALAN ABDULLAH, PANCHOR",84500,JOHOR,MUAR,BUKA,AWAM,KLINIK,KLINIK DESA
21-01060244,KD PARIT BAKAR DARAT,JKR 1071 KAMPUNG PT BAKAR DARAT,84000,JOHOR,MUAR,BUKA,AWAM,KLINIK,KLINIK DESA
21-01060245,KD PARIT BARU,JKR 2184 KAMPUNG PT BARU JALAN PT YUSOF,84060,JOHOR,MUAR,BUKA,AWAM,KLINIK,KLINIK DESA
21-01060250,KD PARIT BULAT DARAT,JALAN YUSOF MUAR,84160,JOHOR,MUAR,BUKA,AWAM,KLINIK,KLINIK DESA
21-01060251,KD PARIT BULAT LINTANG,JKR 2729 KAMPUNG PT BULAT LINTANG SRI MENANTI,84160,JOHOR,MUAR,BUKA,AWAM,KLINIK,KLINIK DESA
21-01060256,KD PARIT LATIFF,"KAMPUNG PARIT BUGIS, PARIT YUSOF, MUAR JOHOR",83600,JOHOR,MUAR,BUKA,AWAM,KLINIK,KLINIK DESA
21-01060268,KD PARIT KASSIM LAUT,"JKR 2763 KAMPUNG PT. KASSIM LAUT, JALAN ABD RAHMAN",84150,JOHOR,MUAR,BUKA,AWAM,KLINIK,KLINIK DESA
21-01060239,KD PARIT KEROMA,"JKR 2607 KAMPUNG PT KEROMA, JALAN ABD RAHMAN",84000,JOHOR,MUAR,BUKA,AWAM,KLINIK,KLINIK DESA
21-01060278,KD PARIT PAYUNG,JKR 1028 KAMPUNG PARIT PAYUNG,84000,JOHOR,MUAR,BUKA,AWAM,KLINIK,KLINIK DESA
21-01060279,KD PARIT PECAH,JKR 2660 KAMPUNG PARIT PECAH,84160,JOHOR,MUAR,BUKA,AWAM,KLINIK,KLINIK DESA
21-01060281,KD PARIT PINANG SERIBU,"JKR 1075, KAMPUNG PT PINANG 1000 DRT. JALAN TEMENGGUNG AHMAD",84000,JOHOR,MUAR,BUKA,AWAM,KLINIK,KLINIK DESA
21-01060285,KD PARIT SAMSU DARAT,JKR 1144 KAMPUNG. PT. SAMSU JALAN TEMENGGUNG AHMAD,84000,JOHOR,MUAR,BUKA,AWAM,KLINIK,KLINIK DESA
21-01060286,KD PARIT SAMSU ULU,"JKR 1036, KAMPUNG PT. SAMSU DRT",84150,JOHOR,MUAR,BUKA,AWAM,KLINIK,KLINIK DESA
21-01060293,KD PARIT ULU JAMIL,"JKR 1116 JALAN BARU PT. JAMIL,PT JAWA",84150,JOHOR,MUAR,BUKA,AWAM,KLINIK,KLINIK DESA
21-01060186,KD PAYA REDAN,"JKR 1954, JALAN PAGOH MUAR",84600,JOHOR,MUAR,BUKA,AWAM,KLINIK,KLINIK DESA
21-01060321,KD SARANG BUAYA,"KLINIK DESA SARANG BUAYA , PARIT YUSOF , MUAR ,JOHOR",83500,JOHOR,MUAR,BUKA,AWAM,KLINIK,KLINIK DESA
21-01060350,KD SUNGAI BALANG DARAT,"KLINIK DESA SUNGAI BALANG DARAT , PARIT YUSOF , MUAR JOHOR",84160,JOHOR,MUAR,BUKA,AWAM,KLINIK,KLINIK DESA
21-01060351,KD SUNGAI GERSIK,KAMPUNG SUNGAI GERSIK,84000,JOHOR,MUAR,BUKA,AWAM,KLINIK,KLINIK DESA
21-01060358,KD SUNGAI MUDA,JKR 1515 KAMPUNG SUNGAI MUDA,84160,JOHOR,MUAR,BUKA,AWAM,KLINIK,KLINIK DESA
21-01060363,KD SUNGAI TERAP,JKR 2173 KAMPUNG SUNGAI TERAP MUAR,84000,JOHOR,MUAR,BUKA,AWAM,KLINIK,KLINIK DESA
21-01060371,KD TANJUNG SELABU,"JKR 1916, KAMPUNG TG. SELABU BKT. PASIR",84300,JOHOR,MUAR,BUKA,AWAM,KLINIK,KLINIK DESA
21-01060378,KD TEMIANG,JKR 1317 KAMPUNG TEMIANG MUAR,84000,JOHOR,MUAR,BUKA,AWAM,KLINIK,KLINIK DESA
21-01070138,KD BATU HAMPAR,"JALAN PARIT HJ MOHAMMAD, BATU HAMPAR AYER BALOI",82100,JOHOR,PONTIAN,BUKA,AWAM,KLINIK,KLINIK DESA
21-01070169,KD KAMPUNG BARU,JALAN KAMPUNG BARU KUKUP,82030,JOHOR,PONTIAN,BUKA,AWAM,KLINIK,KLINIK DESA
21-01070320,KD SANGLANG,"JALAN SANGLANG AYER BALOI, PONTIAN",82100,JOHOR,PONTIAN,BUKA,AWAM,KLINIK,KLINIK DESA
21-01070135,KD PENGKALAN RAJA,BATU 30 PENGKALAN RAJA PEKAN NANAS,82000,JOHOR,PONTIAN,BUKA,AWAM,KLINIK,KLINIK DESA
21-01070191,KD KAMPUNG SAWAH,JALAN SAWAH PEKAN NANAS,81500,JOHOR,PONTIAN,BUKA,AWAM,KLINIK,KLINIK DESA
21-01070221,KD KUKUP LAUT,JALAN KUKUP PONTIAN,82030,JOHOR,PONTIAN,BUKA,AWAM,KLINIK,KLINIK DESA
21-01070181,KD MELAYU RAYA,"JALAN MELAYU RAYA PEKAN NANAS, PONTIAN",81500,JOHOR,PONTIAN,BUKA,AWAM,KLINIK,KLINIK DESA
21-01070288,KD PARIT 1 SANGLANG,"JALAN PT. SATU SANGLANG AYER BALOI, PONTIAN",82100,JOHOR,PONTIAN,BUKA,AWAM,KLINIK,KLINIK DESA
21-01070253,KD PARIT HAJI ABDUL RAHMAN,"JALAN BAT PAHAT BENUT, PONTIAN",82200,JOHOR,PONTIAN,BUKA,AWAM,KLINIK,KLINIK DESA
21-01070254,KD PARIT HAJI ARIFF,"JALAN PT HJ. ARIF, BENUT PONTIAN",82200,JOHOR,PONTIAN,BUKA,AWAM,KLINIK,KLINIK DESA
21-01070257,KD PARIT HAJI OMAR,JALAN API-API PONTIAN,82010,JOHOR,PONTIAN,BUKA,AWAM,KLINIK,KLINIK DESA
21-01070263,KD PARIT ISMAIL,JALAN PT ISMAIL BENUT PONTIAN,82200,JOHOR,PONTIAN,BUKA,AWAM,KLINIK,KLINIK DESA
21-01070266,KD PARIT KAHAR,JALAN PT. KAHAR AYER BALOI PONTIAN,82100,JOHOR,PONTIAN,BUKA,AWAM,KLINIK,KLINIK DESA
21-01070272,KD PARIT LAPIS SAYANG,"JALAN PT. LAPIS SAYANG BENUT, PONTIAN",82200,JOHOR,PONTIAN,BUKA,AWAM,KLINIK,KLINIK DESA
21-01070275,KD PARIT MARJUNID,JALAN PARIT MARJINID PONTIAN,82200,JOHOR,PONTIAN,BUKA,AWAM,KLINIK,KLINIK DESA
21-01070276,KD PARIT MESJID,JALAN PT MESJID PONTIAN,82000,JOHOR,PONTIAN,BUKA,AWAM,KLINIK,KLINIK DESA
21-01070284,KD PARIT RAMBAI,JALAN PT. RAMBAI PONTIAN,82000,JOHOR,PONTIAN,BUKA,AWAM,KLINIK,KLINIK DESA
21-01070289,KD PARIT SELANGOR,"JALAN PT. SELANGOR PEKAN NENAS, PONTIAN",81500,JOHOR,PONTIAN,BUKA,AWAM,KLINIK,KLINIK DESA
21-01070291,KD PARIT SEMERAH,JALAN PT. SEMERAH PONTIAN,82000,JOHOR,PONTIAN,BUKA,AWAM,KLINIK,KLINIK DESA
21-01070292,KD PARIT SIKOM,"JALAN PT. SIKOM KAYU ARA PASONG, PONTIAN",82010,JOHOR,PONTIAN,BUKA,AWAM,KLINIK,KLINIK DESA
21-01070304,KD PERMAS,"JALAN PERMAS KUKUP, PONTIAN",82030,JOHOR,PONTIAN,BUKA,AWAM,KLINIK,KLINIK DESA
21-01070280,KD PERMATANG DUKU,"JALAN PERMATANG DUKU BENUT, PONTIAN",82200,JOHOR,PONTIAN,BUKA,AWAM,KLINIK,KLINIK DESA
21-01070307,KD PERPAT SERKAT,JALAN PERPAT SERKAT PONTIAN,82000,JOHOR,PONTIAN,BUKA,AWAM,KLINIK,KLINIK DESA
21-01070311,KD PULAI SEBATANG,JALAN PT. JAWA PULAI SEBATANG API-API PONTIAN,82000,JOHOR,PONTIAN,BUKA,AWAM,KLINIK,KLINIK DESA
21-01070282,KD PUTERI MENANGIS,"JALAN PUTERI MENANGIS, MK SUNGAI PINGGAN AYER BALOI",82100,JOHOR,PONTIAN,BUKA,AWAM,KLINIK,KLINIK DESA
21-01070318,KD RIMBA TERJUN,JALAN RIMBA TERJUN PONTIAN,82030,JOHOR,PONTIAN,BUKA,AWAM,KLINIK,KLINIK DESA
21-01070340,KD SRI BUNIAN,"BATU 33, JALAN JOHOR PONTIAN",82000,JOHOR,PONTIAN,BUKA,AWAM,KLINIK,KLINIK DESA
21-01070198,KD SUNGAI BOH,JALAN SUNGAI. BOH PONTIAN,82030,JOHOR,PONTIAN,BUKA,AWAM,KLINIK,KLINIK DESA
21-01070365,KD SUNGAI BUNYI,BATU 35 JALAN JOHOR PONTIAN,82000,JOHOR,PONTIAN,BUKA,AWAM,KLINIK,KLINIK DESA
21-01070199,KD SUNGAI BURUNG,"JALAN SUNGAI. BURUNG PEKAN NENAS, PONTIAN",81500,JOHOR,PONTIAN,BUKA,AWAM,KLINIK,KLINIK DESA
21-01070353,KD SUNGAI KARANG,JALAN SUNGAI. KARANG KUKUP PONTIAN,82000,JOHOR,PONTIAN,BUKA,AWAM,KLINIK,KLINIK DESA
21-01070369,KD TANJUNG AYER HITAM,JALAN KAYU ARA PASONG PONTIAN,82010,JOHOR,PONTIAN,BUKA,AWAM,KLINIK,KLINIK DESA
21-01070374,KD TELOK KERANG,JALAN TELUK KERANG KUKUP PONTIAN,82300,JOHOR,PONTIAN,BUKA,AWAM,KLINIK,KLINIK DESA
21-01080176,KD KAMPUNG JAWA,JALAN MEDOI,85000,JOHOR,SEGAMAT,BUKA,AWAM,KLINIK,KLINIK DESA
21-01080302,KD PAYA PULAI,"KAMPUNG, PAYA PULAI",85000,JOHOR,SEGAMAT,BUKA,AWAM,KLINIK,KLINIK DESA
21-01080134,KD BALAI BADANG,"KAMPUNG BALAI BADANG, BATU ANAM",85000,JOHOR,SEGAMAT,BUKA,AWAM,KLINIK,KLINIK DESA
21-01080153,KD FELDA CHEMPELAK,"FELDA CHEMPELAK, LABIS",85300,JOHOR,SEGAMAT,BUKA,AWAM,KLINIK,KLINIK DESA
21-01080214,KD FELDA KEMELAH,"FELDA KEMELAH, LABIS",85300,JOHOR,SEGAMAT,BUKA,AWAM,KLINIK,KLINIK DESA
21-01080234,KD FELDA MEDOI,"FELDA MEDOI, SEGAMAT",85000,JOHOR,SEGAMAT,BUKA,AWAM,KLINIK,KLINIK DESA
21-01080158,KD GELANG CINCIN,KAMPUNG GELANG CINCIN,85000,JOHOR,SEGAMAT,BUKA,AWAM,KLINIK,KLINIK DESA
21-01080159,KD GEMAS BARU,"GEMAS BARU, BATU ANAM",85100,JOHOR,SEGAMAT,BUKA,AWAM,KLINIK,KLINIK DESA
21-01080160,KD GEMERAH,JALAN MUAR,85200,JOHOR,SEGAMAT,BUKA,AWAM,KLINIK,KLINIK DESA
21-01080175,KD KAMPUNG JABI,JALAN BULUH KASAP,85000,JOHOR,SEGAMAT,BUKA,AWAM,KLINIK,KLINIK DESA
21-01080187,KD KAMPUNG POGOH,KAMPUNG POGOH,85000,JOHOR,SEGAMAT,BUKA,AWAM,KLINIK,KLINIK DESA
21-01080202,KD KAMPUNG TENGAH,KAMPUNG. TENGAH,85000,JOHOR,SEGAMAT,BUKA,AWAM,KLINIK,KLINIK DESA
21-01080219,KD KUALA PAYA,"KAMPUNG. KUALA PAYA, BULUH KASAP",85010,JOHOR,SEGAMAT,BUKA,AWAM,KLINIK,KLINIK DESA
21-01080232,KD LUBOK BANDAN,"JALAN MUAR, JEMENTAH",85200,JOHOR,SEGAMAT,BUKA,AWAM,KLINIK,KLINIK DESA
21-01080182,KD MELAYU RAYA,KAMPUNG MELAYU RAYA,85000,JOHOR,SEGAMAT,BUKA,AWAM,KLINIK,KLINIK DESA
21-01080236,KD MOAKIL,"FELDA MOAKIL, CHAAH",85400,JOHOR,SEGAMAT,BUKA,AWAM,KLINIK,KLINIK DESA
21-01080303,KD PEKAN JABI,JALAN BULUH KASAP,85000,JOHOR,SEGAMAT,BUKA,AWAM,KLINIK,KLINIK DESA
21-01080317,KD FELDA REDONG,"FELDA REDONG, LABIS",85300,JOHOR,SEGAMAT,BUKA,AWAM,KLINIK,KLINIK DESA
21-01080330,KD SEPANG LOI,KAMPUNG. SEPANG LOI,85100,JOHOR,SEGAMAT,BUKA,AWAM,KLINIK,KLINIK DESA
21-01080354,KD SUNGAI KARAS,"SUNGAI KARAS, BEKOK",86500,JOHOR,SEGAMAT,BUKA,AWAM,KLINIK,KLINIK DESA
21-01080379,KD TEMU JODOH,"CHAAH, SEGAMAT",85400,JOHOR,SEGAMAT,BUKA,AWAM,KLINIK,KLINIK DESA
21-01080380,KD TENANG,"KAMPUNG TENANG, AIR PANAS",85300,JOHOR,SEGAMAT,BUKA,AWAM,KLINIK,KLINIK DESA
21-01080381,KD TENANG STATION,"TENANG STATION, LABIS",85300,JOHOR,SEGAMAT,BUKA,AWAM,KLINIK,KLINIK DESA
21-01020403,KKIA JALAN ABD SAMAD,"JALAN ABDUL SAMAD, JOHOR BHARU",80100,JOHOR,JOHOR BAHRU,BUKA,AWAM,KLINIK,KLINIK KESIHATAN IBU DAN ANAK
21-01030390,KKIA KLUANG,"PT 3782, JALAN SULTANAH",86000,JOHOR,KLUANG,BUKA,AWAM,KLINIK,KLINIK KESIHATAN IBU DAN ANAK
21-01040391,KKIA JALAN TUN HABAB,JALAN TUN HABAB,81900,JOHOR,KOTA TINGGI,BUKA,AWAM,KLINIK,KLINIK KESIHATAN IBU DAN ANAK
21-06010050,KK KARAK,JALAN BESAR,28600,PAHANG,BENTONG,BUKA,AWAM,KLINIK,KLINIK KESIHATAN
21-06010330,KK BENTONG,BATU 1 JALAN TERAP,28700,PAHANG,BENTONG,BUKA,AWAM,KLINIK,KLINIK KESIHATAN
21-06010114,KK CHEMOMOI,FELDA CHEMOMOI,28310,PAHANG,BENTONG,BUKA,AWAM,KLINIK,KLINIK KESIHATAN
21-06020026,KK BANDAR BERA 32,BANDAR BERA 32,28300,PAHANG,BERA,BUKA,AWAM,KLINIK,KLINIK KESIHATAN
21-06020353,KK PADANG LUAS,"PEJ. KES. DAERAH BERA, TINGKAT 1 KLINIK KESIHATAN PADANG LUAS",28200,PAHANG,BERA,BUKA,AWAM,KLINIK,KLINIK KESIHATAN
21-06020354,KK PURUN,FELDA PURUN,28200,PAHANG,BERA,BUKA,AWAM,KLINIK,KLINIK KESIHATAN
21-06030077,KK TANAH RATA,PEJ. KES. DAERAH CAMERON HIGHLAND,39000,PAHANG,CAMERON HIGHLANDS,BUKA,AWAM,KLINIK,KLINIK KESIHATAN
21-06030188,KK KAMPUNG RAJA,KAMPUNG RAJA,39010,PAHANG,CAMERON HIGHLANDS,BUKA,AWAM,KLINIK,KLINIK KESIHATAN
21-06040049,KK KAMPUNG BANTAL,KAMPUNG. BANTAL,27020,PAHANG,JERANTUT,BUKA,AWAM,KLINIK,KLINIK KESIHATAN
21-06040057,KK LEPAR UTARA 4,POLIKLINIK KOMUNITI LEPAR UTARA 4,26400,PAHANG,JERANTUT,BUKA,AWAM,KLINIK,KLINIK KESIHATAN
21-06040155,KK JERANTUT FERI,"JALAN GINTANG, KAMPUNG JERANTUT FERI",27000,PAHANG,JERANTUT,BUKA,AWAM,KLINIK,KLINIK KESIHATAN
21-06050028,KK BANDAR KUANTAN,JALAN DATO LIM HOE LEK,25200,PAHANG,KUANTAN,BUKA,AWAM,KLINIK,KLINIK KESIHATAN
21-06050044,KK JAYA GADING,"BANDAR BARU JAYA GADING, JALAN GAMBANG",26070,PAHANG,KUANTAN,BUKA,AWAM,KLINIK,KLINIK KESIHATAN
21-06050375,KK KURNIA,"BATU 3, JALAN GAMBANG",25150,PAHANG,KUANTAN,BUKA,AWAM,KLINIK,KLINIK KESIHATAN
21-06050376,KK PAYA BESAR,JALAN BAIPAS,25100,PAHANG,KUANTAN,BUKA,AWAM,KLINIK,KLINIK KESIHATAN
21-06050392,KK INDERA MAHKOTA,"JLM INDERA MAHKOTA 4, BANDAR INDERA MAHKOTA",25582,PAHANG,KUANTAN,BUKA,AWAM,KLINIK,KLINIK KESIHATAN
21-06050399,KK UTC PAHANG,"ARAS BAWAH BANGUNAN UTC, JALAN STADIUM",25200,PAHANG,KUANTAN,BUKA,AWAM,KLINIK,KLINIK KESIHATAN
21-06060074,KK SUNGAI KOYAN,POLIKLINIK KOMUNITI SUNGAI KOYAN,27200,PAHANG,LIPIS,BUKA,AWAM,KLINIK,KLINIK KESIHATAN
21-06070046,KK JENGKA 22,POLIKLINIK KOMUNITI FELDA JENGKA 22,26400,PAHANG,MARAN,BUKA,AWAM,KLINIK,KLINIK KESIHATAN
21-06070152,KK JENGKA 7,KLINIK KESIHATAN JENGKA 7,26410,PAHANG,MARAN,BUKA,AWAM,KLINIK,KLINIK KESIHATAN
21-06070522,KK SRI JAYA,"SRI JAYA, MARAN",26500,PAHANG,MARAN,BUKA,AWAM,KLINIK,KLINIK KESIHATAN
21-06070560,KK BANDAR RAUB,"KLINIK KESIHATAN RAUB, JALAN CHEROH LAMA",27600,PAHANG,RAUB,BUKA,AWAM,KLINIK,KLINIK KESIHATAN
21-06100037,KK CHANIS,"FELDA KRATONG 7, BANDAR CHANIS",26700,PAHANG,ROMPIN,BUKA,AWAM,KLINIK,KLINIK KESIHATAN
21-06100079,KK TEKEK,PULAU TIOMAN,86800,PAHANG,ROMPIN,BUKA,AWAM,KLINIK,KLINIK KESIHATAN
21-06110029,KK BANDAR MENTAKAB,JALAN KARAK,28400,PAHANG,TEMERLOH,BUKA,AWAM,KLINIK,KLINIK KESIHATAN
21-06110052,KK KUALA KRAU,POLIKLINIK KESIHATAN MASYARAKAT,28050,PAHANG,TEMERLOH,BUKA,AWAM,KLINIK,KLINIK KESIHATAN
21-06110080,KK TEMERLOH,JALAN TRIANG,28000,PAHANG,TEMERLOH,BUKA,AWAM,KLINIK,KLINIK KESIHATAN
21-06110377,KK TANJUNG LALANG,JALAN MENTAKAB,28000,PAHANG,TEMERLOH,BUKA,AWAM,KLINIK,KLINIK KESIHATAN
21-06020396,KKOM BERA,"JALAN KEMPAS JAYA 1, TAMAN KEMPAS JAYA, KERAYONG",28200,PAHANG,BERA,BUKA,AWAM,KLINIK,KLINIK KOMUNITI
21-06050370,KKOM KG PADANG JAYA,"TINGKAT BAWAH, B-32 JALAN SUNGAI LEMBING, KAMPUNG PADANG",25200,PAHANG,KUANTAN,BUKA,AWAM,KLINIK,KLINIK KOMUNITI
21-06050371,KKOM KEMPADANG,"JALAN PANTAI KEMPADANG, KAMPUNG KEMPADANG",26060,PAHANG,KUANTAN,BUKA,AWAM,KLINIK,KLINIK KOMUNITI
21-06050387,KKOM TAMAN SERI INDERAPURA,"A1/3 TINGKAT BAWAH, TAMAN SERI INDERAPURA",25320,PAHANG,KUANTAN,BUKA,AWAM,KLINIK,KLINIK KOMUNITI
21-06050393,KKOM BUKIT SETONGKOL,"NO. 38-40, JALAN BUKIT SETONGKOL",25200,PAHANG,KUANTAN,BUKA,AWAM,KLINIK,KLINIK KOMUNITI
21-06080398,KKOM RTC,KUALA PAHANG,26600,PAHANG,PEKAN,BUKA,AWAM,KLINIK,KLINIK KOMUNITI
21-06100395,KKOM KUALA ROMPIN,"NO.21, TAMAN SENTOSA, BANDAR ROMPIN",26800,PAHANG,ROMPIN,BUKA,AWAM,KLINIK,KLINIK KOMUNITI
21-06100408,KKOM MUADZAM SHAH,"NO.20, LINGKARAN MAKMUR, PRESINT NIAGA, BANDAR SATELIT",26700,PAHANG,ROMPIN,BUKA,AWAM,KLINIK,KLINIK KOMUNITI
21-06110378,KKOM MENTAKAB,"NO. 11, TINGKAT BAWAH, JALAN BALAU OFF JALAN JELUTONG, TAMAN RIMBA, MENTAKAB",28400,PAHANG,TEMERLOH,BUKA,AWAM,KLINIK,KLINIK KOMUNITI
21-06010129,KD JANDA BAIK,KAMPUNG. JANDA BAIK,28750,PAHANG,BENTONG,BUKA,AWAM,KLINIK,KLINIK DESA
21-06010162,KD KAMPUNG BENUS,"KAMPUNG. BENUS, BENTONG",28700,PAHANG,BENTONG,BUKA,AWAM,KLINIK,KLINIK DESA
21-06010171,KD KAMPUNG JAWI-JAWI,"KAMPUNG. JAWI-JAWI, BENTONG",28740,PAHANG,BENTONG,BUKA,AWAM,KLINIK,KLINIK DESA
21-06010177,KD KAMPUNG LEBU,"KAMPUNG. LEBU, LURAH BILUT",28800,PAHANG,BENTONG,BUKA,AWAM,KLINIK,KLINIK DESA
21-06010195,KD KEMANSUL,"FELDA KEMANSUL, BENTONG",28310,PAHANG,BENTONG,BUKA,AWAM,KLINIK,KLINIK DESA
21-06020202,KD KERAYONG,"TRIANG, BERA",28300,PAHANG,BERA,BUKA,AWAM,KLINIK,KLINIK DESA
21-06020294,KD SUNGAI KEMAHAL,FELDA SUNGAIKEMAHAL,28310,PAHANG,BERA,BUKA,AWAM,KLINIK,KLINIK DESA
21-06030403,KD TERISU,"BATU. 49, POS TERISU, KUALA TERLA",39010,PAHANG,CAMERON HIGHLANDS,BUKA,AWAM,KLINIK,KLINIK DESA
21-06030404,KD MENSON,"KAMPUNG. LERYAR, POS MENSON, RINGLET",39200,PAHANG,CAMERON HIGHLANDS,BUKA,AWAM,KLINIK,KLINIK DESA
21-06040373,KD GUSAI,"KAMPUNG, GUSAI HULU TEMBELING",27020,PAHANG,JERANTUT,BUKA,AWAM,KLINIK,KLINIK DESA
21-06040167,KD KAMPUNG CHEBONG,"CHEBONG, JERANTUT",27020,PAHANG,JERANTUT,BUKA,AWAM,KLINIK,KLINIK DESA
21-06040176,KK KAMPUNG LABU,"KAMPUNGLABU, JERANTUT",27020,PAHANG,JERANTUT,BUKA,AWAM,KLINIK,KLINIK KESIHATAN
21-06040182,KD KAMPUNG PAGI,"KAMPUNG. PAGI, JERANTUT",27020,PAHANG,JERANTUT,BUKA,AWAM,KLINIK,KLINIK DESA
21-06040206,KD KOTA GELANGGI I & III,KOTA GELANGGI,27000,PAHANG,JERANTUT,BUKA,AWAM,KLINIK,KLINIK DESA
21-06040207,KD KOTA GELANGGI II & IV,KOTA GELANGGI,27000,PAHANG,JERANTUT,BUKA,AWAM,KLINIK,KLINIK DESA
21-06050106,KD BUKIT SAGU 4 & 5,PETI SURAT 331,25740,PAHANG,KUANTAN,BUKA,AWAM,KLINIK,KLINIK DESA
21-06050157,KD KAMPUNG ALOR BATU,"JABOR, KUANTAN",26150,PAHANG,KUANTAN,BUKA,AWAM,KLINIK,KLINIK DESA
21-06060194,KD FELDA KECAU,"PADANG TENGKU, LIPIS",27100,PAHANG,LIPIS,BUKA,AWAM,KLINIK,KLINIK DESA
21-06060154,KD JERANSANG,"JERANSANG, LIPIS",27000,PAHANG,LIPIS,BUKA,AWAM,KLINIK,KLINIK DESA
21-06060165,KD KAMPUNG BUDU,"BENTA, LIPIS",27300,PAHANG,LIPIS,BUKA,AWAM,KLINIK,KLINIK DESA
21-06060166,KD KAMPUNG CHAT,"CHAT, LIPIS",27310,PAHANG,LIPIS,BUKA,AWAM,KLINIK,KLINIK DESA
21-06060174,KD KAMPUNG KEMAHANG,"BENTA, LIPIS",27300,PAHANG,LIPIS,BUKA,AWAM,KLINIK,KLINIK DESA
21-06060186,KD KAMPUNG PENJOM,"PENJOM, LIPIS",27000,PAHANG,LIPIS,BUKA,AWAM,KLINIK,KLINIK DESA
21-06060190,KD KAMPUNG RELONG,"RELONG, LIPIS",27000,PAHANG,LIPIS,BUKA,AWAM,KLINIK,KLINIK DESA
21-06060192,KD KAMPUNG TELANG,"TELANG, LIPIS",27000,PAHANG,LIPIS,BUKA,AWAM,KLINIK,KLINIK DESA
21-06060196,KD KERAMBIT,"MELA, LIPIS",27200,PAHANG,LIPIS,BUKA,AWAM,KLINIK,KLINIK DESA
21-06060215,KD KUALA KENONG,"BATU 9, JALAN KERETAPI",27200,PAHANG,LIPIS,BUKA,AWAM,KLINIK,KLINIK DESA
21-06060216,KD KUALA LANAR,"KUALA LANAR, LIPIS",27200,PAHANG,LIPIS,BUKA,AWAM,KLINIK,KLINIK DESA
21-06060218,KD KUALA MEDANG,"KUALA MEDANG, LIPIS",27600,PAHANG,LIPIS,BUKA,AWAM,KLINIK,KLINIK DESA
21-06070204,KD KERTAU,"CHENOR, MARAN",28100,PAHANG,MARAN,BUKA,AWAM,KLINIK,KLINIK DESA
21-06080179,KD KAMPUNG MARHUM,"KAMPUNG. MARHUM, PEKAN",26660,PAHANG,PEKAN,BUKA,AWAM,KLINIK,KLINIK DESA
21-06080180,KD KAMPUNG MERCHONG,"KAMPUNG. MERCHONG, PEKAN",26660,PAHANG,PEKAN,BUKA,AWAM,KLINIK,KLINIK DESA
21-06080184,KD KAMPUNG PELAK,"KAMPUNG. PELAK, PEKAN",26650,PAHANG,PEKAN,BUKA,AWAM,KLINIK,KLINIK DESA
21-06080191,KD KAMPUNG SUNGAI MIANG,"KAMPUNG. SUNGAI MIANG, PEKAN",26600,PAHANG,PEKAN,BUKA,AWAM,KLINIK,KLINIK DESA
21-06080219,KD KUALA PAHANG,KUALA PAHANG,26600,PAHANG,PEKAN,BUKA,AWAM,KLINIK,KLINIK DESA
21-06100173,KD KAMPUNG JUARA,"KAMPUNG. JUARA, PULAU TIOMAN, ROMPIN",86800,PAHANG,ROMPIN,BUKA,AWAM,KLINIK,KLINIK DESA
21-06100197,KD KERATONG 1,"KERATONG 1, ROMPIN",26900,PAHANG,ROMPIN,BUKA,AWAM,KLINIK,KLINIK DESA
21-06100198,KD KERATONG 2,"KERATONG 2, ROMPIN",26900,PAHANG,ROMPIN,BUKA,AWAM,KLINIK,KLINIK DESA
21-06100199,KD KERATONG 3,"KERATONG 3, ROMPIN",26900,PAHANG,ROMPIN,BUKA,AWAM,KLINIK,KLINIK DESA
21-06100200,KD KERATONG 5,"KERATONG 5, ROMPIN",26900,PAHANG,ROMPIN,BUKA,AWAM,KLINIK,KLINIK DESA
21-06100201,KD KERATONG 8,"KERATONG 8, ROMPIN",26700,PAHANG,ROMPIN,BUKA,AWAM,KLINIK,KLINIK DESA
21-06100359,KD KG SIMPAI,"KAMPUNG SIMPAI, MUADZAM SHAH",26700,PAHANG,ROMPIN,BUKA,AWAM,KLINIK,KLINIK DESA
21-06100205,KD KOTA BAHAGIA,"KOTA BAHAGIA, ROMPIN",26700,PAHANG,ROMPIN,BUKA,AWAM,KLINIK,KLINIK DESA
21-06100208,KD KOTA PERDANA,"KOTA PERDANA, MUADZAM SHAH",26700,PAHANG,ROMPIN,BUKA,AWAM,KLINIK,KLINIK DESA
21-06100273,KD SELANCAR 4,SELANCAR 4,28200,PAHANG,ROMPIN,BUKA,AWAM,KLINIK,KLINIK DESA
21-06110172,KD KAMPUNG JENDERAK,"KAMPUNGJENDERAK, TEMERLOH",28050,PAHANG,TEMERLOH,BUKA,AWAM,KLINIK,KLINIK DESA
21-06110185,KD KAMPUNG PENDERAS,"PENDERAS, TEMERLOH",28050,PAHANG,TEMERLOH,BUKA,AWAM,KLINIK,KLINIK DESA
21-06110189,KD KAMPUNG RAJA,"MUKIM SONGSANG, TEMERLOH",28000,PAHANG,TEMERLOH,BUKA,AWAM,KLINIK,KLINIK DESA
21-06110213,KD KUALA KAUNG,"KUALA KAUNG, LANCHANG, TEMERLOH",28500,PAHANG,TEMERLOH,BUKA,AWAM,KLINIK,KLINIK DESA
21-06110217,KD KUALA MAI,"KUALA MAI, TEMERLOH",28050,PAHANG,TEMERLOH,BUKA,AWAM,KLINIK,KLINIK DESA
21-06110402,KD KAMPUNG GAU BARU,"JALAN MARAN, TEMERLOH",28000,PAHANG,TEMERLOH,BUKA,AWAM,KLINIK,KLINIK DESA
21-06050333,KKIA KUANTAN,"JALAN GAMBUT, KUANTAN",25000,PAHANG,KUANTAN,BUKA,AWAM,KLINIK,KLINIK KESIHATAN IBU DAN ANAK
21-11010028,KK JABI,"JERTEH, JALAN KUALA TERENGGANU",22020,TERENGGANU,BESUT,BUKA,AWAM,KLINIK,KLINIK KESIHATAN
21-11010030,KK JERTEH,"JALAN PASIR AKAR, BESUT",22000,TERENGGANU,BESUT,BUKA,AWAM,KLINIK,KLINIK KESIHATAN
21-11010039,KK KUALA BESUT,JALAN SEMERAK,22300,TERENGGANU,BESUT,BUKA,AWAM,KLINIK,KLINIK KESIHATAN
21-11010046,KK PASIR AKAR,"JERTEH, BESUT",22010,TERENGGANU,BESUT,BUKA,AWAM,KLINIK,KLINIK KESIHATAN
21-11010160,KK PULAU PERHENTIAN,"KAMPUNG. PULAU PERHENTIAN, KUALA BESUT",22300,TERENGGANU,BESUT,BUKA,AWAM,KLINIK,KLINIK KESIHATAN
21-11010051,KK SRI MEDANG,"KAMPUNG RAJA, BESUT",22200,TERENGGANU,BESUT,BUKA,AWAM,KLINIK,KLINIK KESIHATAN
21-11010224,KK PADANG LUAS,"JERTIH, BESUT",22000,TERENGGANU,BESUT,BUKA,AWAM,KLINIK,KLINIK KESIHATAN
21-11070050,KK SRI LANGKAP,"SUNGAI TONG, SETIU",21500,TERENGGANU,SETIU,BUKA,AWAM,KLINIK,KLINIK KESIHATAN
21-11070031,KK KAMPUNG RAHMAT,"CHALOK, SETIU",21450,TERENGGANU,SETIU,BUKA,AWAM,KLINIK,KLINIK KESIHATAN
21-11070020,KK BANDAR PERMAISURI,BANDAR PERMAISURI SETIU,22100,TERENGGANU,SETIU,BUKA,AWAM,KLINIK,KLINIK KESIHATAN
21-11020019,KK ALMUKTAFI BILLAH SHAH,"AL-MUKTAFI BILLAH SHAH, DUNGUN",23400,TERENGGANU,DUNGUN,BUKA,AWAM,KLINIK,KLINIK KESIHATAN
21-11020022,KK BUKIT BESI,"BUKIT BESI, DUNGUN",23200,TERENGGANU,DUNGUN,BUKA,AWAM,KLINIK,KLINIK KESIHATAN
21-11020029,KK JERANGAU,"AJIL, TERENGGANU",21820,TERENGGANU,DUNGUN,BUKA,AWAM,KLINIK,KLINIK KESIHATAN
21-11020034,KK KETENGAH JAYA,"BANDAR KETENGAH JAYA, DUNGUN",23300,TERENGGANU,DUNGUN,BUKA,AWAM,KLINIK,KLINIK KESIHATAN
21-11020037,KK KUALA ABANG,JALAN KLINIK KUALA ABANG,23050,TERENGGANU,DUNGUN,BUKA,AWAM,KLINIK,KLINIK KESIHATAN
21-11020206,KK KUALA DUNGUN,"JALAN ALOR TEMBESU, DUNGUN",23000,TERENGGANU,DUNGUN,BUKA,AWAM,KLINIK,KLINIK KESIHATAN
21-11020045,KK PAKA,"PAKA, DUNGUN",23100,TERENGGANU,DUNGUN,BUKA,AWAM,KLINIK,KLINIK KESIHATAN
21-11020182,KK TOK KAH,"LOT 2004, JALAN TOK KAH",23000,TERENGGANU,DUNGUN,BUKA,AWAM,KLINIK,KLINIK KESIHATAN
21-11020150,KK PASIR RAJA,JALAN SEKOLAH PASIR RAJA,23000,TERENGGANU,DUNGUN,BUKA,AWAM,KLINIK,KLINIK KESIHATAN
21-11030018,KK AJIL,"AJIL, HULU TERENGGANU",21800,TERENGGANU,HULU TERENGGANU,BUKA,AWAM,KLINIK,KLINIK KESIHATAN
21-11030134,KK FELDA MENGKAWANG,"AJIL, HULU TERENGGANU",21800,TERENGGANU,HULU TERENGGANU,BUKA,AWAM,KLINIK,KLINIK KESIHATAN
21-11030038,KK KUALA BERANG,KUALA BERANG,21700,TERENGGANU,HULU TERENGGANU,BUKA,AWAM,KLINIK,KLINIK KESIHATAN
21-11030053,KK TELEMONG,"JALAN KUALA TELEMONG, HULU TERENGGANU, KUALA BERANG",21210,TERENGGANU,HULU TERENGGANU,BUKA,AWAM,KLINIK,KLINIK KESIHATAN
21-11030054,KK TENGKAWANG,"KUALA BERANG, HULU TERENGGANU",21700,TERENGGANU,HULU TERENGGANU,BUKA,AWAM,KLINIK,KLINIK KESIHATAN
21-11040017,KK AIR PUTEH,"JALAN AIR PUTEH, KEMAMAN",24050,TERENGGANU,KEMAMAN,BUKA,AWAM,KLINIK,KLINIK KESIHATAN
21-11040214,KK BATU 2 1/2,"JALAN AIR PUTIH, KEMAMAN",24000,TERENGGANU,KEMAMAN,BUKA,AWAM,KLINIK,KLINIK KESIHATAN
21-11040036,KK KIJAL,"JALAN PANTAI PENUNJUK, KEMAMAN",24100,TERENGGANU,KEMAMAN,BUKA,AWAM,KLINIK,KLINIK KESIHATAN
21-11040040,KK KUALA KEMAMAN,"KUALA KEMAMAN, KEMAMAN",24000,TERENGGANU,KEMAMAN,BUKA,AWAM,KLINIK,KLINIK KESIHATAN
21-11040049,KK SRI BANDI,"JALAN BUNGA RAYA, KEMAMAN",24200,TERENGGANU,KEMAMAN,BUKA,AWAM,KLINIK,KLINIK KESIHATAN
21-11040025,KK CHENEH,"BNADAR BARU CHENEH, KEMAMAN",24000,TERENGGANU,KEMAMAN,BUKA,AWAM,KLINIK,KLINIK KESIHATAN
21-11040026,KK CHUKAI,"JALAN SENTOSA, KEMAMAN",24000,TERENGGANU,KEMAMAN,BUKA,AWAM,KLINIK,KLINIK KESIHATAN
21-11040032,KK KEMASIK,"KEMASIK, KEMAMAN",24200,TERENGGANU,KEMAMAN,BUKA,AWAM,KLINIK,KLINIK KESIHATAN
21-11040033,KK KERTEH,"KERTEH, KEMAMAN",24300,TERENGGANU,KEMAMAN,BUKA,AWAM,KLINIK,KLINIK KESIHATAN
21-11040149,KK PASIR GAJAH,"PASIR GAJAH, KEMAMAN",24030,TERENGGANU,KEMAMAN,BUKA,AWAM,KLINIK,KLINIK KESIHATAN
21-11040169,KK SEBERANG TAYOR,"KAMPUNG. SEBERANG TAYOR, KEMAMAN",24020,TERENGGANU,KEMAMAN,BUKA,AWAM,KLINIK,KLINIK KESIHATAN
21-11050042,KK MANIR,"KAMPUNG KUBANG JELA, KUALA TERENGGANU",21200,TERENGGANU,KUALA TERENGGANU,BUKA,AWAM,KLINIK,KLINIK KESIHATAN
21-11050305,KK UTC PAYA BUNGA,"L4-UTC-03, UTC TERENGGANU, PAYA BUNGA SQUARE, JALAN MASJID ABIDIN, KUALA TERENGGANU",20100,TERENGGANU,KUALA TERENGGANU,BUKA,AWAM,KLINIK,KLINIK KESIHATAN
21-11050308,KK CHENDERING,KAMPUNG KUBANG IKAN,21070,TERENGGANU,KUALA TERENGGANU,BUKA,AWAM,KLINIK,KLINIK KESIHATAN
21-11060073,KK BINJAI RENDAH,"BUKIT PAYONG, MARANG",21040,TERENGGANU,MARANG,BUKA,AWAM,KLINIK,KLINIK KESIHATAN
21-11080021,KK BATU RAKIT,JALAN BATU RAKIT,21300,TERENGGANU,KUALA NERUS,BUKA,AWAM,KLINIK,KLINIK KESIHATAN
21-11080024,KK BUKIT TUNGGAL,"KAMPUNG BUKIT TUNGGAL, KUALA TERENGGANU",21200,TERENGGANU,KUALA NERUS,BUKA,AWAM,KLINIK,KLINIK KESIHATAN
21-11080161,KK PULAU REDANG,"KAMPUNG BARU PULAU REDANG, KUALA TERENGGANU",21090,TERENGGANU,KUALA NERUS,BUKA,AWAM,KLINIK,KLINIK KESIHATAN
21-11080048,KK SEBERANG TAKIR,"JALAN TELOK KETAPANG, KUALA TERENGGANU",21300,TERENGGANU,KUALA NERUS,BUKA,AWAM,KLINIK,KLINIK KESIHATAN
21-11010059,KD AIR TAWAR,KAMPUNG AIR TAWAR,22200,TERENGGANU,BESUT,BUKA,AWAM,KLINIK,KLINIK DESA
21-11010060,KD ALOR KELADI,"JALAN PASIR AKAR, JERTEH",22000,TERENGGANU,BESUT,BUKA,AWAM,KLINIK,KLINIK DESA
21-11010061,KD ALOR LINTAH,JALAN JERTEH-KUALA BESUT,22000,TERENGGANU,BESUT,BUKA,AWAM,KLINIK,KLINIK DESA
21-11010062,KD ANAK MUSANG,"KAMPUNG ANAK MUSANG, JERTEH",22020,TERENGGANU,BESUT,BUKA,AWAM,KLINIK,KLINIK DESA
21-11010063,KD APAL,KAMPUNG JERTEH,22020,TERENGGANU,BESUT,BUKA,AWAM,KLINIK,KLINIK DESA
21-11010071,KD BERIS BARU,KAMPUNG BARU,22300,TERENGGANU,BESUT,BUKA,AWAM,KLINIK,KLINIK DESA
21-11010084,KD BUKIT PAYONG,"KAMPUNG BUKIT PAYONG, JERTEH",22010,TERENGGANU,BESUT,BUKA,AWAM,KLINIK,KLINIK DESA
21-11010097,KD FELDA SELASIH,"FELDA SELASIH, JERTEH",22020,TERENGGANU,BESUT,BUKA,AWAM,KLINIK,KLINIK DESA
21-11010104,KD GONG BAYOR,"KAMPUNG GONG BAYOR, JERTEH",22000,TERENGGANU,BESUT,BUKA,AWAM,KLINIK,KLINIK DESA
21-11010106,KD GONG TANAH MERAH,"KAMPUNG GONG TANAH MERAH, JERTEH",22000,TERENGGANU,BESUT,BUKA,AWAM,KLINIK,KLINIK DESA
21-11010116,KD KAMPUNG LA,"JALAN LA HOT SPRING, JERTEH",22010,TERENGGANU,BESUT,BUKA,AWAM,KLINIK,KLINIK DESA
21-11010114,KD KAMPUNG TOK DOR,"KAMPUNG TOK DOR, JERTEH",22020,TERENGGANU,BESUT,BUKA,AWAM,KLINIK,KLINIK DESA
21-11010120,KD KERANDANG,"KAMPUNG KERANDANG, JERTEH",22000,TERENGGANU,BESUT,BUKA,AWAM,KLINIK,KLINIK DESA
21-11010121,KD KERUAK,"KAMPUNG KERUAK, JERTEH",22010,TERENGGANU,BESUT,BUKA,AWAM,KLINIK,KLINIK DESA
21-11010144,KD PADANG LANDAK,"JALAN PASIR PUTEH, KAMPUNG PADANG LANDAK",22000,TERENGGANU,BESUT,BUKA,AWAM,KLINIK,KLINIK DESA
21-11010147,KD PAK WONG,"KAMPUNG POK WONG, JERTEH",22000,TERENGGANU,BESUT,BUKA,AWAM,KLINIK,KLINIK DESA
21-11010178,KD TEMBILA,JALAN RENEK BESUT,22200,TERENGGANU,BESUT,BUKA,AWAM,KLINIK,KLINIK DESA
21-11010179,KD TEMPINIS,JALAN RENEK JERTEH,22020,TERENGGANU,BESUT,BUKA,AWAM,KLINIK,KLINIK DESA
21-11010180,KD TENANG (FELDA),"FELDA TENANG, JERTEH",22010,TERENGGANU,BESUT,BUKA,AWAM,KLINIK,KLINIK DESA
21-11070199,KD BARI BESAR,"KAMPUNG BARI BESAR, JALAN PENARIK",22100,TERENGGANU,SETIU,BUKA,AWAM,KLINIK,KLINIK DESA
21-11070074,KD BINTANG,"PERMAISURI, SETIU",22100,TERENGGANU,SETIU,BUKA,AWAM,KLINIK,KLINIK DESA
21-11070083,KD MUNDUK,"JALAN SUNGAI TONG, SETIU",21500,TERENGGANU,SETIU,BUKA,AWAM,KLINIK,KLINIK DESA
21-11070200,KD CHALOK BARAT (FELDA),FELDA CHALOK BARAT,21450,TERENGGANU,SETIU,BUKA,AWAM,KLINIK,KLINIK DESA
21-11070092,KD BANGGOL,"PERMAISURI, SETIU",22100,TERENGGANU,SETIU,BUKA,AWAM,KLINIK,KLINIK DESA
21-11070100,KD FIKRI,"JALAN GUNTONG DALAM KE FIKRI, PERMAISURI",22110,TERENGGANU,SETIU,BUKA,AWAM,KLINIK,KLINIK DESA
21-11070202,KD GONG TERAP,"JALAN TELAGA PAPAN, PERMAISURI",21450,TERENGGANU,SETIU,BUKA,AWAM,KLINIK,KLINIK DESA
21-11070108,KD GUNTONG LUAR,"KAMPUNG GUNTONG, PERMAISURI",22100,TERENGGANU,SETIU,BUKA,AWAM,KLINIK,KLINIK DESA
21-11070130,KD LANGKAP,"KAMPUNG. LANGKAP, SUNGAI TONG, SETIU",21500,TERENGGANU,SETIU,BUKA,AWAM,KLINIK,KLINIK DESA
21-11070201,KD MERANG,"KAMPUNG MERANG, JALAN PENARIK KE LEMBAH BIDONG",22100,TERENGGANU,SETIU,BUKA,AWAM,KLINIK,KLINIK DESA
21-11070153,KD PELONG,"KAMPUNG PELONG, PERMAISURI",21500,TERENGGANU,SETIU,BUKA,AWAM,KLINIK,KLINIK DESA
21-11070154,KD PENARIK,"KAMPUNG PENARIK, JALAN PERMAISURI",22120,TERENGGANU,SETIU,BUKA,AWAM,KLINIK,KLINIK DESA
21-11070198,KD SUNGAI LEREK,"KAMPUNG. SUNGAI LEREK, JALAN KUALA TERENGGANU KOTA BHARU",21450,TERENGGANU,SETIU,BUKA,AWAM,KLINIK,KLINIK DESA
21-11020065,KD BANDAR B1,"JALAN DURIAN MENTANGAU, KETENGAH JAYA",23000,TERENGGANU,DUNGUN,BUKA,AWAM,KLINIK,KLINIK DESA
21-11020090,KD DELONG,JALAN BUKIT BESI,23200,TERENGGANU,DUNGUN,BUKA,AWAM,KLINIK,KLINIK DESA
21-11020091,KD DENDANG,JALAN BUKIT BESI,21820,TERENGGANU,DUNGUN,BUKA,AWAM,KLINIK,KLINIK DESA
21-11020095,KD DURIAN MENTANGAU,"JALAN DURIAN MENTANGAU, PAKA",23100,TERENGGANU,DUNGUN,BUKA,AWAM,KLINIK,KLINIK DESA
21-11020112,KD JERANGAU BARAT,"JALAN FELDA JERANGAU BARAT, AJIL",21820,TERENGGANU,DUNGUN,BUKA,AWAM,KLINIK,KLINIK DESA
21-11020111,KD JONGOK BATU,JALAN JONGOK BATU,23000,TERENGGANU,DUNGUN,BUKA,AWAM,KLINIK,KLINIK DESA
21-11020118,KD KAMPUNG NYIOR,JALAN DUNGUN PAKA,23100,TERENGGANU,DUNGUN,BUKA,AWAM,KLINIK,KLINIK DESA
21-11020127,KD KUALA JENGAL,"KAMPUNG KUALA JENGAL, AL-MUKTAFI BILLAH SHAH",23000,TERENGGANU,DUNGUN,BUKA,AWAM,KLINIK,KLINIK DESA
21-11020139,KD NERANG,JALAN BUKIT BESI,21820,TERENGGANU,DUNGUN,BUKA,AWAM,KLINIK,KLINIK DESA
21-11020141,KD PADANG JAMBU,JALAN PADANG JAMBU,23000,TERENGGANU,DUNGUN,BUKA,AWAM,KLINIK,KLINIK DESA
21-11020145,KD PADANG PULUT,"JALAN BUKIT BESI, KAMPUNG PADANG PULUT",23200,TERENGGANU,DUNGUN,BUKA,AWAM,KLINIK,KLINIK DESA
21-11020163,KD PULAU SERAI,JALAN DUNGUN TERENGGANU,23000,TERENGGANU,DUNGUN,BUKA,AWAM,KLINIK,KLINIK DESA
21-11020167,KD SEBERANG PINTASAN,"JALAN CHENGAL, SEBERANG PINTASAN",23050,TERENGGANU,DUNGUN,BUKA,AWAM,KLINIK,KLINIK DESA
21-11020173,KD SURA,JALAN SURA TENGAH,23000,TERENGGANU,DUNGUN,BUKA,AWAM,KLINIK,KLINIK DESA
21-11030075,KD BUKIT APIT,"KAMPUNG BUKIT APIT, AJIL",21800,TERENGGANU,HULU TERENGGANU,BUKA,AWAM,KLINIK,KLINIK DESA
21-11030076,KD BUKIT BADING,"KAMPUNG BUKIT BADING, AJIL",21800,TERENGGANU,HULU TERENGGANU,BUKA,AWAM,KLINIK,KLINIK DESA
21-11030078,KD BUKIT DIMAN,"KAMPUNG BUKIT DIMAN, AJIL",21800,TERENGGANU,HULU TERENGGANU,BUKA,AWAM,KLINIK,KLINIK DESA
21-11030079,KD BUKIT GEMURUH,"KAMPUNG BUKIT GEMURUH,KUALA BERANG",21700,TERENGGANU,HULU TERENGGANU,BUKA,AWAM,KLINIK,KLINIK DESA
21-11030098,KD FELDA TERSAT,FELDA TERSAT,21700,TERENGGANU,HULU TERENGGANU,BUKA,AWAM,KLINIK,KLINIK DESA
21-11030103,KD GETANG,"KAMPUNG GETANG, TELEMONG",21700,TERENGGANU,HULU TERENGGANU,BUKA,AWAM,KLINIK,KLINIK DESA
21-11030123,KD KUA,"KAMPUNG. KUA, KUALA BERANG",21800,TERENGGANU,HULU TERENGGANU,BUKA,AWAM,KLINIK,KLINIK DESA
21-11030126,KD KUALA JENERIS,"KAMPUNG KUALA JENDERIS, KUALA BERANG",21700,TERENGGANU,HULU TERENGGANU,BUKA,AWAM,KLINIK,KLINIK DESA
21-11030132,KD MENERONG,KAMPUNG MENERONG,21800,TERENGGANU,HULU TERENGGANU,BUKA,AWAM,KLINIK,KLINIK DESA
21-11030146,KD PADANG SETAR,"KAMPUNG. PADANG SETAR, JALAN SEKAYU",21700,TERENGGANU,HULU TERENGGANU,BUKA,AWAM,KLINIK,KLINIK DESA
21-11030151,KD PASIR TINGGI,KAMPUNG PASIR TINGGI,21700,TERENGGANU,HULU TERENGGANU,BUKA,AWAM,KLINIK,KLINIK DESA
21-11030152,KD PAUH,"KAMPUNG PAUH, KUALA BERANG",21700,TERENGGANU,HULU TERENGGANU,BUKA,AWAM,KLINIK,KLINIK DESA
21-11030172,KD SUNGAI ULAR,"KAMPUNG. SUNGAI ULAR, TELEMONG",21700,TERENGGANU,HULU TERENGGANU,BUKA,AWAM,KLINIK,KLINIK DESA
21-11030174,KD TAJIN,"KAMPUNG TAJIN, KUALA BERANG",21700,TERENGGANU,HULU TERENGGANU,BUKA,AWAM,KLINIK,KLINIK DESA
21-11030175,KD TANGGOL,"KAMPUNG TANGGOL, KUALA BERANG",21700,TERENGGANU,HULU TERENGGANU,BUKA,AWAM,KLINIK,KLINIK DESA
21-11030181,KD TOK DOR,"KAMPUNG. TOK DOR, AJIL",21800,TERENGGANU,HULU TERENGGANU,BUKA,AWAM,KLINIK,KLINIK DESA
21-11040058,KD AIR JERNIH,"JALAN AIR JERNIH, KEMASIK",24200,TERENGGANU,KEMAMAN,BUKA,AWAM,KLINIK,KLINIK DESA
21-11040068,KD BATU PUTIH,"KAMPUNG. BATU PUTIH, KERTEH, KEMAMAN",24300,TERENGGANU,KEMAMAN,BUKA,AWAM,KLINIK,KLINIK DESA
21-11040072,KD BINJAI,"KAMPUNG. BINJAI, KEMAMAN",24000,TERENGGANU,KEMAMAN,BUKA,AWAM,KLINIK,KLINIK DESA
21-11040081,KD BUKIT KUANG,"KAMPUNG. BUKIT KUANG, KEMAMAN",24000,TERENGGANU,KEMAMAN,BUKA,AWAM,KLINIK,KLINIK DESA
21-11040082,KD BUKIT MENTOK,"JALAN BUKIT MENTOK, CUKAI, KEMAMAN",24000,TERENGGANU,KEMAMAN,BUKA,AWAM,KLINIK,KLINIK DESA
21-11040087,KD CHABANG,"KERTEH, KEMAMAN",24300,TERENGGANU,KEMAMAN,BUKA,AWAM,KLINIK,KLINIK DESA
21-11040099,KD FIKRI,"KAMPUNG. FIKRI, KEMAMAN",24000,TERENGGANU,KEMAMAN,BUKA,AWAM,KLINIK,KLINIK DESA
21-11040109,KD IBOK,"KAMPUNG. IBOK, KEMASEK, KEMAMAN",24200,TERENGGANU,KEMAMAN,BUKA,AWAM,KLINIK,KLINIK DESA
21-11040136,KD NERAM 1,"CHENEH BARU, KEMAMAN",24060,TERENGGANU,KEMAMAN,BUKA,AWAM,KLINIK,KLINIK DESA
21-11040138,KD NERAM TAMBAHAN 1,"CHENEH BARU, KEMAMAN",24000,TERENGGANU,KEMAMAN,BUKA,AWAM,KLINIK,KLINIK DESA
21-11040137,KD NERAM 2,"CHENEH BARU, KEMAMAN",24060,TERENGGANU,KEMAMAN,BUKA,AWAM,KLINIK,KLINIK DESA
21-11040142,KD PADANG KEMUNTING,"KAMPUNG. PADANG KEMUNTING, KEMAMAN",24100,TERENGGANU,KEMAMAN,BUKA,AWAM,KLINIK,KLINIK DESA
21-11040143,KD PADANG KUBU,"PADANG KUBU, KEMAMAN",24010,TERENGGANU,KEMAMAN,BUKA,AWAM,KLINIK,KLINIK DESA
21-11040208,KD PAYA BERENJUT,"CUKAI, KEMAMAN",24000,TERENGGANU,KEMAMAN,BUKA,AWAM,KLINIK,KLINIK DESA
21-11040209,KD PERASING JAYA,"CHENEH BARU, HULU JABOR, KEMAMAN",24000,TERENGGANU,KEMAMAN,BUKA,AWAM,KLINIK,KLINIK DESA
21-11040176,KD TEBAK,"TEBAK, KEMAMAN",24010,TERENGGANU,KEMAMAN,BUKA,AWAM,KLINIK,KLINIK DESA
21-11040177,KD TELOK KALONG,"KAMPUNG. TELOK KALONG, KIJAL, KEMAMAN",24100,TERENGGANU,KEMAMAN,BUKA,AWAM,KLINIK,KLINIK DESA
21-11040128,KD KUALA KEMAMAN,"KAMPUNG. KUALA KEMAMAN, KEMAMAN",24000,TERENGGANU,KEMAMAN,BUKA,AWAM,KLINIK,KLINIK DESA
21-11050170,KD SERADA,KAMPUNG SERADA,20050,TERENGGANU,KUALA TERENGGANU,BUKA,AWAM,KLINIK,KLINIK DESA
21-11050064,KD ATAS TOL,KAMPUNG ATAS TOL,21070,TERENGGANU,KUALA TERENGGANU,BUKA,AWAM,KLINIK,KLINIK DESA
21-11050066,KD BANGGOL PERADONG,KAMPUNG BANGGOL PERADONG,21200,TERENGGANU,KUALA TERENGGANU,BUKA,AWAM,KLINIK,KLINIK DESA
21-11050069,KD BELADAU KOLAM,KAMPUNG BELADAU KOLAM,21200,TERENGGANU,KUALA TERENGGANU,BUKA,AWAM,KLINIK,KLINIK DESA
21-11050088,KD CHENDERING,KAMPUNG CHENDERING,21080,TERENGGANU,KUALA TERENGGANU,BUKA,AWAM,KLINIK,KLINIK DESA
21-11050094,KD DURIAN BURUNG,KAMPUNG DURIAN BURUNG,20050,TERENGGANU,KUALA TERENGGANU,BUKA,AWAM,KLINIK,KLINIK DESA
21-11050101,KD GELUGOR KEDAI,KAMPUNG GELUGOR KEDAI,20050,TERENGGANU,KUALA TERENGGANU,BUKA,AWAM,KLINIK,KLINIK DESA
21-11050105,KD GONG PAUH,JALAN KUALA BERANG,20050,TERENGGANU,KUALA TERENGGANU,BUKA,AWAM,KLINIK,KLINIK DESA
21-11050107,KD GONG TOK NASEK,KAMPUNG GONG TOK NASEK,20400,TERENGGANU,KUALA TERENGGANU,BUKA,AWAM,KLINIK,KLINIK DESA
21-11050119,KD KEBOR BESAR,"KAMPUNG KEBONG BESAR, MANIR",21200,TERENGGANU,KUALA TERENGGANU,BUKA,AWAM,KLINIK,KLINIK DESA
21-11050122,KD KESOM,"KAMPUNG. KESOM, MANIR",21200,TERENGGANU,KUALA TERENGGANU,BUKA,AWAM,KLINIK,KLINIK DESA
21-11050125,KD KUALA IBAI,JALAN SEK. PUSAT K.IBAI,20400,TERENGGANU,KUALA TERENGGANU,BUKA,AWAM,KLINIK,KLINIK DESA
21-11050093,KD LOSONG,JALAN BUKIT LOSONG,21000,TERENGGANU,KUALA TERENGGANU,BUKA,AWAM,KLINIK,KLINIK DESA
21-11050155,KD PENGADANG BARU,JALAN SERADA,20050,TERENGGANU,KUALA TERENGGANU,BUKA,AWAM,KLINIK,KLINIK DESA
21-11050156,KK PAYA DATU,KAMPUNG PAYA DATU JALAN JERAM,21200,TERENGGANU,KUALA TERENGGANU,BUKA,AWAM,KLINIK,KLINIK KESIHATAN
21-11050157,KD PULAU BAHAGIA,KAMPUNG PULAU BAHAGIA,21200,TERENGGANU,KUALA TERENGGANU,BUKA,AWAM,KLINIK,KLINIK DESA
21-11050162,KD PULAU RUSA,JALAN SEK. KEB. PALOH,20500,TERENGGANU,KUALA TERENGGANU,BUKA,AWAM,KLINIK,KLINIK DESA
21-11050207,KD TUALANG,JALAN DURIAN MAS,21200,TERENGGANU,KUALA TERENGGANU,BUKA,AWAM,KLINIK,KLINIK DESA
21-11060205,KD BATANGAN,JALAN BATANGAN SEBERANG MARANG,21600,TERENGGANU,MARANG,BUKA,AWAM,KLINIK,KLINIK DESA
21-11060085,KD BUKIT PERPAT,"JALAN BUKIT PERPAT, KUALA BERANG",21040,TERENGGANU,MARANG,BUKA,AWAM,KLINIK,KLINIK DESA
21-11060110,KD JAMBU BONGKOK,"JALAN MARANG-DUNGUN, MERCHANG, MARANG",21610,TERENGGANU,MARANG,BUKA,AWAM,KLINIK,KLINIK DESA
21-11060113,KD JERONG SEBERANG,"KAMPUNG JERONG SEBERANG, WAKAF TAPAI, MARANG",21040,TERENGGANU,MARANG,BUKA,AWAM,KLINIK,KLINIK DESA
21-11060135,KD MERCHANG,"MERCHANG, MARANG",21600,TERENGGANU,MARANG,BUKA,AWAM,KLINIK,KLINIK DESA
21-11060203,KD PASIR PUTIH,"MERCHANG, MARANG",21410,TERENGGANU,MARANG,BUKA,AWAM,KLINIK,KLINIK DESA
21-11060164,KD RAWAI,"JALAN RAWAI, BUKIT PAYONG, MARANG",21040,TERENGGANU,MARANG,BUKA,AWAM,KLINIK,KLINIK DESA
21-11060204,KD TEBAKANG,BUKIT PAYONG,21400,TERENGGANU,MARANG,BUKA,AWAM,KLINIK,KLINIK DESA
21-11060183,KD UNDANG,"JALAN RHU RENDANG-BUKIT PAYONG, MARANG",21040,TERENGGANU,MARANG,BUKA,AWAM,KLINIK,KLINIK DESA
21-11060131,KD MEDAN JAYA,"JALAN TAMAN MEDAN JAYA, MARANG",21080,TERENGGANU,MARANG,BUKA,AWAM,KLINIK,KLINIK DESA
21-11060159,KD PULAU KERENGGA,"MERCHANG, MARANG",21610,TERENGGANU,MARANG,BUKA,AWAM,KLINIK,KLINIK DESA
21-11060165,KD RHU MUDA,"JALAN MARANG, KUALA TERENGGANU",21600,TERENGGANU,MARANG,BUKA,AWAM,KLINIK,KLINIK DESA
21-11060166,KD RUSILA,"JALAN MARANG, KUALA TERENGGANU",21600,TERENGGANU,MARANG,BUKA,AWAM,KLINIK,KLINIK DESA
21-11060171,KD SETOR KANAN,"JALAN MARANG, WAKAF TAPAI",21600,TERENGGANU,MARANG,BUKA,AWAM,KLINIK,KLINIK DESA
21-11080148,KD PANTAI BATU RAKIT,JALAN FIKRI,21030,TERENGGANU,KUALA NERUS,BUKA,AWAM,KLINIK,KLINIK DESA
21-11080077,KD BUKIT CEMPAKA,KAMPUNG BUKIT CEMPAKA,21060,TERENGGANU,KUALA NERUS,BUKA,AWAM,KLINIK,KLINIK DESA
21-11080086,KD BUKIT WAN,KAMPUNG BUKIT WAN,21060,TERENGGANU,KUALA NERUS,BUKA,AWAM,KLINIK,KLINIK DESA
21-11080133,KD MENGABANG TELIPOT,"JALAN PANTAI,MENGABANG TELIPOT",21030,TERENGGANU,KUALA NERUS,BUKA,AWAM,KLINIK,KLINIK DESA
21-11080102,KD GEMURUH,"KAMPUNG GEMURUH, JALAN KELANTAN",21060,TERENGGANU,KUALA NERUS,BUKA,AWAM,KLINIK,KLINIK DESA
21-11080070,KD BELARA,JALAN KELANTAN,21500,TERENGGANU,KUALA NERUS,BUKA,AWAM,KLINIK,KLINIK DESA
21-11080140,KD PADANG AIR,"KAMPUNG PADANG AIR, JALAN KELANTAN",21060,TERENGGANU,KUALA NERUS,BUKA,AWAM,KLINIK,KLINIK DESA
21-11080080,KD BUKIT GUNTUNG,KAMPUNG BUKIT GUNTUNG,21200,TERENGGANU,KUALA NERUS,BUKA,AWAM,KLINIK,KLINIK DESA
21-11080168,KD SEBERANG TAKIR,JALAN IBRAHIM FIKRI KAMPUNG. BARU,21300,TERENGGANU,KUALA NERUS,BUKA,AWAM,KLINIK,KLINIK DESA
21-11080158,KD PULAU DUYUNG,KAMPUNG. DUYUNG,21300,TERENGGANU,KUALA NERUS,BUKA,AWAM,KLINIK,KLINIK DESA
21-03010039,KK BERIS KUBOR BESAR,KUBOR BESAR,16300,KELANTAN,BACHOK,BUKA,AWAM,KLINIK,KLINIK KESIHATAN
21-03010062,KK MAHLIGAI,JALAN PASIR PUTEH KOTA BHARU,16400,KELANTAN,BACHOK,BUKA,AWAM,KLINIK,KLINIK KESIHATAN
21-03010467,KK JELAWAT,PEJABAT KESIHATAN DAERAH BACHOK,16300,KELANTAN,BACHOK,BUKA,AWAM,KLINIK,KLINIK KESIHATAN
21-03020041,KK BERTAM BARU,BERTAM BARU,18300,KELANTAN,GUA MUSANG,BUKA,AWAM,KLINIK,KLINIK KESIHATAN
21-03020046,KK CHIKU 3,CHIKU 3,18300,KELANTAN,GUA MUSANG,BUKA,AWAM,KLINIK,KLINIK KESIHATAN
21-03020053,KK JERAM TEKOH,JERAM TEKOH,18300,KELANTAN,GUA MUSANG,BUKA,AWAM,KLINIK,KLINIK KESIHATAN
21-03020198,KK KUALA BETIS,KUALA BETIS,18300,KELANTAN,GUA MUSANG,BUKA,AWAM,KLINIK,KLINIK KESIHATAN
21-03020323,KK MERANTO,"KAMPUNG MERANTO, GUA MUSANG",18300,KELANTAN,GUA MUSANG,BUKA,AWAM,KLINIK,KLINIK KESIHATAN
21-03020153,KK JEREK,"KAMPUNG JEREK, WAKIL POS BERTAM",18300,KELANTAN,GUA MUSANG,BUKA,AWAM,KLINIK,KLINIK KESIHATAN
21-03020473,KK POS BROOKE,PEJABAT KESIHATAN DAERAH GUA MUSANG,18300,KELANTAN,GUA MUSANG,BUKA,AWAM,KLINIK,KLINIK KESIHATAN
21-03030088,KK BATU MELINTANG,KAMPUNG BATU MELINTANG,17520,KELANTAN,JELI,BUKA,AWAM,KLINIK,KLINIK KESIHATAN
21-03030058,KK KUALA BALAH,KUALA BALAH,17600,KELANTAN,JELI,BUKA,AWAM,KLINIK,KLINIK KESIHATAN
21-03030214,KK LUBOK BONGOR,LUBOK BONGOR,17600,KELANTAN,JELI,BUKA,AWAM,KLINIK,KLINIK KESIHATAN
21-03030029,KK AYER LANAS,AYER LANAS,17700,KELANTAN,JELI,BUKA,AWAM,KLINIK,KLINIK KESIHATAN
21-03030460,KK GEMANG,"KAMPUNG GEMANG, AYER LANAS",17700,KELANTAN,JELI,BUKA,AWAM,KLINIK,KLINIK KESIHATAN
21-03040173,KK PINTU GENG,"JALAN. PINTU GENG, KOTA BHARU",15000,KELANTAN,KOTA BHARU,BUKA,AWAM,KLINIK,KLINIK KESIHATAN
21-03040033,KK BANDAR KOTA BHARU,JALAN HOSPITAL,15586,KELANTAN,KOTA BHARU,BUKA,AWAM,KLINIK,KLINIK KESIHATAN
21-03040030,KK BADANG,JALAN PCB,15350,KELANTAN,KOTA BHARU,BUKA,AWAM,KLINIK,KLINIK KESIHATAN
21-03040043,KK PEROL,CABANG 3 PEROL,16010,KELANTAN,KOTA BHARU,BUKA,AWAM,KLINIK,KLINIK KESIHATAN
21-03040055,KK KOTA JEMBAL,"BANDAR KOTA JEMBAL, KEDAI LALAT",16150,KELANTAN,KOTA BHARU,BUKA,AWAM,KLINIK,KLINIK KESIHATAN
21-03040195,KK KOK LANAS,"KILOMETER 25, JALAN KUALA KRAI",16450,KELANTAN,KOTA BHARU,BUKA,AWAM,KLINIK,KLINIK KESIHATAN
21-03040059,KK KUBANG KERIAN,"JALAN ISTANA MAHKOTA, KOTA BHARU",16150,KELANTAN,KOTA BHARU,BUKA,AWAM,KLINIK,KLINIK KESIHATAN
21-03040061,KK LUNDANG PAKU,JALAN DEWAN BETA,15100,KELANTAN,KOTA BHARU,BUKA,AWAM,KLINIK,KLINIK KESIHATAN
21-03040066,KK PENAMBANG,LOT NO 348-A JALAN PANTAI CAHAYA BULAN KAMPUNG. PENAMBANG,15350,KELANTAN,KOTA BHARU,BUKA,AWAM,KLINIK,KLINIK KESIHATAN
21-03040067,KK PENGKALAN CHEPA,PENGKALAN CHEPA,16100,KELANTAN,KOTA BHARU,BUKA,AWAM,KLINIK,KLINIK KESIHATAN
21-03040069,KK PERINGAT,JALAN MELOR,16400,KELANTAN,KOTA BHARU,BUKA,AWAM,KLINIK,KLINIK KESIHATAN
21-03040159,KK KIJANG,JALAN PCB BADANG,15350,KELANTAN,KOTA BHARU,BUKA,AWAM,KLINIK,KLINIK KESIHATAN
21-03040139,KK BEREK,JALAN BUKIT MARAK,16450,KELANTAN,KOTA BHARU,BUKA,AWAM,KLINIK,KLINIK KESIHATAN
21-03040148,KK CHEMPAKA,JALAN PANJI,16100,KELANTAN,KOTA BHARU,BUKA,AWAM,KLINIK,KLINIK KESIHATAN
21-03040454,KK UTC KELANTAN,"LEVEL 1 LOT 378, SEKSYEN 16, JALAN HAMZAH",15050,KELANTAN,KOTA BHARU,BUKA,AWAM,KLINIK,KLINIK KESIHATAN
21-03040463,KK LUBUK PUKUL,JALAN KOTA BHARU - BACHOK,16150,KELANTAN,KOTA BHARU,BUKA,AWAM,KLINIK,KLINIK KESIHATAN
21-03040462,KK MULONG,JALAN KUALA KRAI - KOTA BHARU,16450,KELANTAN,KOTA BHARU,BUKA,AWAM,KLINIK,KLINIK KESIHATAN
21-03040278,KK WAKAF STAN,"KAMPUNG WAKAF STAN, KOTA BHARU",16150,KELANTAN,KOTA BHARU,BUKA,AWAM,KLINIK,KLINIK KESIHATAN
21-03040170,KK PARIT,JALAN PASIR TUMBUH-TIONG,16400,KELANTAN,KOTA BHARU,BUKA,AWAM,KLINIK,KLINIK KESIHATAN
21-03040171,KK PENDEK,JALAN KOTA BHARU-SALOR,15100,KELANTAN,KOTA BHARU,BUKA,AWAM,KLINIK,KLINIK KESIHATAN
21-03050034,KK BANDAR KUALA KRAI,KKB JALAN PINTAS,18000,KELANTAN,KUALA KRAI,BUKA,AWAM,KLINIK,KLINIK KESIHATAN
21-03050063,KK MANIK URAI,MANEK URAI,18050,KELANTAN,KUALA KRAI,BUKA,AWAM,KLINIK,KLINIK KESIHATAN
21-03050158,KK KEROH,JALAN KUALA KRAI,18000,KELANTAN,KUALA KRAI,BUKA,AWAM,KLINIK,KLINIK KESIHATAN
21-03060097,KK BANGGOL JUDAH,"JALAN. MACHANG-PASIR PUTEH, MACHANG",18500,KELANTAN,MACHANG,BUKA,AWAM,KLINIK,KLINIK KESIHATAN
21-03060037,KK BATU 30,JALAN KUALA KRAI,18500,KELANTAN,MACHANG,BUKA,AWAM,KLINIK,KLINIK KESIHATAN
21-03060070,KK PULAI CHONDONG,PULAU CHONDONG,16600,KELANTAN,MACHANG,BUKA,AWAM,KLINIK,KLINIK KESIHATAN
21-03060138,KK KAMPUNG BANDAR,JALAN KEMUBU,16600,KELANTAN,MACHANG,BUKA,AWAM,KLINIK,KLINIK KESIHATAN
21-03030479,KK JOH,"KAMPUNG JOH, MACHANG",18500,KELANTAN,MACHANG,BUKA,AWAM,KLINIK,KLINIK KESIHATAN
21-03060106,KK BUKIT BAKAR,"BATU 30, MACHANG",18500,KELANTAN,MACHANG,BUKA,AWAM,KLINIK,KLINIK KESIHATAN
21-03070035,KK BANDAR PASIR MAS,BANDAR PASIR MAS,17000,KELANTAN,PASIR MAS,BUKA,AWAM,KLINIK,KLINIK KESIHATAN
21-03070129,KK GUAL PERIOK,GUAL PERIOK,17200,KELANTAN,PASIR MAS,BUKA,AWAM,KLINIK,KLINIK KESIHATAN
21-03070071,KK RANTAU PANJANG,"JALAN LUBOK STOL, RANTAU PANJANG",17200,KELANTAN,PASIR MAS,BUKA,AWAM,KLINIK,KLINIK KESIHATAN
21-03070054,KK KANGKONG,JALAN PASIR MAS TANAH MERAH,17040,KELANTAN,PASIR MAS,BUKA,AWAM,KLINIK,KLINIK KESIHATAN
21-03070064,KK MERANTI,"JALAN BANGGOL CHE WAN, MERANTI",17000,KELANTAN,PASIR MAS,BUKA,AWAM,KLINIK,KLINIK KESIHATAN
21-03070468,KK KASAR,"KLINIK KESIHATAN KASAR, PASIR MAS",17000,KELANTAN,PASIR MAS,BUKA,AWAM,KLINIK,KLINIK KESIHATAN
21-03080084,KK BANGGOL PA' ESAH,"KAMPUNG BANGGUL PA'ESAH, PASIR PUTEH",16800,KELANTAN,PASIR PUTEH,BUKA,AWAM,KLINIK,KLINIK KESIHATAN
21-03080128,KK GONG KULIM,KAMPUNG KULIM,16800,KELANTAN,PASIR PUTEH,BUKA,AWAM,KLINIK,KLINIK KESIHATAN
21-03080459,KK SUNGAI PETAI,KAMPUNG. SUNGAI PETAI,16800,KELANTAN,PASIR PUTEH,BUKA,AWAM,KLINIK,KLINIK KESIHATAN
21-03080325,KK PADANG PAK AMAT,"LOT.1617,KAMPUNG PADANG PAK AMAT,PASIR PUTEH",16800,KELANTAN,PASIR PUTEH,BUKA,AWAM,KLINIK,KLINIK KESIHATAN
21-03090038,KK BATU GAJAH,"BATU 13, JALAN TANAH MERAH-JELI",17510,KELANTAN,TANAH MERAH,BUKA,AWAM,KLINIK,KLINIK KESIHATAN
21-03090050,KK GUAL IPOH,KAMPUNG GUAL IPOH,17510,KELANTAN,TANAH MERAH,BUKA,AWAM,KLINIK,KLINIK KESIHATAN
21-03090056,KK KEMAHANG,FELDA KEMAHANG,16800,KELANTAN,TANAH MERAH,BUKA,AWAM,KLINIK,KLINIK KESIHATAN
21-03090095,KK BELIMBING,KAMPUNG BELIMBING,17500,KELANTAN,TANAH MERAH,BUKA,AWAM,KLINIK,KLINIK KESIHATAN
21-03090107,KK BUKIT BUNGA,"KAMPUNG BUKIT BUNGA, JALAN TANAH MERAH-JELI",17500,KELANTAN,TANAH MERAH,BUKA,AWAM,KLINIK,KLINIK KESIHATAN
21-03090281,KK TANAH MERAH,JALAN KLINIK TANAH MERAH,17500,KELANTAN,TANAH MERAH,BUKA,AWAM,KLINIK,KLINIK KESIHATAN
21-03090466,KK BATANG MERBAU,"KLINIK KESIHATAN BATANG MERBAU, TANAH MERAH",17500,KELANTAN,TANAH MERAH,BUKA,AWAM,KLINIK,KLINIK KESIHATAN
21-03100269,KK TELOK RENJUNA,TELOK REJUNA,16200,KELANTAN,TUMPAT,BUKA,AWAM,KLINIK,KLINIK KESIHATAN
21-03100098,KK BENDANG KERIAN,BENDANG KERIAN,16200,KELANTAN,TUMPAT,BUKA,AWAM,KLINIK,KLINIK KESIHATAN
21-03100036,KK BANDAR TUMPAT,BANDAR TUMPAT,16200,KELANTAN,TUMPAT,BUKA,AWAM,KLINIK,KLINIK KESIHATAN
21-03100042,KK BUNOHAN,JALAN PANGKALAN KUBOR,16200,KELANTAN,TUMPAT,BUKA,AWAM,KLINIK,KLINIK KESIHATAN
21-03100068,KK PENGKALAN KUBOR,PENGKALAN KUBOR,16200,KELANTAN,TUMPAT,BUKA,AWAM,KLINIK,KLINIK KESIHATAN
21-03100073,KK SUNGAI PINANG,"SUNGAI PINANG, PALEKBANG",16200,KELANTAN,TUMPAT,BUKA,AWAM,KLINIK,KLINIK KESIHATAN
21-03100077,KK WAKAF BHARU,WAKAF BARU,16250,KELANTAN,TUMPAT,BUKA,AWAM,KLINIK,KLINIK KESIHATAN
21-03100276,KK WAKAF DELIMA,KAMPUNG WAKAF DELIMA,16250,KELANTAN,TUMPAT,BUKA,AWAM,KLINIK,KLINIK KESIHATAN
21-03070478,KK TELOK JERING,KAMPUNG TELOK JERING,16210,KELANTAN,TUMPAT,BUKA,AWAM,KLINIK,KLINIK KESIHATAN
21-03100469,KK GETING,"GETING, PENGKALAN KUBOR",16200,KELANTAN,TUMPAT,BUKA,AWAM,KLINIK,KLINIK KESIHATAN
21-03020327,KKOM TANAH PUTEH,"1324/1325, TINGKAT BAWAH KEDAI/WISMA HENG, JALAN TANAH PUTEH",18300,KELANTAN,GUA MUSANG,BUKA,AWAM,KLINIK,KLINIK KOMUNITI
21-03010080,KD ALOR BAKAT,ALOR BAKAT,16400,KELANTAN,BACHOK,BUKA,AWAM,KLINIK,KLINIK DESA
21-03010096,KD BELUKAR BACHOK,BELUKAR BACHOK,16090,KELANTAN,BACHOK,BUKA,AWAM,KLINIK,KLINIK DESA
21-03010102,KD BERIS LALANG,KAMPUNG BERIS LALANG,16300,KELANTAN,BACHOK,BUKA,AWAM,KLINIK,KLINIK DESA
21-03010192,KD KEPALA BATAS,KEPALA BATAS,16300,KELANTAN,BACHOK,BUKA,AWAM,KLINIK,KLINIK DESA
21-03010197,KD KOLAM,KAMPUNG KOLAM MAHLIGAI,16400,KELANTAN,BACHOK,BUKA,AWAM,KLINIK,KLINIK DESA
21-03010201,KD KUAU,KAMPUNG BERIS KUBUR BESAR,16300,KELANTAN,BACHOK,BUKA,AWAM,KLINIK,KLINIK DESA
21-03010234,KD PANTAI BARU,JALAN PANTAI BARU,16300,KELANTAN,BACHOK,BUKA,AWAM,KLINIK,KLINIK DESA
21-03010239,KD PAUH LIMA,"KAMPUNG PAUH LIMA, JALAN KUALA KERAI",16090,KELANTAN,BACHOK,BUKA,AWAM,KLINIK,KLINIK DESA
21-03010240,KD PAUH SEMBILAN,BERIS KUBU BESAR,16020,KELANTAN,BACHOK,BUKA,AWAM,KLINIK,KLINIK DESA
21-03010266,KD TAWANG,JALAN RAJA SAKTI,16020,KELANTAN,BACHOK,BUKA,AWAM,KLINIK,KLINIK DESA
21-03010273,KD WAKAF AIK,KAMPUNG WAKAF AIK,16020,KELANTAN,BACHOK,BUKA,AWAM,KLINIK,KLINIK DESA
21-03010297,KD CHERANG LAUT,CHERANG LAUT,16300,KELANTAN,BACHOK,BUKA,AWAM,KLINIK,KLINIK DESA
21-03020121,KD CHIKU 7,FELDA CHIKU 7,18300,KELANTAN,GUA MUSANG,BUKA,AWAM,KLINIK,KLINIK DESA
21-03020123,KD CHIKU 1,FELDA CHIKU 1,18300,KELANTAN,GUA MUSANG,BUKA,AWAM,KLINIK,KLINIK DESA
21-03020174,KD KAMPUNG PULAI,KAMPUNG PULAI,18500,KELANTAN,GUA MUSANG,BUKA,AWAM,KLINIK,KLINIK DESA
21-03020176,KD RENOK BARU,"KAMPUNG RENOK BARU, DESA SRI INTAN, RENOK BARU, KM 14 LEBUHRAYA GUA MUSANG",18300,KELANTAN,GUA MUSANG,BUKA,AWAM,KLINIK,KLINIK DESA
21-03020180,KK STAR,KAMPUNG STAR,18300,KELANTAN,GUA MUSANG,BUKA,AWAM,KLINIK,KLINIK KESIHATAN
21-03020213,KK LIMAU KASTURI,WAKIL POS LIMAU KASTURI,18300,KELANTAN,GUA MUSANG,BUKA,AWAM,KLINIK,KLINIK KESIHATAN
21-03020227,KD PALOH 1 (KESEDAR),FELDA PALOH 1,18300,KELANTAN,GUA MUSANG,BUKA,AWAM,KLINIK,KLINIK DESA
21-03020228,KD PALOH 3 (KESEDAR),FELDA PALOH 3,18300,KELANTAN,GUA MUSANG,BUKA,AWAM,KLINIK,KLINIK DESA
21-03020229,KD PANGGONG LALAT,PANGGONG LALAT,18300,KELANTAN,GUA MUSANG,BUKA,AWAM,KLINIK,KLINIK DESA
21-03020247,KD PERASU,JALAN PERASU,18300,KELANTAN,GUA MUSANG,BUKA,AWAM,KLINIK,KLINIK DESA
21-03020263,KD SUNGAI TERAH (RPT),JALAN SUNGAI TERAH,18300,KELANTAN,GUA MUSANG,BUKA,AWAM,KLINIK,KLINIK DESA
21-03020264,KD (SEDC) SUNGAI TERAH,JALAN SUNGAI TERAH,18300,KELANTAN,GUA MUSANG,BUKA,AWAM,KLINIK,KLINIK DESA
21-03020310,KD ARING 6,FELDA ARING 6,18300,KELANTAN,GUA MUSANG,BUKA,AWAM,KLINIK,KLINIK DESA
21-03020306,KD ARING 10,"FELDA ARING 10, GUA MUSANG",18300,KELANTAN,GUA MUSANG,BUKA,AWAM,KLINIK,KLINIK DESA
21-03020322,KD KUALA SUNGAI,"KUALA SUNGAI, GUA MUSANG",18300,KELANTAN,GUA MUSANG,BUKA,AWAM,KLINIK,KLINIK DESA
21-03030082,KD AYER CANAL,KAMPUNG AYER CANAL,17700,KELANTAN,JELI,BUKA,AWAM,KLINIK,KLINIK DESA
21-03030135,KD KALAI,KAMPUNG KALAI,17520,KELANTAN,JELI,BUKA,AWAM,KLINIK,KLINIK DESA
21-03030145,KD KAMPUNG BUKIT JERING,KAMPUNG BUKIT JERING,17510,KELANTAN,JELI,BUKA,AWAM,KLINIK,KLINIK DESA
21-03030200,KD KUALA LONG,SUNGAI LONG,17520,KELANTAN,JELI,BUKA,AWAM,KLINIK,KLINIK DESA
21-03030203,KD KUBOR DATU,JALAN SUNGAI SAM-DABONG-JELI,17510,KELANTAN,JELI,BUKA,AWAM,KLINIK,KLINIK DESA
21-03030212,KD LEGEH,JALAN SUNGAI SAM-DEBONG-JELI,17700,KELANTAN,JELI,BUKA,AWAM,KLINIK,KLINIK DESA
21-03030236,KD PASIR DUSUN,JALAN SUNGAI SAM-DEBONG-JELI,17600,KELANTAN,JELI,BUKA,AWAM,KLINIK,KLINIK DESA
21-03030241,KD PENDOK,KAMPUNG PENDOK,17520,KELANTAN,JELI,BUKA,AWAM,KLINIK,KLINIK DESA
21-03030262,KD SUNGAI SATAN,KAMPUNG SUNGAI SATAN,17700,KELANTAN,JELI,BUKA,AWAM,KLINIK,KLINIK DESA
21-03040090,KD BATU TINGGI,KAMPUNG BATU TINGGI,16450,KELANTAN,KOTA BHARU,BUKA,AWAM,KLINIK,KLINIK DESA
21-03040127,KD GONDANG,"KAMPUNG. GONDANG, KOTA BHARU",16450,KELANTAN,KOTA BHARU,BUKA,AWAM,KLINIK,KLINIK DESA
21-03040134,KD KADOK,JALAN KUALA KRAI KOTA BHARU,16450,KELANTAN,KOTA BHARU,BUKA,AWAM,KLINIK,KLINIK DESA
21-03040136,KD ARIL,"JALAN MELOR LAMA, KOTA BHARU",16400,KELANTAN,KOTA BHARU,BUKA,AWAM,KLINIK,KLINIK DESA
21-03040141,KD BETA HILIR,"KAMPUNG BETA HILIR, JALAN DEWAN HILIR",15100,KELANTAN,KOTA BHARU,BUKA,AWAM,KLINIK,KLINIK DESA
21-03040142,KD BETA HULU,KAMPUNG BETA HULU,15100,KELANTAN,KOTA BHARU,BUKA,AWAM,KLINIK,KLINIK DESA
21-03040146,KD BUT,"KAMPUNG BUT, JALAN PENGKALAN BUT",16450,KELANTAN,KOTA BHARU,BUKA,AWAM,KLINIK,KLINIK DESA
21-03040147,KD CHE LATIF,"JALAN PCB BADANG, KOTA BHARU",15350,KELANTAN,KOTA BHARU,BUKA,AWAM,KLINIK,KLINIK DESA
21-03040162,KD KUBANG KIAT,JALAN DEWAN BETA,16450,KELANTAN,KOTA BHARU,BUKA,AWAM,KLINIK,KLINIK DESA
21-03040167,KD MELOR,"KAMPUNG MELOR, JALAN GUNONG",16400,KELANTAN,KOTA BHARU,BUKA,AWAM,KLINIK,KLINIK DESA
21-03040168,KD MENTUAN,"SERING, KOTA BHARU",16150,KELANTAN,KOTA BHARU,BUKA,AWAM,KLINIK,KLINIK DESA
21-03040189,KD KEMEROK,JALAN PANTAI SABAK-KOTA BHARU,16100,KELANTAN,KOTA BHARU,BUKA,AWAM,KLINIK,KLINIK DESA
21-03040191,KD KEMUMIN,JALAN PANTAI SABAK,16100,KELANTAN,KOTA BHARU,BUKA,AWAM,KLINIK,KLINIK DESA
21-03040231,KD PANGKAL KALONG,JALAN KUALA KRAI-KOTA BHARU,16400,KELANTAN,KOTA BHARU,BUKA,AWAM,KLINIK,KLINIK DESA
21-03040235,KD PANTAI KUNDOR,JALAN KUALA BESAR-KOTA BHARU,15350,KELANTAN,KOTA BHARU,BUKA,AWAM,KLINIK,KLINIK DESA
21-03040243,KD PENGKALAN DATU,"JALAN PENGKALAN DATU, SERING, KOTA BHARU",16150,KELANTAN,KOTA BHARU,BUKA,AWAM,KLINIK,KLINIK DESA
21-03040244,KD PENGKALAN FERI,"KAMPUNG SEBERANG PASIR MAS, SALOR, KOTA BHARU",16450,KELANTAN,KOTA BHARU,BUKA,AWAM,KLINIK,KLINIK DESA
21-03040256,KD SALOR,"JALAN KOTA BHARU-SALOR, KOTA BHARU",15100,KELANTAN,KOTA BHARU,BUKA,AWAM,KLINIK,KLINIK DESA
21-03050122,KD CHUCHOH PUTRI,"CHUCHOH PUTRI, MANIK URAI",18000,KELANTAN,KUALA KRAI,BUKA,AWAM,KLINIK,KLINIK DESA
21-03050131,KD JELAWANG,"KAMPUNG JELAWANG, JALAN SUNGAI SAM-DABONG-JELI",18000,KELANTAN,KUALA KRAI,BUKA,AWAM,KLINIK,KLINIK DESA
21-03050137,KK BAHAGIA,JALAN KUALA KRAI,18000,KELANTAN,KUALA KRAI,BUKA,AWAM,KLINIK,KLINIK KESIHATAN
21-03050149,KD KAMPUNG CHENULANG,"KAMPUNG CHENULANG, WAKIL POS RPT CHENULANG",18000,KELANTAN,KUALA KRAI,BUKA,AWAM,KLINIK,KLINIK DESA
21-03050155,KK KARANGAN,"KLINIK KESIHATAN KARANGAN, JALAN KUALA KRAI",18000,KELANTAN,KUALA KRAI,BUKA,AWAM,KLINIK,KLINIK KESIHATAN
21-03050160,KD KUALA NAL,"KAMPUNG KUALA NAL, JALAN KUALA KRAI BATU 39",18000,KELANTAN,KUALA KRAI,BUKA,AWAM,KLINIK,KLINIK DESA
21-03050172,KK PERIA,"KLINIK KESIHATAN PERIA, KAMPUNG PERIA, JALAN KUALA KRAI",18000,KELANTAN,KUALA KRAI,BUKA,AWAM,KLINIK,KLINIK KESIHATAN
21-03050179,KD SRI MAHLIGAI,"KAMPUNG, DUSUN DURIAN, SERI MAHLIGAI DABONG",18000,KELANTAN,KUALA KRAI,BUKA,AWAM,KLINIK,KLINIK DESA
21-03050181,KD SUNGAI SOK,KAMPUNG SUNGAI SOK,18000,KELANTAN,KUALA KRAI,BUKA,AWAM,KLINIK,KLINIK DESA
21-03050183,KD TELEKONG,"KAMPUNG TELEKONG, JALAN KUALA KRAI",18000,KELANTAN,KUALA KRAI,BUKA,AWAM,KLINIK,KLINIK DESA
21-03050190,KD KEMUBU,KAMPUNG KEMUBU,18000,KELANTAN,KUALA KRAI,BUKA,AWAM,KLINIK,KLINIK DESA
21-03050199,KD KUALA GRIS,KAMPUNG KUALA GRIS,18000,KELANTAN,KUALA KRAI,BUKA,AWAM,KLINIK,KLINIK DESA
21-03050237,KD PASIR KELANG,JALAN KUALA KRAI,18000,KELANTAN,KUALA KRAI,BUKA,AWAM,KLINIK,KLINIK DESA
21-03050259,KD SUNGAI MENGKUANG,KAMPUNG SUNGAI MENGKUANG,18000,KELANTAN,KUALA KRAI,BUKA,AWAM,KLINIK,KLINIK DESA
21-03050260,KD SUNGAI PAS (SRI KENANGAN),SUNGAI PAS,18000,KELANTAN,KUALA KRAI,BUKA,AWAM,KLINIK,KLINIK DESA
21-03060143,KD KAMPUNG BINJAI (LABOK),"PULAU CHONDONG, MACHANG",18500,KELANTAN,MACHANG,BUKA,AWAM,KLINIK,KLINIK DESA
21-03060152,KD KAMPUNG JAKAR,JALAN PALOH RAWA KAMPUNG PEK,18500,KELANTAN,MACHANG,BUKA,AWAM,KLINIK,KLINIK DESA
21-03060157,KK KERILLA,"KLINIK KESIHATAN KERILLA, JALAN TEMANGAN KERILLA",18400,KELANTAN,MACHANG,BUKA,AWAM,KLINIK,KLINIK KESIHATAN
21-03060169,KD PALOH RAWA,JALAN LIMAU HANTU,18400,KELANTAN,MACHANG,BUKA,AWAM,KLINIK,KLINIK DESA
21-03060177,KD KAMPUNG SIMPUL BELUBANG,JALAN JOH,18500,KELANTAN,MACHANG,BUKA,AWAM,KLINIK,KLINIK DESA
21-03060182,KD KAMPUNG TAKIL,JALAN DEWAN,18500,KELANTAN,MACHANG,BUKA,AWAM,KLINIK,KLINIK DESA
21-03060218,KK MATA AYER,"KLINIK KESIHATAN MATA AYER, KAMPUNG MATA AYER, PULAI CHONDONG",16600,KELANTAN,MACHANG,BUKA,AWAM,KLINIK,KLINIK KESIHATAN
21-03060274,KD WAKAF BATA,"JALAN TANAH MERAH, MACHANG",18500,KELANTAN,MACHANG,BUKA,AWAM,KLINIK,KLINIK DESA
21-03070083,KD BANGGOL CHICHA,BANGGOL CHICHA,17000,KELANTAN,PASIR MAS,BUKA,AWAM,KLINIK,KLINIK DESA
21-03070085,KK BAROH PIAL,BAROH PIAL,17020,KELANTAN,PASIR MAS,BUKA,AWAM,KLINIK,KLINIK KESIHATAN
21-03070092,KD BAYU LALANG,JALAN BAYU LALANG,17000,KELANTAN,PASIR MAS,BUKA,AWAM,KLINIK,KLINIK DESA
21-03070112,KD BUKIT PERAH,"BUKIT PERAH, TO' UBAN",17050,KELANTAN,PASIR MAS,BUKA,AWAM,KLINIK,KLINIK DESA
21-03070114,KD BUNUT SUSU,KAMPUNG BUNUT SUSU,17020,KELANTAN,PASIR MAS,BUKA,AWAM,KLINIK,KLINIK DESA
21-03070117,KK CHERANG HANGUS,CHERANG HANGUS,17000,KELANTAN,PASIR MAS,BUKA,AWAM,KLINIK,KLINIK KESIHATAN
21-03070130,KD JEJAWI,JALAN JEJAWI,17000,KELANTAN,PASIR MAS,BUKA,AWAM,KLINIK,KLINIK DESA
21-03070150,KD GELAM MAS,GELAM MAS,17010,KELANTAN,PASIR MAS,BUKA,AWAM,KLINIK,KLINIK DESA
21-03070209,KD LATI,JALAN KOTA BHARU-PENGKALAN KUBOR,17000,KELANTAN,PASIR MAS,BUKA,AWAM,KLINIK,KLINIK DESA
21-03070215,KD LUBOK SETOL,JALAN LUBOK SETOL,17200,KELANTAN,PASIR MAS,BUKA,AWAM,KLINIK,KLINIK DESA
21-03070216,KD LUBOK TAPAH,KAMPUNG LUBOK TAPAH,17000,KELANTAN,PASIR MAS,BUKA,AWAM,KLINIK,KLINIK DESA
21-03070252,KD POHON TANJUNG,JALAN HOSPITAL,17010,KELANTAN,PASIR MAS,BUKA,AWAM,KLINIK,KLINIK DESA
21-03070255,KD REPEK,KAMPUNG REPEK,17000,KELANTAN,PASIR MAS,BUKA,AWAM,KLINIK,KLINIK DESA
21-03070230,KK PANGKAL KALA,KAMPUNG PANGKAL KALA,17030,KELANTAN,PASIR MAS,BUKA,AWAM,KLINIK,KLINIK KESIHATAN
21-03080105,KD BUKIT AWANG,"KAMPUNG BUKIT AWANG, GAAL, PASIR PUTEH",16800,KELANTAN,PASIR PUTEH,BUKA,AWAM,KLINIK,KLINIK DESA
21-03080110,KD BUKIT MERBAU,"KAMPUNG BUKIT MERBAU, PASIR PUTEH",16800,KELANTAN,PASIR PUTEH,BUKA,AWAM,KLINIK,KLINIK DESA
21-03080124,KD DALAM RHU,SEMARAK-KUALA BESUT,16700,KELANTAN,PASIR PUTEH,BUKA,AWAM,KLINIK,KLINIK DESA
21-03080133,KD JELOR,"KAMPUNG JELOR, PASIR PUTEH",16800,KELANTAN,PASIR PUTEH,BUKA,AWAM,KLINIK,KLINIK DESA
21-03080165,KD KAMPUNG LEMBAH,KAMPUNG LEMBAH,16700,KELANTAN,PASIR PUTEH,BUKA,AWAM,KLINIK,KLINIK DESA
21-03080265,KD TASEK PAUH,"KAMPUNG TASEK PAUH, PASIR PUTEH",16810,KELANTAN,PASIR PUTEH,BUKA,AWAM,KLINIK,KLINIK DESA
21-03080270,KD TELOSAN,"KAMPUNG TELOSAN, PASIR PUTEH",16800,KELANTAN,PASIR PUTEH,BUKA,AWAM,KLINIK,KLINIK DESA
21-03080271,KD TOK BALI,"KAMPUNG. TOK BALI, PASIR PUTEH",16700,KELANTAN,PASIR PUTEH,BUKA,AWAM,KLINIK,KLINIK DESA
21-03080275,KD WAKAF BUNUT,"KAMPUNG WAKAF BUNUT, PASIR PUTEH",16810,KELANTAN,PASIR PUTEH,BUKA,AWAM,KLINIK,KLINIK DESA
21-03080277,KD WAKAF RAJA,"JALAN PASIR PUTIH-JERTEH, KAMPUNG WAKAF RAJA",16800,KELANTAN,PASIR PUTEH,BUKA,AWAM,KLINIK,KLINIK DESA
21-03090081,KD ALOR PASIR,KAMPUNG. ALOR PASIR TANAH MERAH,17500,KELANTAN,TANAH MERAH,BUKA,AWAM,KLINIK,KLINIK DESA
21-03090093,KD BECHAH LAUT,KAMPUNG. BECHAH LAUT TANAH MERAH,17500,KELANTAN,TANAH MERAH,BUKA,AWAM,KLINIK,KLINIK DESA
21-03090099,KD BENDANG NYIOR,KAMPUNG. BENDANG NYIOR TANAH MERAH,17500,KELANTAN,TANAH MERAH,BUKA,AWAM,KLINIK,KLINIK DESA
21-03090108,KD BUKIT DURIAN,"KAMPUNG BUKIT DURIAN GUAL IPOH, TANAH MERAH",16800,KELANTAN,TANAH MERAH,BUKA,AWAM,KLINIK,KLINIK DESA
21-03090111,KD BUKIT PANAU,"KAMPUNG BUKIT PANAU, TANAH MERAH",17500,KELANTAN,TANAH MERAH,BUKA,AWAM,KLINIK,KLINIK DESA
21-03090125,KD GOBEK,"KAMPUNG. GOBEK GUAL IPOH, TANAH MERAH",17500,KELANTAN,TANAH MERAH,BUKA,AWAM,KLINIK,KLINIK DESA
21-03090156,KD KEMAHANG 3,"FELDA KEMAHANG, TANAH MERAH",17500,KELANTAN,TANAH MERAH,BUKA,AWAM,KLINIK,KLINIK DESA
21-03090161,KD KUALA TIGA,GUAL IPOH TANAH MERAH,17500,KELANTAN,TANAH MERAH,BUKA,AWAM,KLINIK,KLINIK DESA
21-03090178,KK SOKOR,"KLINIK KESIHATAN SOKOR, KAMPUNG SOKOR, GUAL IPOH",17500,KELANTAN,TANAH MERAH,BUKA,AWAM,KLINIK,KLINIK KESIHATAN
21-03090185,KD ULU KUSIAL,ULU KUSIAL,17500,KELANTAN,TANAH MERAH,BUKA,AWAM,KLINIK,KLINIK DESA
21-03090205,KD KULIM,"KAMPUNG KULIM, GUAL IPOH TANAH MERAH",16800,KELANTAN,TANAH MERAH,BUKA,AWAM,KLINIK,KLINIK DESA
21-03090206,KD KUSIAL BARU,KAMPUNG KUSIAL BHARU TANAH MERAH,17500,KELANTAN,TANAH MERAH,BUKA,AWAM,KLINIK,KLINIK DESA
21-03090208,KD LALANG PEPUYU,"KAMPUNG LALANG PEPUYU JALAN PANGLIMA BAYU, RANTAU PANJANG, TANAH MERAH",17500,KELANTAN,TANAH MERAH,BUKA,AWAM,KLINIK,KLINIK DESA
21-03090210,KD LAWANG,KAMPUNG. LAWANG BATU GAJAH TANAH MERAH,17500,KELANTAN,TANAH MERAH,BUKA,AWAM,KLINIK,KLINIK DESA
21-03090221,KD NIBONG,KAMPUNG. NIBONG JALAN TANAH MERAH- JELI TANAH MERAH,17500,KELANTAN,TANAH MERAH,BUKA,AWAM,KLINIK,KLINIK DESA
21-03090232,KD PANGLIMA BAYU,"KAMPUNG. PANGLIMA BAYU, BATU. 14 JALAN TANAH MERAH-JELI, BATU GAJAH TANAH MERAH",17500,KELANTAN,TANAH MERAH,BUKA,AWAM,KLINIK,KLINIK DESA
21-03090246,KD PERALLA,KAMPUNG. PERALLA GUAL IPOH TANAH MERAH,17500,KELANTAN,TANAH MERAH,BUKA,AWAM,KLINIK,KLINIK DESA
21-03100079,KD AIR DINGIN,AIR DINGIN,16200,KELANTAN,TUMPAT,BUKA,AWAM,KLINIK,KLINIK DESA
21-03100100,KD BENDANG PAK YONG,BENDANG PAK YONG,16200,KELANTAN,TUMPAT,BUKA,AWAM,KLINIK,KLINIK DESA
21-03100113,KD BUNUT SARANG BURUNG,BUNUT SARANG BURUNG,16200,KELANTAN,TUMPAT,BUKA,AWAM,KLINIK,KLINIK DESA
21-03100115,KD CABANG EMPAT,CABANG EMPAT,16200,KELANTAN,TUMPAT,BUKA,AWAM,KLINIK,KLINIK DESA
21-03100164,KD KAMPUNG LAUT,KAMPUNG LAUT,16040,KELANTAN,TUMPAT,BUKA,AWAM,KLINIK,KLINIK DESA
21-03100194,KD KOK KELI,KOK KELI,16040,KELANTAN,TUMPAT,BUKA,AWAM,KLINIK,KLINIK DESA
21-03100196,KD KOK PASIR,KOK PASIR,16200,KELANTAN,TUMPAT,BUKA,AWAM,KLINIK,KLINIK DESA
21-03100222,KD PADANG MANDOL,PADANG MANDOL,16200,KELANTAN,TUMPAT,BUKA,AWAM,KLINIK,KLINIK DESA
21-03100224,KD PADANG ROKMA,PADANG ROKMA,16250,KELANTAN,TUMPAT,BUKA,AWAM,KLINIK,KLINIK DESA
21-03100253,KD PULAU TONGKANG,PULAU TONGKANG,16200,KELANTAN,TUMPAT,BUKA,AWAM,KLINIK,KLINIK DESA
21-12010082,KK MEMBAKUT,"PEKAN MEMBAKUT, BEAUFORT, PETI SURAT 173, MEMBAKUT, 89728",89728,SABAH,BEAUFORT,BUKA,AWAM,KLINIK,KLINIK KESIHATAN
21-12010090,KK PADAS DAMIT,"KAMPUNG PADAS DAMIT, BEAUFORT",89807,SABAH,BEAUFORT,BUKA,AWAM,KLINIK,KLINIK KESIHATAN
21-12010130,KK WESTON,PEKAN WESTON,89807,SABAH,BEAUFORT,BUKA,AWAM,KLINIK,KLINIK KESIHATAN
21-12010068,KK KOTA KLIAS,"KAMPUNG KILAS, BEAUFORT",89807,SABAH,BEAUFORT,BUKA,AWAM,KLINIK,KLINIK KESIHATAN
21-12020306,KK TAGAS-TAGAS,"KAMPUNG TAGAS-TAGAS, TAGAS-TAGAS, BELURAN",90108,SABAH,BELURAN,BUKA,AWAM,KLINIK,KLINIK KESIHATAN
21-12020070,KK KUALA SAPI,"KAMPUNG KUALA SAPI, SAPI, BELURAN",90107,SABAH,BELURAN,BUKA,AWAM,KLINIK,KLINIK KESIHATAN
21-12020089,KK NANGOH RUMEDI,"KAMPUNG NANGOH RUMEDI, NANGOH, BELURAN",90108,SABAH,BELURAN,BUKA,AWAM,KLINIK,KLINIK KESIHATAN
21-12020093,KK PAITAN,"PEKAN PAITAN, PAITAN, BELURAN",90108,SABAH,BELURAN,BUKA,AWAM,KLINIK,KLINIK KESIHATAN
21-12020111,KK SUNGAI-SUNGAI,"KAMPUNG SUNGAI-SUNGAI, SUNGAI SUNGAI, BELURAN",90107,SABAH,BELURAN,BUKA,AWAM,KLINIK,KLINIK KESIHATAN
21-12020117,KK TANGKARASON,"KAMPUNG TANGKARASON, TANGKARASON, BELURAN",90108,SABAH,BELURAN,BUKA,AWAM,KLINIK,KLINIK KESIHATAN
21-12020228,KK LINGKABAU,"KAMPUNG LINGKABAU, LINGKABAU, BELURAN",90108,SABAH,BELURAN,BUKA,AWAM,KLINIK,KLINIK KESIHATAN
21-12020188,KK JAMBONGAN,"PULAU JAMBONGAN, JAMBONGAN, BELURAN",90108,SABAH,BELURAN,BUKA,AWAM,KLINIK,KLINIK KESIHATAN
21-12020327,KK TERUSAN SUGUT,"KAMPUNG TERUSAN SUGUT, BELURAN",90108,SABAH,BELURAN,BUKA,AWAM,KLINIK,KLINIK KESIHATAN
21-12020367,KK ABUAN,"KAMPUNG ABUAN, BELURAN",90108,SABAH,BELURAN,BUKA,AWAM,KLINIK,KLINIK KESIHATAN
21-12030051,KK APIN-APIN,"JALAN APIN-APIN-KOTA KINABALU, KAMPUNG KIKIRAN, APIN-APIN, KENINGAU",89007,SABAH,KENINGAU,BUKA,AWAM,KLINIK,KLINIK KESIHATAN
21-12030052,KK BINGKOR,"JALAN BUNSIT, PEKAN BINGKOR, KENINGAU",89007,SABAH,KENINGAU,BUKA,AWAM,KLINIK,KLINIK KESIHATAN
21-12030078,KK MANSIAT,"KAMPUNG MANSIAT, SOOK, KENINGAU",89007,SABAH,KENINGAU,BUKA,AWAM,KLINIK,KLINIK KESIHATAN
21-12030107,KK SOOK,"JALAN TULID-MANSIAT, SOOK KENINGAU",89007,SABAH,KENINGAU,BUKA,AWAM,KLINIK,KLINIK KESIHATAN
21-12030126,KK TULID,"JALAN TULID, KAMPUNG. TULID, SOOK, KENINGAU",89007,SABAH,KENINGAU,BUKA,AWAM,KLINIK,KLINIK KESIHATAN
21-12030400,KK UTC KENINGAU,"LOT 1, BANGUNAN UTC, JALAN MARKET, KENINGAU",89008,SABAH,KENINGAU,BUKA,AWAM,KLINIK,KLINIK KESIHATAN
21-12050060,KK JAWI-JAWI,"KAMPUNG JAWI-JAWI, JALAN BYPASS KUDAT",89158,SABAH,KOTA BELUD,BUKA,AWAM,KLINIK,KLINIK KESIHATAN
21-12050113,KK TAGINAMBUR,"BATU 10, JALAN RANAU BYPASS",89158,SABAH,KOTA BELUD,BUKA,AWAM,KLINIK,KLINIK KESIHATAN
21-12050285,KK ROSOK,"KAMPUNGROSOK, JALAN KOMPLEKS SUKAN",89158,SABAH,KOTA BELUD,BUKA,AWAM,KLINIK,KLINIK KESIHATAN
21-12060226,KK LIKAS,"JALAN HAIWAN, KAMPUNG LIKAS, KOTA KINABALU",88300,SABAH,KOTA KINABALU,BUKA,AWAM,KLINIK,KLINIK KESIHATAN
21-12060059,KK INANAM,"JALAN KIONSOM, PEKAN INANAM, INANAM, KOTA KINABALU",88300,SABAH,KOTA KINABALU,BUKA,AWAM,KLINIK,KLINIK KESIHATAN
21-12060077,KK LUYANG,"JALAN LINTAS, LUYANG, KOTA KINABALU",88300,SABAH,KOTA KINABALU,BUKA,AWAM,KLINIK,KLINIK KESIHATAN
21-12060084,KK MENGGATAL,"JALAN TUARAN LAMA, PEKAN MENGGATAL, KOTA KINABALU",88300,SABAH,KOTA KINABALU,BUKA,AWAM,KLINIK,KLINIK KESIHATAN
21-12060119,KK TELIPOK,"JALAN TUARAN, PEKAN TELIPOK, TELIPOK, KOTA KINABALU",88300,SABAH,KOTA KINABALU,BUKA,AWAM,KLINIK,KLINIK KESIHATAN
21-12060333,KK JALAN KEBAJIKAN,"JALAN KEBAJIKAN, JALAN KEBAJIKAN, KUARTERS HOSPITAL QUEEN ELIZABETH, KOTA KINABALU",88300,SABAH,KOTA KINABALU,BUKA,AWAM,KLINIK,KLINIK KESIHATAN
21-12060431,KK UTC KOTA KINABALU,"TINGKAT BAWAH, WISMA UTC SABAH, OFF JALAN TUNKU ABDUL RAHMAN",88100,SABAH,KOTA KINABALU,BUKA,AWAM,KLINIK,KLINIK KESIHATAN
21-12040055,KK BUKIT GARAM,"BUKIT GARAM, KINABATANGAN",90200,SABAH,KINABATANGAN,BUKA,AWAM,KLINIK,KLINIK KESIHATAN
21-12040109,KK SUKAU,"PEKAN SUKAU, SUKAU, KINABATANGAN",90200,SABAH,KINABATANGAN,BUKA,AWAM,KLINIK,KLINIK KESIHATAN
21-12040154,KK BATU PUTIH,"KAMPUNG BATU PUTIH, JALAN KINABATANGAN LAHAD DATU, BATU PUTIH, KINABATANGAN",90200,SABAH,KINABATANGAN,BUKA,AWAM,KLINIK,KLINIK KESIHATAN
21-12040072,KK KUAMUT,"PEKAN KUAMUT, KUAMUT, KINABATANGAN",90200,SABAH,KINABATANGAN,BUKA,AWAM,KLINIK,KLINIK KESIHATAN
21-12070076,KK LANGKON,"KAMPUNG LANGKON, KUDAT",89059,SABAH,KOTA MARUDU,BUKA,AWAM,KLINIK,KLINIK KESIHATAN
21-12070116,KK TANDEK,"PEKAN TANDEK, TANDEK, KOTA MURUDU",89059,SABAH,KOTA MARUDU,BUKA,AWAM,KLINIK,KLINIK KESIHATAN
21-12080085,KK MENUMBOK,"PEKAN MENUMBOK, MENUMBOK, KUALA PENYU",89807,SABAH,KUALA PENYU,BUKA,AWAM,KLINIK,KLINIK KESIHATAN
21-12080209,KK KERUKAN,"KAMPUNG KERUKAN, KUALA PENYU",89807,SABAH,KUALA PENYU,BUKA,AWAM,KLINIK,KLINIK KESIHATAN
21-12090063,KK KARAKIT,"KAMPUNG KARAKIT, PULAU BANGGI, BANGGI, KUDAT",89059,SABAH,KUDAT,BUKA,AWAM,KLINIK,KLINIK KESIHATAN
21-12090079,KK MATUNGGONG,"KAMPUNG. MATUNGGONG, MATUNGGONG, KUDAT",89059,SABAH,KUDAT,BUKA,AWAM,KLINIK,KLINIK KESIHATAN
21-12090088,KK NANGKA LOTONG,"KAMPUNG LOTONG, LOTONG, KUDAT",89059,SABAH,KUDAT,BUKA,AWAM,KLINIK,KLINIK KESIHATAN
21-12090103,KK SIKUATI,"PEKAN SIKUATI, SIKUATI, KUDAT",89059,SABAH,KUDAT,BUKA,AWAM,KLINIK,KLINIK KESIHATAN
21-12090123,KK TINANGOL,"KAMPUNG TINANGOL, TINANGOL, KUDAT",89059,SABAH,KUDAT,BUKA,AWAM,KLINIK,KLINIK KESIHATAN
21-12090257,KK NARANDANG,"KAMPUNG GARAU, NARANDANG, KUDAT",89059,SABAH,KUDAT,BUKA,AWAM,KLINIK,KLINIK KESIHATAN
21-12090187,KK INDARASON,KAMPUNG INDARASON,89059,SABAH,KUDAT,BUKA,AWAM,KLINIK,KLINIK KESIHATAN
21-12090299,KK SUANGPAI,KAMPUNG SUANGPAI,89059,SABAH,KUDAT,BUKA,AWAM,KLINIK,KLINIK KESIHATAN
21-12100699,KK MESEJ PANGI,"PEJABAT KESIHATAN DAERAH KUNAK, PETI SURAT 06",91207,SABAH,KUNAK,BUKA,AWAM,KLINIK,KLINIK KESIHATAN
21-12110075,KK LAHAD DATU,"JALAM SILAM, BANDAR LAHAD DATU, LAHAD DATU",91120,SABAH,LAHAD DATU,BUKA,AWAM,KLINIK,KLINIK KESIHATAN
21-12110166,KK BUKIT BELACON,"BUKIT BELACON, SEGAMA, LAHAD DATU",91120,SABAH,LAHAD DATU,BUKA,AWAM,KLINIK,KLINIK KESIHATAN
21-12110058,KK FELDA SAHABAT,"DESA KENCANA,FELDA SAHABAT 16, LAHAT DATU",91120,SABAH,LAHAD DATU,BUKA,AWAM,KLINIK,KLINIK KESIHATAN
21-12110100,KK PULAU TAMBISAN,"PEKAN TAMBISAN, TAMBISAN, LAHAT DATU",91120,SABAH,LAHAD DATU,BUKA,AWAM,KLINIK,KLINIK KESIHATAN
21-12110104,KK SILABUKAN,"BATU 10, JALAN TUNGKU, LAHAD DATU",91120,SABAH,LAHAD DATU,BUKA,AWAM,KLINIK,KLINIK KESIHATAN
21-12110127,KK TUNGKU,"PEKAN TUNGKU, TUNGKU, LAHAT DATU",91120,SABAH,LAHAD DATU,BUKA,AWAM,KLINIK,KLINIK KESIHATAN
21-12120087,KK NABAWAN,"PEKAN NABAWAN, PESIANGAN",89957,SABAH,NABAWAN,BUKA,AWAM,KLINIK,KLINIK KESIHATAN
21-12120091,KK PAGALUNGAN,"SIMPANG TIGA SUNGAI PENSIANGAN LOLONGAN, KAMPUNG PAGALUNGAN, PENSIANGAN",89957,SABAH,NABAWAN,BUKA,AWAM,KLINIK,KLINIK KESIHATAN
21-12120097,KK PENSIANGAN,"PEKAN PENSIANGAN, PENSIANGAN",89957,SABAH,NABAWAN,BUKA,AWAM,KLINIK,KLINIK KESIHATAN
21-12120102,KK SEPULOT,"PEKAN SEPULOT, SEPULOT, PENSIANGAN",89957,SABAH,NABAWAN,BUKA,AWAM,KLINIK,KLINIK KESIHATAN
21-12130220,KK KUALA PAPAR,"KAMPUNG KUALA PAPAR, PAPAR",89600,SABAH,PAPAR,BUKA,AWAM,KLINIK,KLINIK KESIHATAN
21-12130066,KK KINARUT,"JALAN SPUR, PEKAN KINARUT, KINARUT, KINARUT, PAPAR",89600,SABAH,PAPAR,BUKA,AWAM,KLINIK,KLINIK KESIHATAN
21-12130329,KK ULU KIMANIS,"KAMPUNG ULU KIMANIS, KIMANIS",89600,SABAH,PAPAR,BUKA,AWAM,KLINIK,KLINIK KESIHATAN
21-12130053,KK BONGAWAN,JALAN. BESAR PEKAN BONGAWAN,89600,SABAH,PAPAR,BUKA,AWAM,KLINIK,KLINIK KESIHATAN
21-12140095,KK PENAMPANG,"KM 12, JALAN TAMBUNAN, WDT 29, PENAMPANG, SABAH",89500,SABAH,PENAMPANG,BUKA,AWAM,KLINIK,KLINIK KESIHATAN
21-12140683,KK TERIAN,"KAMPUNG TERIAN, PETI SURAT 434",89500,SABAH,PENAMPANG,BUKA,AWAM,KLINIK,KLINIK KESIHATAN
21-12250101,KK PUTATAN,"KM 11 JALAN PUTATAN, PEKAN PUTATAN, KOTA KINABALU",89500,SABAH,PUTATAN,BUKA,AWAM,KLINIK,KLINIK KESIHATAN
21-12150094,KK PANTAI,"KAMPUNG PANTAI, PANTAI",89108,SABAH,PITAS,BUKA,AWAM,KLINIK,KLINIK KESIHATAN
21-12150118,KK TELAGA,"KAMPUNG TELAGA, TELAGA, PITAS, KUDAT",89108,SABAH,PITAS,BUKA,AWAM,KLINIK,KLINIK KESIHATAN
21-12150054,KK BONGKOL,"KAMPUNG BONGKOL, BONGKOL",89108,SABAH,PITAS,BUKA,AWAM,KLINIK,KLINIK KESIHATAN
21-12150057,KK DANDUN,"KAMPUNG DANDUN, DANDUN",89108,SABAH,PITAS,BUKA,AWAM,KLINIK,KLINIK KESIHATAN
21-12160230,KK LOHAN,"JALAN AIR PANAS PORING, KAMPUNG LOHAN, RANAU",89308,SABAH,RANAU,BUKA,AWAM,KLINIK,KLINIK KESIHATAN
21-12160056,KK BUNDU TUHAN,"JALAN KERANAU, KAMPUNG BUNDU TUHAN",89307,SABAH,RANAU,BUKA,AWAM,KLINIK,KLINIK KESIHATAN
21-12160061,KK KAINGARAN,"KAMPUNG KAINGARAN, RANAU",89308,SABAH,RANAU,BUKA,AWAM,KLINIK,KLINIK KESIHATAN
21-12160074,KK KUNDASANG,"JALAN KAMPUNG LEMBAH PERMAI, RANAU",89308,SABAH,RANAU,BUKA,AWAM,KLINIK,KLINIK KESIHATAN
21-12160092,KK PAGINATAN,"KAMPUNG PAGINATAN, RANAU",89308,SABAH,RANAU,BUKA,AWAM,KLINIK,KLINIK KESIHATAN
21-12160098,KK PERANCANGAN,"KAMPUNG PERANCANGAN, RANAU",89308,SABAH,RANAU,BUKA,AWAM,KLINIK,KLINIK KESIHATAN
21-12160122,KK TIMBUA,"KAMPUNG TIMBUA, RANAU",89308,SABAH,RANAU,BUKA,AWAM,KLINIK,KLINIK KESIHATAN
21-12170152,KK BATU 10,"BATU 10, SANDAKAN",90500,SABAH,SANDAKAN,BUKA,AWAM,KLINIK,KLINIK KESIHATAN
21-12170366,KK SANDAKAN,"KILOMETER 3.2, JALAN UTARA",90009,SABAH,SANDAKAN,BUKA,AWAM,KLINIK,KLINIK KESIHATAN
21-12170278,KK PULAU LIBARAN,"KAMPUNG PULAU LIBARAN, SANDAKAN",90009,SABAH,SANDAKAN,BUKA,AWAM,KLINIK,KLINIK KESIHATAN
21-12170260,KK PULAU NUNUYAN,"KAMPUNG PULAU NUNUYUN, SANDAKAN",90009,SABAH,SANDAKAN,BUKA,AWAM,KLINIK,KLINIK KESIHATAN
21-12170108,KK SUAN LAMBA,"KAMPUNG SUAN LAMBA, SUAN LAMBA, SANDAKAN",90009,SABAH,SANDAKAN,BUKA,AWAM,KLINIK,KLINIK KESIHATAN
21-12170110,KK SUNGAI MANILA,"KAMPUNG SUNGAI MANILA, SUNGAI MANILA, SANDAKAN",90009,SABAH,SANDAKAN,BUKA,AWAM,KLINIK,KLINIK KESIHATAN
21-12170128,KK ULU DUSUN,"KAMPUNG ULU DUSUN, ULU DUSUN, SANDAKAN",90009,SABAH,SANDAKAN,BUKA,AWAM,KLINIK,KLINIK KESIHATAN
21-12180099,KK PULAU BUM-BUM,"KAMPUNG PULAU BUM-BUM, SEMPORNA",91308,SABAH,SEMPORNA,BUKA,AWAM,KLINIK,KLINIK KESIHATAN
21-12180347,KK SEMPORNA,"KAMPUNG SEMPORNA, SEMPORNA",91308,SABAH,SEMPORNA,BUKA,AWAM,KLINIK,KLINIK KESIHATAN
21-12190081,KK MELIGAN,"KAMPUNG MELIGAN, MELIGAN, SIPITANG",89857,SABAH,SIPITANG,BUKA,AWAM,KLINIK,KLINIK KESIHATAN
21-12190083,KK MENDOLONG,"KAMPUNG MENDULONG, MENDULONG, SIPITANG",89857,SABAH,SIPITANG,BUKA,AWAM,KLINIK,KLINIK KESIHATAN
21-12190105,KK SINDUMIN,"PEKAN SINDUMIN, SINDUMIN, SIPITANG",89857,SABAH,SIPITANG,BUKA,AWAM,KLINIK,KLINIK KESIHATAN
21-12190231,KK LONG PASIA,"KAMPUNG LONG PASIA, LONG PASIA, SIPITANG",89657,SABAH,SIPITANG,BUKA,AWAM,KLINIK,KLINIK KESIHATAN
21-12200112,KK SUNSURON,"JALAN TAMBUNAN-KOTA KINABALU, SIMPANG KANAN, SK SUNSURON, TAMBUNAN",89650,SABAH,TAMBUNAN,BUKA,AWAM,KLINIK,KLINIK KESIHATAN
21-12200268,KK PATAU,"JALAN TAMBUNAN-RANAU, KM 12, TAMBUNAN",89650,SABAH,TAMBUNAN,BUKA,AWAM,KLINIK,KLINIK KESIHATAN
21-12210050,KK APAS BALUNG,"JALAN APAS BALUNG, TAWAU",91008,SABAH,TAWAU,BUKA,AWAM,KLINIK,KLINIK KESIHATAN
21-12210086,KK MEROTAI BESAR,"JALAN SMK MEROTAI, TAWAU",91000,SABAH,TAWAU,BUKA,AWAM,KLINIK,KLINIK KESIHATAN
21-12210129,KK FELDA UMAS-UMAS,"FELDA UMAS-UMAS, TAWAU",91000,SABAH,TAWAU,BUKA,AWAM,KLINIK,KLINIK KESIHATAN
21-12210114,KK SUNGAI TAMANG,"KAMPUNG SUNGAI TAMANG, TAWAU",91000,SABAH,TAWAU,BUKA,AWAM,KLINIK,KLINIK KESIHATAN
21-12210684,KK TAWAU,"D/A PEJABAT KESIHATAN KAWASAN TAWAU, PETI SURAT 990, JALAN. DATUK CHONG THIEN VUN, SIN ON, TAWAU",91000,SABAH,TAWAU,BUKA,AWAM,KLINIK,KLINIK KESIHATAN
21-12210191,KK KALABAKAN,"KAMPUNG KALABAKAN, JALAN KALABAKAN",91000,SABAH,TAWAU,BUKA,AWAM,KLINIK,KLINIK KESIHATAN
21-12210439,KK UTC TAWAU,"TAMAN SEJATI, LOT 18, TB12857, TWO STOREY INTERMEDIATE COMMERCIAL BUILDING, BATU 5, JALAN KUHARA",91000,SABAH,TAWAU,BUKA,AWAM,KLINIK,KLINIK KESIHATAN
21-12210384,KK KINABUTAN,"LOT 334, TINGKAT BAWAH, BANDAR SRI INDAH BATU 10, JALAN APAS, TAWAU",91000,SABAH,TAWAU,BUKA,AWAM,KLINIK,KLINIK KESIHATAN
21-12210407,KK TAMAN SEJATI,"LOT 12857,TAMAN SEJATI OFF TAMAN SEMARAK, JALAN KUHARA",91000,SABAH,TAWAU,BUKA,AWAM,KLINIK,KLINIK KESIHATAN
21-12260120,KK TELUPID,"KLINIK KESIHATAN TELUPID, PETI SURAT 11",89300,SABAH,TELUPID,BUKA,AWAM,KLINIK,KLINIK KESIHATAN
21-12220064,KK KEMABONG,"PEKAN KEMABONG, KEMABONG, TENOM",89907,SABAH,TENOM,BUKA,AWAM,KLINIK,KLINIK KESIHATAN
21-12220071,KK KUALA TOMANI,"KAMPUNG KUALA TOMANI, TENOM",89907,SABAH,TENOM,BUKA,AWAM,KLINIK,KLINIK KESIHATAN
21-12220080,KK MELALAP,"PEKAN MELALAP, TENOM",89907,SABAH,TENOM,BUKA,AWAM,KLINIK,KLINIK KESIHATAN
21-12230096,KK PENANGAH,"PEKAN PENANGAH, PENANGAH, KINABATANGAN",89320,SABAH,TONGOD,BUKA,AWAM,KLINIK,KLINIK KESIHATAN
21-12230124,KK TONGOD,"PEKAN TONGOD, TONGOD, KINABATANGAN",89320,SABAH,TONGOD,BUKA,AWAM,KLINIK,KLINIK KESIHATAN
21-12230176,KK ENTILIBON,"JALAN TONGOD, KAMPUNG ENTILIBON, KINABATANGAN",89320,SABAH,TONGOD,BUKA,AWAM,KLINIK,KLINIK KESIHATAN
21-12230247,KK MENGKAWAGU,"JALAN TONGOD, KAMPUNG MENGKAWAGU",89320,SABAH,TONGOD,BUKA,AWAM,KLINIK,KLINIK KESIHATAN
21-12230254,KK MINUSOH,"KAMPUNG MINUSOH, KINABATANGAN",89320,SABAH,TONGOD,BUKA,AWAM,KLINIK,KLINIK KESIHATAN
21-12240067,KK KIULU,JALAN KELUK,89208,SABAH,TUARAN,BUKA,AWAM,KLINIK,KLINIK KESIHATAN
21-12240115,KK TAMPARULI,W.D.T 59,89208,SABAH,TUARAN,BUKA,AWAM,KLINIK,KLINIK KESIHATAN
21-12240121,KK TENGHILAN,JALAN KAMPUNG TENGHILAN TUARAN,89208,SABAH,TUARAN,BUKA,AWAM,KLINIK,KLINIK KESIHATAN
21-12240296,KK SIMPANGAN,"JALAN RANAU, PEKAN NABALU",89208,SABAH,TUARAN,BUKA,AWAM,KLINIK,KLINIK KESIHATAN
21-12240293,KK SERUSOP,"JALAN SRK SERUSOP, KAMPUNG SERUSOP",89208,SABAH,TUARAN,BUKA,AWAM,KLINIK,KLINIK KESIHATAN
21-12010402,KKOM KAMPUNG LIMBAWANG,KAMPUNG LIMBAWANG,89807,SABAH,BEAUFORT,BUKA,AWAM,KLINIK,KLINIK KOMUNITI
21-12010423,KKOM KAMPUNG PIMPING,"LOT 10, BANGUNAN SEDCO, KAMPUNG PIMPING",89728,SABAH,BEAUFORT,BUKA,AWAM,KLINIK,KLINIK KOMUNITI
21-12050428,KKOM ALAP BANA,"BANGUNAN ALAP BANA, KOTA BELUD",88590,SABAH,KOTA BELUD,BUKA,AWAM,KLINIK,KLINIK KOMUNITI
21-12060385,KKOM SULAMAN SENTRAL,"LOT 37, TINGKAT BAWAH BLOK E, FASA 2, SULAMAN SENTRAL, KOTA KINABALU",88450,SABAH,KOTA KINABALU,BUKA,AWAM,KLINIK,KLINIK KOMUNITI
21-12060436,KK JALAN POLITEKNIK,"CORNER LOT NO. 8, BLOK A-2, GROUND FLOOR, POLYTECHNIC COMMERCIAL CENTRE (PCC),SEPANGGAR",88450,SABAH,KOTA KINABALU,BUKA,AWAM,KLINIK,KLINIK KESIHATAN
21-12060435,KKOM TAMAN CANGGIH,"GROUND FLOOR, SHOPLOT NO. 3 (S3), INTERMEDIATE LOT, TAMAN CANGGIH COMMERCIAL CENTRE, INANAM",88450,SABAH,KOTA KINABALU,BUKA,AWAM,KLINIK,KLINIK KOMUNITI
21-12070397,KKOM HEXAN INDUSTRIAL CENTRE,"LOT B9, GROUND FLOOR, HEXAN INDUSTRIAL CENTRE",89107,SABAH,KOTA MARUDU,BUKA,AWAM,KLINIK,KLINIK KOMUNITI
21-12070434,KKOM LANGKON COMMERCIAL CENTRE,"LOT NO. 28,TINGKAT BAWAH, LANGKON COMMERCIAL CENTRE,KM 10, SIMPANG TIGA",89108,SABAH,KOTA MARUDU,BUKA,AWAM,KLINIK,KLINIK KOMUNITI
21-12090391,KKOM KUDAT,"LOT. NO.3, GROUND FLOOR, KUDAT MAJU SHOPPING CENTRE, JALAN PADUKA MAT SALLEH",89059,SABAH,KUDAT,BUKA,AWAM,KLINIK,KLINIK KOMUNITI
21-12130390,KKOM TAMAN PENGALAT BESAR,"LOT. NO.2, PHASE 6, TAMAN PENGALAT BESAR, PAPAR",89600,SABAH,PAPAR,BUKA,AWAM,KLINIK,KLINIK KOMUNITI
21-12140404,KKOM CYBER SQUARE,"LOT L9,GROUND FLOOR, CYBER SQUARE",88200,SABAH,PENAMPANG,BUKA,AWAM,KLINIK,KLINIK KOMUNITI
21-12140386,KKOM BUNDUSAN SQUARE,"LOT 67, TINGKAT BAWAH, BLOK H, BUNDUSAN SQUARE, PENAMPANG",88300,SABAH,PENAMPANG,BUKA,AWAM,KLINIK,KLINIK KOMUNITI
21-12250405,KKOM PUTATAN JAYA,"LOT 8,PUTATAN JAYA",88200,SABAH,PUTATAN,BUKA,AWAM,KLINIK,KLINIK KOMUNITI
21-12170382,KKOM BANDAR LEILA,"LOT 7A &7B, TINGKAT BAWAH, BLOK B MILE 1, JALAN LEILA SANDAKAN",90700,SABAH,SANDAKAN,BUKA,AWAM,KLINIK,KLINIK KOMUNITI
21-12170399,KKOM TAMAN SELETAR,"GROUND FLOOR, TAMAN SELETAR, SHOP HOUSE, MILE 4.5 JALAN SIBUNGA",90712,SABAH,SANDAKAN,BUKA,AWAM,KLINIK,KLINIK KOMUNITI
21-12170422,KKOM BANDAR LABUK JAYA,"LOT NO.4, TINGKAT BAWAH BLOK 6, BATU 7, BANDAR LABUK JAYA",90000,SABAH,SANDAKAN,BUKA,AWAM,KLINIK,KLINIK KOMUNITI
21-12170403,KKOM BANDAR LEETAT SANDAKAN,"BLOK C, LOT 3, GROUND FLOOR, BANDAR LEETAT",90000,SABAH,SANDAKAN,BUKA,AWAM,KLINIK,KLINIK KOMUNITI
21-12170437,KKOM KARAMUNTING,"LOT 6, TINGKAT BAWAH, KEDAI BATU, KAMPUNG. KARAMUNTING",90500,SABAH,SANDAKAN,BUKA,AWAM,KLINIK,KLINIK KOMUNITI
21-12170442,KKOM PPR TAMAN GUM-GUM JAYA,"TINGKAT BAWAH, BLOK C, PPR TAMAN GUM-GUM JAYA, BATU 16, OFF JALAN LABUK",90500,SABAH,SANDAKAN,BUKA,AWAM,KLINIK,KLINIK KOMUNITI
21-12170686,KKOM TAMAN MURNI,"BLOK A, TINGKAT BAWAH, PPR TAMAN MURNI, BATU 7",90000,SABAH,SANDAKAN,BUKA,AWAM,KLINIK,KLINIK KOMUNITI
21-12180438,KKOM TAMAN SUTERA,"LOT 3A, DOUBLE STOREY SHOPHOUSE, PHASE 1 TAMAN SUTERA, JALAN TANJONG KAPOR, OFF JALAN BUBUL",91308,SABAH,SEMPORNA,BUKA,AWAM,KLINIK,KLINIK KOMUNITI
21-12200401,KKOM PEKAN TAMBUNAN,"LOT NO.4, BLOK A, LPPB SHOP LOT",89657,SABAH,TAMBUNAN,BUKA,AWAM,KLINIK,KLINIK KOMUNITI
21-12240392,KKOM TAMAN SRI RUGADING,"LOT TABIKA, BLOK R, TAMAN SRI RUGADING, KM 8, JALAN TELIPOK TUARAN",89208,SABAH,TUARAN,BUKA,AWAM,KLINIK,KLINIK KOMUNITI
21-12240682,KKOM TAMAN TELIPOK RIA,"LOT KEDAI B04 & B05, PPR TAMAN TELIPOK RIA, FASA III, TELIPOK",89208,SABAH,TUARAN,BUKA,AWAM,KLINIK,KLINIK KOMUNITI
21-12010148,KD BANGKALALAK,"JALAN GADUNG, BEAUFORT",89807,SABAH,BEAUFORT,BUKA,AWAM,KLINIK,KLINIK DESA
21-12010161,KD BINSULUK,"KAMPUNG BINSULUK, JALAN BARU KE KUALA PENYU",89807,SABAH,BEAUFORT,BUKA,AWAM,KLINIK,KLINIK DESA
21-12010165,KD BUKAU,"JALAN SIPITANG, KAMPUNG BAKAU",89807,SABAH,BEAUFORT,BUKA,AWAM,KLINIK,KLINIK DESA
21-12010178,KD GADONG,JALAN GADONG,89807,SABAH,BEAUFORT,BUKA,AWAM,KLINIK,KLINIK DESA
21-12010189,KD KABAJANG,"JALAN BEAUFORT GADANG, KAMPUNG KABAJANG",89807,SABAH,BEAUFORT,BUKA,AWAM,KLINIK,KLINIK DESA
21-12010215,KD KLIAS SCHEME,"JALAN BEAUFORT MENUMBUK, KAMPUNG RANCANGAN",89807,SABAH,BEAUFORT,BUKA,AWAM,KLINIK,KLINIK DESA
21-12010229,KD LINGKUNGAN,"JALAN SIPITANG, KAMPUNG LINGKUNGAN",89807,SABAH,BEAUFORT,BUKA,AWAM,KLINIK,KLINIK DESA
21-12010234,KD LUBAK,"JALAN PADAS DAMIT, KAMPUNG LUBAK",89807,SABAH,BEAUFORT,BUKA,AWAM,KLINIK,KLINIK DESA
21-12010273,KD PIMPING,"KAMPUNG PIMPING, MEMBAKUT",89807,SABAH,BEAUFORT,BUKA,AWAM,KLINIK,KLINIK DESA
21-12010298,KD SINOKO,"KAMPUNG SINOKO, MEMBAKUT",89807,SABAH,BEAUFORT,BUKA,AWAM,KLINIK,KLINIK DESA
21-12010307,KD TAKULI,"KAMPUNG TAKULI, JALAN MENUMBUK",89807,SABAH,BEAUFORT,BUKA,AWAM,KLINIK,KLINIK DESA
21-12020193,KD KANIONGAN,"PULAU KENIONGAN, BELURAN",90108,SABAH,BELURAN,BUKA,AWAM,KLINIK,KLINIK DESA
21-12020217,KD KOLAPIS,KAMPUNG KOLAPIS,90108,SABAH,BELURAN,BUKA,AWAM,KLINIK,KLINIK DESA
21-12020440,KD MALALIN,"KAMPUNG MALALIN, BELURAN",90107,SABAH,BELURAN,BUKA,AWAM,KLINIK,KLINIK DESA
21-12020441,KD BOTITION,"KAMPUNG BOTITION, BELURAN",90107,SABAH,BELURAN,BUKA,AWAM,KLINIK,KLINIK DESA
21-12030141,KD ANSIP,"JALAN ANSIP-DALIT, KAMPUNG ANSIP LAUT, KENINGAU",89007,SABAH,KENINGAU,BUKA,AWAM,KLINIK,KLINIK DESA
21-12030143,KD BAGINDA,KAMPUNG BAGINDA KENINGAU,89007,SABAH,KENINGAU,BUKA,AWAM,KLINIK,KLINIK DESA
21-12030159,KD BIAH,"JALAN ANSIP-DALIT, KAMPUNG ANSIP",89007,SABAH,KENINGAU,BUKA,AWAM,KLINIK,KLINIK DESA
21-12030167,KD BULU SILAU,"BATU 4, JALAN SOOK-NABAWAN, KAMPUNG BILAH, KENINGAU",89007,SABAH,KENINGAU,BUKA,AWAM,KLINIK,KLINIK DESA
21-12030170,KD BUNGA RAYA,"KAMPUNG TONOBON BARU, OFF KAMPUNG BUNGA RAYA, KENINGAU",89007,SABAH,KENINGAU,BUKA,AWAM,KLINIK,KLINIK DESA
21-12030172,KD DALIT,"KAMPUNG DALIT STATION, SK DALIT, KENINGAU",89007,SABAH,KENINGAU,BUKA,AWAM,KLINIK,KLINIK DESA
21-12030194,KD KARAMATOI,"SKIM PENEMPATAN SAFODA, KARAMATOI, SOOK, KENINGAU",89007,SABAH,KENINGAU,BUKA,AWAM,KLINIK,KLINIK DESA
21-12030202,KD KEBATANG BARU,"JALAN SOOK-TULID, KAMPUNG KEBATANG BARU, SOOK, KENINGAU",89007,SABAH,KENINGAU,BUKA,AWAM,KLINIK,KLINIK DESA
21-12030248,KD MERAPOK,"KAMPUNG MERAPOK, KENINGAU",89007,SABAH,KENINGAU,BUKA,AWAM,KLINIK,KLINIK DESA
21-12030261,KD P.P.H. KEM KENINGAU,"JALAN APIN APIN, OFF JALAN KOMPLEKS POLIS KENINGAU",89007,SABAH,KENINGAU,BUKA,AWAM,KLINIK,KLINIK DESA
21-12030291,KD SENAGANG,"JALAN TENOM, KAMPUNG SENAGANG, KENINGAU",89007,SABAH,KENINGAU,BUKA,AWAM,KLINIK,KLINIK DESA
21-12030320,KD TIULON,"SKIM PENEMPATAN RANCANGAN BELIA TIULON, SOOK, KENINGAU",89007,SABAH,KENINGAU,BUKA,AWAM,KLINIK,KLINIK DESA
21-12030328,KD TUARID TAUD,"JALAN KOTA AYANGAN (LAMA), KAMPUNG TUARID TAUD, KENINGAU",89007,SABAH,KENINGAU,BUKA,AWAM,KLINIK,KLINIK DESA
21-12050174,KD DUDAR,"KAMPUNG DUDAR, JALAN KUDAT",89200,SABAH,KOTA BELUD,BUKA,AWAM,KLINIK,KLINIK DESA
21-12050199,KD KAUNG ULU,"KAMPUNG KAUNG, JALAN RANAU",89158,SABAH,KOTA BELUD,BUKA,AWAM,KLINIK,KLINIK DESA
21-12050203,KD KEBAYAU,JALAN BYPASS RANAU,89158,SABAH,KOTA BELUD,BUKA,AWAM,KLINIK,KLINIK DESA
21-12050205,KD KELAWAT,"KAMPUNGKELAWAT, JALAN KOTA KINABALU",89158,SABAH,KOTA BELUD,BUKA,AWAM,KLINIK,KLINIK DESA
21-12050212,KD KIAU,"KAMPUNG KIAU TABURI, P/S 485",89158,SABAH,KOTA BELUD,BUKA,AWAM,KLINIK,KLINIK DESA
21-12050218,KD KUALA ABAI,"KAMPUNG. KUALA ABAI, JALAN PORT USUKAN",89158,SABAH,KOTA BELUD,BUKA,AWAM,KLINIK,KLINIK DESA
21-12050225,KD LASAU TAKULUNG,"KAMPUNG LASAU TAKULUNG, JALAN KOMPLEKE SUKAN",89158,SABAH,KOTA BELUD,BUKA,AWAM,KLINIK,KLINIK DESA
21-12050265,KD PANDASAN,"KAMPUNG PANDASAN, JALAN KUDAT",89158,SABAH,KOTA BELUD,BUKA,AWAM,KLINIK,KLINIK DESA
21-12050269,KD PAYAS-PAYAS,"KAMPUNG PANTAI EMAS, JALAN PORT USUKAN",89158,SABAH,KOTA BELUD,BUKA,AWAM,KLINIK,KLINIK DESA
21-12050271,KD PENGKALAN ABAI,"KAMPUNG PENGKALAN ABAI, JALAN KOTA KINABALU",89158,SABAH,KOTA BELUD,BUKA,AWAM,KLINIK,KLINIK DESA
21-12050281,KD RAMPAIAN LAUT,"KAMPUNG NANUMAN, JALAN KUDAT",89158,SABAH,KOTA BELUD,BUKA,AWAM,KLINIK,KLINIK DESA
21-12050289,KD SAYAP,"KAMPUNG SAYAP, JALAN SOROB",89158,SABAH,KOTA BELUD,BUKA,AWAM,KLINIK,KLINIK DESA
21-12050308,KD TAMAU,"KAMPUNG TAMAU, JALAN KUDAT",89158,SABAH,KOTA BELUD,BUKA,AWAM,KLINIK,KLINIK DESA
21-12060195,KK KARAMBUNAI,"JALAN SEPANGAR, KOTA KINABALU",88450,SABAH,KOTA KINABALU,BUKA,AWAM,KLINIK,KLINIK KESIHATAN
21-12060323,KK TOMBONGON,JALAN KOKOL MENGGATAL,88450,SABAH,KOTA KINABALU,BUKA,AWAM,KLINIK,KLINIK KESIHATAN
21-12060214,KK KIONSOM,"KAMPUNG KIONSOM, KOTA KINABALU",89350,SABAH,KOTA KINABALU,BUKA,AWAM,KLINIK,KLINIK KESIHATAN
21-12060216,KK KOKOL,JALAN KOKOL-PORING MENGGATAL,88450,SABAH,KOTA KINABALU,BUKA,AWAM,KLINIK,KLINIK KESIHATAN
21-12060276,KK POMOTODON,"OFF JALAN KIONSOM, INANAM",88450,SABAH,KOTA KINABALU,BUKA,AWAM,KLINIK,KLINIK KESIHATAN
21-12070180,KD GANA,"KAMPUNG GANA, KOTA MARUDU",89108,SABAH,KOTA MARUDU,BUKA,AWAM,KLINIK,KLINIK DESA
21-12070183,KD GOSHEN,"KAMPUNG GOSHEN, JALAN GOSHEN, KOTA MARUDU",89108,SABAH,KOTA MARUDU,BUKA,AWAM,KLINIK,KLINIK DESA
21-12070240,KK MARAK PARAK,KAMPUNG MARAK PARAK,89108,SABAH,KOTA MARUDU,BUKA,AWAM,KLINIK,KLINIK KESIHATAN
21-12070241,KD MARUDU,"PEKAN LAMA, KOTA MARUDU",89108,SABAH,KOTA MARUDU,BUKA,AWAM,KLINIK,KLINIK DESA
21-12070251,KD MOSOLOG,"KAMPUNG MASOLOG, KOTA MARUDU",89108,SABAH,KOTA MARUDU,BUKA,AWAM,KLINIK,KLINIK DESA
21-12070286,KD SALIMANDUT,"KAMPUNG SALIMANDUT, KOTA MARUDU",89059,SABAH,KOTA MARUDU,BUKA,AWAM,KLINIK,KLINIK DESA
21-12070287,KD SAMPARITA,"KAMPUNG SAMPARITA, KOTA MARUDU",89108,SABAH,KOTA MARUDU,BUKA,AWAM,KLINIK,KLINIK DESA
21-12070304,KD TAGAROH,"KAMPUNG TAGAROH, KOTA MARUDU",89108,SABAH,KOTA MARUDU,BUKA,AWAM,KLINIK,KLINIK DESA
21-12070311,KD TANJONG BATU,"KAMPUNG TANJUNG BATU, KOTA MARUDU",89108,SABAH,KOTA MARUDU,BUKA,AWAM,KLINIK,KLINIK DESA
21-12070319,KD TIMBANG BATU,"KAMPUNG TIMBANG BATU, KOTA MARUDU",89108,SABAH,KOTA MARUDU,BUKA,AWAM,KLINIK,KLINIK DESA
21-12080168,KD BUNDU,"BATU 4, KAMPUNG BUNDU, KUALA PENYU",89747,SABAH,KUALA PENYU,BUKA,AWAM,KLINIK,KLINIK DESA
21-12080211,KD KIAMBOR,"KAMPUNG KIAMBOR, KUALA PENYU",89807,SABAH,KUALA PENYU,BUKA,AWAM,KLINIK,KLINIK DESA
21-12090147,KD BANGAU,KAMPUNG BANGAU,89059,SABAH,KUDAT,BUKA,AWAM,KLINIK,KLINIK DESA
21-12090223,KD LAJONG,KAMPUNG LANJONG,89059,SABAH,KUDAT,BUKA,AWAM,KLINIK,KLINIK DESA
21-12090250,KD MILAU,KAMPUNG MILAU,89059,SABAH,KUDAT,BUKA,AWAM,KLINIK,KLINIK DESA
21-12090309,KD TAMBULURAN,KAMPUNG TAMBULURAN,89059,SABAH,KUDAT,BUKA,AWAM,KLINIK,KLINIK DESA
21-12090173,KD DUALOG,KAMPUNG DUALOG,89507,SABAH,KUDAT,BUKA,AWAM,KLINIK,KLINIK DESA
21-12100232,KD LORMALONG,KAMPUNG LORMALONG,91207,SABAH,KUNAK,BUKA,AWAM,KLINIK,KLINIK DESA
21-12100368,KD MADAI,KAMPUNG MADAI,91207,SABAH,KUNAK,BUKA,AWAM,KLINIK,KLINIK DESA
21-12110171,KD CENDERAWASIH,"FELDA SAHABAT 7, LAHAD DATU",61167,SABAH,LAHAD DATU,BUKA,AWAM,KLINIK,KLINIK DESA
21-12110177,KD FAJAR HARAPAN,"FELDA SAHABAT 22, LAHAD DATU",61167,SABAH,LAHAD DATU,BUKA,AWAM,KLINIK,KLINIK DESA
21-12110186,KD HAMPARAN BADAI,"FELDA SAHABAT 27, LAHAT DATU",61167,SABAH,LAHAD DATU,BUKA,AWAM,KLINIK,KLINIK DESA
21-12110207,KD KEMBARA SAKTI,"FELDA SAHABAT 43, LAHAD DATU",61167,SABAH,LAHAD DATU,BUKA,AWAM,KLINIK,KLINIK DESA
21-12110221,KD KUALA TABURI,"JALAN ULU TUNGKU, LAHAD DATU",61167,SABAH,LAHAD DATU,BUKA,AWAM,KLINIK,KLINIK DESA
21-12110224,KD LAMAG,"KAMPUNG SILAM JALAN SILAM, LAHAD DATU",61167,SABAH,LAHAD DATU,BUKA,AWAM,KLINIK,KLINIK DESA
21-12110279,KD PULAU SAKAR,"KAMPUNG TANJUNG PARAS, LAHAD DATU",61167,SABAH,LAHAD DATU,BUKA,AWAM,KLINIK,KLINIK DESA
21-12110290,KD SEGAMA,"BATU 6, KAMPUNG COCOS, LAHAD DATU",61167,SABAH,LAHAD DATU,BUKA,AWAM,KLINIK,KLINIK DESA
21-12110292,KD SEPAGAYA,"KAMPUNG SEPAYAGA, JALAN SIALM, PETI SURAT 61167 LAHAD DATU",61167,SABAH,LAHAD DATU,BUKA,AWAM,KLINIK,KLINIK DESA
21-12110315,KD TANJUNG LABIAN,KAMPUNG TANJUNG LABIAN,61167,SABAH,LAHAD DATU,BUKA,AWAM,KLINIK,KLINIK DESA
21-12110316,KD TENGAH NIPAH,"JALAN TUNGKU, PETI SURAT 61167 LAHAT DATU",61167,SABAH,LAHAD DATU,BUKA,AWAM,KLINIK,KLINIK DESA
21-12110430,KD NALA,"KAMPUNG. NALA, TUNGKU, LAHAD DATU",61167,SABAH,LAHAD DATU,BUKA,AWAM,KLINIK,KLINIK DESA
21-12120144,KD BAHAGIA,"KAMPUNG BAHAGIA, NABAWAN",89957,SABAH,NABAWAN,BUKA,AWAM,KLINIK,KLINIK DESA
21-12120266,KD PANDEWAN,"KAMPUNG PANDEWAN, JALAN SEPULOT",89957,SABAH,NABAWAN,BUKA,AWAM,KLINIK,KLINIK DESA
21-12130204,KD KELATUAN,"KAMPUNG KELATUAN, PAPAR",89607,SABAH,PAPAR,BUKA,AWAM,KLINIK,KLINIK DESA
21-12130157,KD BENONI,KAMPUNG BENONI,89608,SABAH,PAPAR,BUKA,AWAM,KLINIK,KLINIK DESA
21-12130160,KD BIAU,KAMPUNG BIAU,89608,SABAH,PAPAR,BUKA,AWAM,KLINIK,KLINIK DESA
21-12130179,KD GADONG KIMANIS,"JALAN KIMANIS, PAPAR",89600,SABAH,PAPAR,BUKA,AWAM,KLINIK,KLINIK DESA
21-12130200,KD KAWANG,"KAMPUNG KAWANG, PAPAR",89608,SABAH,PAPAR,BUKA,AWAM,KLINIK,KLINIK DESA
21-12130270,KD PENGALAT BESAR,KAMPUNG PENGALAT BESAR,89608,SABAH,PAPAR,BUKA,AWAM,KLINIK,KLINIK DESA
21-12130297,KD SIMPUDU,KAMPUNG SIMPUDU,89608,SABAH,PAPAR,BUKA,AWAM,KLINIK,KLINIK DESA
21-12130318,KD TIBABAR,KAMPUNG TIBABAR,89608,SABAH,PAPAR,BUKA,AWAM,KLINIK,KLINIK DESA
21-12140259,KD NOSOOB,"KAMPUNG NOSOOB, JALAN KABUSAK, PENAMPANG",89500,SABAH,PENAMPANG,BUKA,AWAM,KLINIK,KLINIK DESA
21-12140142,KD BABAGON,"KAMPUNG BABAGON, JALAN MOYOG TAMBUNAN, BABAGON, PENAMPANG",89500,SABAH,PENAMPANG,BUKA,AWAM,KLINIK,KLINIK DESA
21-12140227,KD LIMBANAK,"KAMPUNG LIMBANAK, JALAN PAPAR LAMA, LIMBANAK PENAMPANG",89500,SABAH,PENAMPANG,BUKA,AWAM,KLINIK,KLINIK DESA
21-12140252,KD MOYOG,"KAMPUNG MOYOG, JALAN MOYOG, TAMBUNAN, MOYOG",89500,SABAH,PENAMPANG,BUKA,AWAM,KLINIK,KLINIK DESA
21-12140303,KD SUNGOI,"KAMPUNG SUNGOI, SIMPANG JALAN TUDAN PORING, PENAMPANG",89500,SABAH,PENAMPANG,BUKA,AWAM,KLINIK,KLINIK DESA
21-12140272,KD PETAGAS,"KAMPUNG PETAGAS, JALAN PUTATAN KOTA KINABALU, PETAGAS",89500,SABAH,KOTA MARUDU,BUKA,AWAM,KLINIK,KLINIK DESA
21-12150275,KD PINGAN-PINGAN,"KAMPUNG PINGGAN-PINGGAN, PITAS",89059,SABAH,PITAS,BUKA,AWAM,KLINIK,KLINIK DESA
21-12150284,KD ROSOB,"KAMPUNG ROSOB, PITAS",89059,SABAH,PITAS,BUKA,AWAM,KLINIK,KLINIK DESA
21-12150156,KD BAWING,"KAMPUNG BAWING, PITAS",89059,SABAH,PITAS,BUKA,AWAM,KLINIK,KLINIK DESA
21-12150238,KD MANDURIAN,"KAMPUNG MANDURIAN, PITAS",89059,SABAH,PITAS,BUKA,AWAM,KLINIK,KLINIK DESA
21-12150239,KD MAPAN-MAPAN,"KAMPUNG MAPAN, PITAS",89059,SABAH,PITAS,BUKA,AWAM,KLINIK,KLINIK DESA
21-12150245,KD MENGKABAU,"KAMPUNG MANGKUBAU, PITAS",89059,SABAH,PITAS,BUKA,AWAM,KLINIK,KLINIK DESA
21-12150192,KD KANIBONGAN,"KAMPUNG KANIBONGAN, PITAS",89059,SABAH,PITAS,BUKA,AWAM,KLINIK,KLINIK DESA
21-12160213,KD KINARASAN,"JALAN TAMBUNAN, KINARASAN, RANAU",89308,SABAH,RANAU,BUKA,AWAM,KLINIK,KLINIK DESA
21-12160163,KD BONGKUD,"PETI SURAT 441, KAMPUNG BONGKUD, 89300 RANAU",89308,SABAH,RANAU,BUKA,AWAM,KLINIK,KLINIK DESA
21-12160237,KD MALINSAU,KAMPUNG MALINSAU,89308,SABAH,RANAU,BUKA,AWAM,KLINIK,KLINIK DESA
21-12160242,KD MATUPANG,"JALAN SANDAKAN, KAMPUNG MATUPANG, RANAU",89308,SABAH,RANAU,BUKA,AWAM,KLINIK,KLINIK DESA
21-12160255,KD NALAPAK,"KAMPUNG NALAPAK, PETI SURAT 14",89308,SABAH,RANAU,BUKA,AWAM,KLINIK,KLINIK DESA
21-12160258,KD NARAWANG,KAMPUNG NARAWANG,89308,SABAH,RANAU,BUKA,AWAM,KLINIK,KLINIK DESA
21-12160274,KD PINAWANTAI,KAMPUNG PINAWANTAI,89308,SABAH,RANAU,BUKA,AWAM,KLINIK,KLINIK DESA
21-12160283,KD RONDUGUNG,KAMPUNG RONDUGUNG,89308,SABAH,RANAU,BUKA,AWAM,KLINIK,KLINIK DESA
21-12160310,KD TAMPIOS,KAMPUNG TAMPIOS,89308,SABAH,RANAU,BUKA,AWAM,KLINIK,KLINIK DESA
21-12160317,KD TEROLOBOU,"KAMPUNG TEROLOBOU, JALAN BUNDU TUHAN",89308,SABAH,RANAU,BUKA,AWAM,KLINIK,KLINIK DESA
21-12170326,KD TRONGLIT,KAMPUNG TRONGLIT,90009,SABAH,SANDAKAN,BUKA,AWAM,KLINIK,KLINIK DESA
21-12170253,KD MUMIANG,KAMPUNG MUMIANG,90500,SABAH,SANDAKAN,BUKA,AWAM,KLINIK,KLINIK DESA
21-12170312,KD TANJUNG ARU,KAMPUNG TANJUNG ARU,90509,SABAH,SANDAKAN,BUKA,AWAM,KLINIK,KLINIK DESA
21-12170158,KD BERHALA DARAT,KAMPUNG BERHALA BARAT,90009,SABAH,SANDAKAN,BUKA,AWAM,KLINIK,KLINIK DESA
21-12170153,KD BATU 7,"BATU 7, JALAN LABUK",90500,SABAH,SANDAKAN,BUKA,AWAM,KLINIK,KLINIK DESA
21-12170184,KD GUM-GUM,KAMPUNG GUM-GUM,90500,SABAH,SANDAKAN,BUKA,AWAM,KLINIK,KLINIK DESA
21-12170197,KD KARAMUNTING,KAMPUNG KARAMUNTING,90500,SABAH,SANDAKAN,BUKA,AWAM,KLINIK,KLINIK DESA
21-12170294,KD SIBUGA,KAMPUNG SIBUNGA,90500,SABAH,SANDAKAN,BUKA,AWAM,KLINIK,KLINIK DESA
21-12180145,KD BAIT,KAMPUNG BAIT,91308,SABAH,SEMPORNA,BUKA,AWAM,KLINIK,KLINIK DESA
21-12180164,KD BUBUL,KAMPUNG BUBUL,91308,SABAH,SEMPORNA,BUKA,AWAM,KLINIK,KLINIK DESA
21-12180175,KD EGANG-EGANG,KAMPUNG EGANG-EGANG,91308,SABAH,SEMPORNA,BUKA,AWAM,KLINIK,KLINIK DESA
21-12180185,KD HAMPALAN,KAMPUNG HAMPALAN,91308,SABAH,SEMPORNA,BUKA,AWAM,KLINIK,KLINIK DESA
21-12180190,KD KABONGAN,KAMPUNG KABONGAN,91308,SABAH,SEMPORNA,BUKA,AWAM,KLINIK,KLINIK DESA
21-12180300,KD SUNGAI BUAYA,"JALAN BUGAYA, KAMPUNG SUNGAI BUAYA",91308,SABAH,SEMPORNA,BUKA,AWAM,KLINIK,KLINIK DESA
21-12180305,KD TAGASAN,KAMPUNG TAGASAN,91308,SABAH,SEMPORNA,BUKA,AWAM,KLINIK,KLINIK DESA
21-12180314,KD TANJUNG KAPOR,"JALAN BUGAYA, KAMPUNG TANJUNG KAPUR",91308,SABAH,SEMPORNA,BUKA,AWAM,KLINIK,KLINIK DESA
21-12190150,KD BANTING,"JALAN SAMUR, KAMPUNG BANTING",89857,SABAH,SIPITANG,BUKA,AWAM,KLINIK,KLINIK DESA
21-12190236,KD MALAMAN,"JALAN SIPITANG TENOM, KAMPUNG MALAMAN",89857,SABAH,SIPITANG,BUKA,AWAM,KLINIK,KLINIK DESA
21-12190249,KD MESAPOL,"JALAN SIPITANG, KAMPUNG PEKAN MESAPOL",89857,SABAH,SIPITANG,BUKA,AWAM,KLINIK,KLINIK DESA
21-12190267,KD PANTAI,"KAMPUNG PANTAI, JALAN SIPITANG",89857,SABAH,SIPITANG,BUKA,AWAM,KLINIK,KLINIK DESA
21-12200181,KD GARAS,"JALAN TAMBUNAN-RANAU, SIMPANG KIRI, JALAN KAMPUNG PAHU, TAMBUNAN",89657,SABAH,TAMBUNAN,BUKA,AWAM,KLINIK,KLINIK DESA
21-12200208,KD KEROKOT,"JALAN TAMBUNAN-RANAU, SIMPANG KANAN, JALAN SK KEROKOT, TAMBUNAN",89657,SABAH,TAMBUNAN,BUKA,AWAM,KLINIK,KLINIK DESA
21-12200233,KD LOTONG,"JALAN TAMBUNAN-KENINGAU, SIMPANG KANAN, SK LOTONG TAMBUNAN",89657,SABAH,TAMBUNAN,BUKA,AWAM,KLINIK,KLINIK DESA
21-12200235,KD LUMONDOU,"JALAN TAMBUNAN-RANAU, JALAN KAMPUNG TANGABAN, TAMBUNAN",89657,SABAH,TAMBUNAN,BUKA,AWAM,KLINIK,KLINIK DESA
21-12200256,KD NAMBAYAN,"JALAN TAMBUNAN-KENINGAU, SIMPANG KIRI, JALAN KAMPUNG LUBONG TAMBUNAN",89657,SABAH,TAMBUNAN,BUKA,AWAM,KLINIK,KLINIK DESA
21-12200282,KD ROMPON,"JALAN TAMBUNAN-KENINGAU, SIMPANG KIRI, JALAN KAMPUNG ROMPON TAMBUNAN",89657,SABAH,TAMBUNAN,BUKA,AWAM,KLINIK,KLINIK DESA
21-12200321,KD TOBOH,"SIMPANG KANAN, JALAN KAMPUNG TOBOH, TAMBUNAN",89657,SABAH,TAMBUNAN,BUKA,AWAM,KLINIK,KLINIK DESA
21-12200324,KD TONTOLOB LIWAN,"SEMPADAN JALAN TAMBUNAN-RANAU, KAMPUNG TONTOLOB LIWAN, TAMBUNAN",89657,SABAH,TAMBUNAN,BUKA,AWAM,KLINIK,KLINIK DESA
21-12210146,KD BALUNG COCOS,"JALAN TAWAU, SEMPORNA KAMPUNG BALUNG COCOS",91000,SABAH,TAWAU,BUKA,AWAM,KLINIK,KLINIK DESA
21-12210280,KD QUOIN HILL,JALAN BUKIT QUOIN,91000,SABAH,TAWAU,BUKA,AWAM,KLINIK,KLINIK DESA
21-12210219,KD KUALA MEROTAI,KAMPUNG IBAN,91000,SABAH,TAWAU,BUKA,AWAM,KLINIK,KLINIK DESA
21-12210301,KD SUNGAI IMAM,"KAMPUNG SUNGAI IMAM, JALAN MEROTAI",91000,SABAH,TAWAU,BUKA,AWAM,KLINIK,KLINIK DESA
21-12210313,KD TANJUNG BATU DARAT,"JALAN UTARA BARU, KAMPUNG TANJUNG BATU DARAT",91000,SABAH,TAWAU,BUKA,AWAM,KLINIK,KLINIK DESA
21-12020210,KD KIABAU,"JALAN TELUPID, KAMPUNG KIABAU",90108,SABAH,TELUPID,BUKA,AWAM,KLINIK,KLINIK DESA
21-12220151,KD BARU JUMPA,"KAMPUNG BARU JUMPA, JALAN KEMABONG, TENOM",89907,SABAH,TENOM,BUKA,AWAM,KLINIK,KLINIK DESA
21-12220155,KD BATU-BATU,"KAMPUNG BATU-BATU, JALAN SAGA, TENOM",89907,SABAH,TENOM,BUKA,AWAM,KLINIK,KLINIK DESA
21-12220222,KD LAGUD SEBARANG,"JALAN TAMAN PERTANIAN, LAGUD SEBARANG, TENOM",89907,SABAH,TENOM,BUKA,AWAM,KLINIK,KLINIK DESA
21-12220243,KD MANDALOM,"KAMPUNG MANDALUM, JALAN SAGA, TENOM",89907,SABAH,TENOM,BUKA,AWAM,KLINIK,KLINIK DESA
21-12220262,KD PAAL,"KAMPUNG PAAL, JALAN KEMABONG, KEMABONG, TENOM",89907,SABAH,TENOM,BUKA,AWAM,KLINIK,KLINIK DESA
21-12220264,KD PAMILAAN,"KAMPUNG PAMILAAN, JALAN TENOM KENINGAU PAMILAAN",89907,SABAH,TENOM,BUKA,AWAM,KLINIK,KLINIK DESA
21-12220288,KD SAPONG,"KAMPUNG SAPONG, JALAN KEMABONG, SAPONG, TENOM",89907,SABAH,TENOM,BUKA,AWAM,KLINIK,KLINIK DESA
21-12220330,KD ULU TOMANI,"KAMPUNG ULU TOMANI, ULU TOMANI, TENOM",89907,SABAH,TENOM,BUKA,AWAM,KLINIK,KLINIK DESA
21-12230196,KD KARAMUAK,"KAMPUNG KARAMUAK DALAM, TONGOD",90200,SABAH,TONGOD,BUKA,AWAM,KLINIK,KLINIK DESA
21-12240169,KD BUNDUNG,KAMPUNG BUNDUNG,89200,SABAH,TUARAN,BUKA,AWAM,KLINIK,KLINIK DESA
21-12240277,KD PUKAK,KAMPUNG PUKAK,89200,SABAH,TUARAN,BUKA,AWAM,KLINIK,KLINIK DESA
21-12240149,KD BANTAYAN,KAMPUNG BANTAYAN,89208,SABAH,TUARAN,BUKA,AWAM,KLINIK,KLINIK DESA
21-12240162,KD BOLONG,"KAMPUNG BOLONG, JALAN TUARAN",89208,SABAH,TUARAN,BUKA,AWAM,KLINIK,KLINIK DESA
21-12240182,KD GAYA RATAU,"JALAN TAMPARULI, KAMPUNG GAYA RATAU",89208,SABAH,TUARAN,BUKA,AWAM,KLINIK,KLINIK DESA
21-12240198,KD KAULUAN,"JALAN TAMPARULI, KAMPUNG KAULUAN",89208,SABAH,TUARAN,BUKA,AWAM,KLINIK,KLINIK DESA
21-12240201,KD KAYANGAT,KAMPUNG RANI TENGHILAN,89208,SABAH,TUARAN,BUKA,AWAM,KLINIK,KLINIK DESA
21-12240206,KD KELAWAT,"KAMPUNGKELAWAT, JALAN KOTA KINABALU",89208,SABAH,TUARAN,BUKA,AWAM,KLINIK,KLINIK DESA
21-12240246,KD MENGKABONG,"JALAN MENGKABONG, TUARAN",89208,SABAH,TUARAN,BUKA,AWAM,KLINIK,KLINIK DESA
21-12240263,KD PAHU,"KAMPUNG TOMIS LAMAR, TUARAN",89208,SABAH,TUARAN,BUKA,AWAM,KLINIK,KLINIK DESA
21-12240322,KD TOGOP,KAMPUNG TOGOP,89208,SABAH,TUARAN,BUKA,AWAM,KLINIK,KLINIK DESA
21-12240325,KD TOPOKON,"KAMPUNG TOPOKON, TUARAN",89208,SABAH,TUARAN,BUKA,AWAM,KLINIK,KLINIK DESA
21-12240426,KD PENIMBAWAN,"KAMPUNG PENIMBAWAN, TUARAN",89028,SABAH,TUARAN,BUKA,AWAM,KLINIK,KLINIK DESA
21-12010331,KKIA BEAUFORT,"PEJABAT KESIHATAN KAWASAN BEAUFORT, PETI SURAT 101",89807,SABAH,BEAUFORT,BUKA,AWAM,KLINIK,KLINIK KESIHATAN IBU DAN ANAK
21-12020332,KKIA BELURAN,"KLINIK KESIHATAN IBU DAN ANAK BELURAN, PETI SURAT 117",90109,SABAH,BELURAN,BUKA,AWAM,KLINIK,KLINIK KESIHATAN IBU DAN ANAK
21-12030334,KKIA KENINGAU,"D/A PEJABAT KESIHATAN KAWASAN KENINGAU, PETI SURAT 94",89007,SABAH,KENINGAU,BUKA,AWAM,KLINIK,KLINIK KESIHATAN IBU DAN ANAK
21-12050336,KKIA KOTA BELUD,"KLINIK KESIHATAN IBU DAN ANAK, KAMPUNG. PIRASAN, JALAN BYPASS KOTA BELUD-RANAU, KOTA BELUD",89158,SABAH,KOTA BELUD,BUKA,AWAM,KLINIK,KLINIK KESIHATAN IBU DAN ANAK
21-12060343,KKIA PEKAN,"KLINIK KESIHATAN IBU DAN ANAK, JALAN KAMPUNG. AIR, BANDAR RAYA KOTA KINABALU",88300,SABAH,KOTA KINABALU,BUKA,AWAM,KLINIK,KLINIK KESIHATAN IBU DAN ANAK
21-12040337,KKIA KOTA KINABATANGAN,"D/A PEJABAT KESIHATAN KAWASAN KINABATANGAN, WDT 40",90200,SABAH,KINABATANGAN,BUKA,AWAM,KLINIK,KLINIK KESIHATAN IBU DAN ANAK
21-12070338,KKIA KOTA MARUDU,"JALAN LOTONG, PETI SURAT 421, KOTA MARUDU",89108,SABAH,KOTA MARUDU,BUKA,AWAM,KLINIK,KLINIK KESIHATAN IBU DAN ANAK
21-12080069,KKIA KUALA PENYU,D/A PEJABAT KESIHATAN DAERAH KUALA PENYU,89747,SABAH,KUALA PENYU,BUKA,AWAM,KLINIK,KLINIK KESIHATAN IBU DAN ANAK
21-12090339,KKIA KUDAT,"D/A PEJABAT KESIHATAN KAWASAN KUDAT, BEG BERKUNCI 6",89059,SABAH,KUDAT,BUKA,AWAM,KLINIK,KLINIK KESIHATAN IBU DAN ANAK
21-12100073,KKIA KUNAK 1,"D/A PEJABAT KESIHATAN DAERAH KUNAK, PETI SURAT 990, KUNAK",91008,SABAH,KUNAK,BUKA,AWAM,KLINIK,KLINIK KESIHATAN IBU DAN ANAK
21-12100340,KKIA KUNAK 2,"D/A PEJABAT KESIHATAN DAERAH KUNAK, PETI SURAT 6",91008,SABAH,KUNAK,BUKA,AWAM,KLINIK,KLINIK KESIHATAN IBU DAN ANAK
21-12130342,KKIA PAPAR,"D/A PEJABAT KESIHATAN DAERAH PAPAR, JALAN HOSPITAL LAMA, PETI SURAT 109",88300,SABAH,PAPAR,BUKA,AWAM,KLINIK,KLINIK KESIHATAN IBU DAN ANAK
21-12150344,KKIA PITAS,"KLINIK KESIHATAN IBU DAN ANAK, PEJABAT KESIHATAN DAERAH PITAS, PEKAN PITAS",89059,SABAH,PITAS,BUKA,AWAM,KLINIK,KLINIK KESIHATAN IBU DAN ANAK
21-12160345,KKIA RANAU,"KLINIK KESIHATAN IBU DAN ANAK, JALAN HOSPITAL RANAU, PEKAN RANAU",89200,SABAH,RANAU,BUKA,AWAM,KLINIK,KLINIK KESIHATAN IBU DAN ANAK
21-12170346,KKIA SANDAKAN,"KLINIK KESIHATAN IBU DAN ANAK, BANDAR SANDAKAN",90009,SABAH,SANDAKAN,BUKA,AWAM,KLINIK,KLINIK KESIHATAN IBU DAN ANAK
21-12190369,KKIA SIPITANG,"KLINIK KESIHATAN IBU DAN ANAK, PEKAN SIPITANG",89807,SABAH,SIPITANG,BUKA,AWAM,KLINIK,KLINIK KESIHATAN IBU DAN ANAK
21-12200348,KKIA TAMBUNAN,"PEJABAT KESIHATAN DAERAH TAMBUNAN, PETI SURAT 10",89007,SABAH,TAMBUNAN,BUKA,AWAM,KLINIK,KLINIK KESIHATAN IBU DAN ANAK
21-12210335,KKIA KINABUTAN,"PKK TAWAU,PETI SURAT 990, JALAN DATUK CHONG THIEN VUN, SIN ON",91000,SABAH,TAWAU,BUKA,AWAM,KLINIK,KLINIK KESIHATAN IBU DAN ANAK
21-12210349,KKIA TAWAU 1,"PKK TAWAU,PETI SURAT 990, JALAN DATUK CHONG THIEN VUN, SIN ON",91000,SABAH,TAWAU,BUKA,AWAM,KLINIK,KLINIK KESIHATAN IBU DAN ANAK
21-12220350,KKIA TENOM,"PEJABAT KESIHATAN DAERAH TENOM, PETI SURAT 97",89907,SABAH,TENOM,BUKA,AWAM,KLINIK,KLINIK KESIHATAN IBU DAN ANAK
21-12240351,KKIA TUARAN,D/A PEJABAT KESIHATAN KAWASAN TUARAN WDT 10,89200,SABAH,TUARAN,BUKA,AWAM,KLINIK,KLINIK KESIHATAN IBU DAN ANAK
21-13010043,KK ASAJAYA,KAMPUNG ASAJAYA,94600,SARAWAK,ASAJAYA,BUKA,AWAM,KLINIK,KLINIK KESIHATAN
21-13010077,KK JEMUKAN,KAMPUNG JEMUKAN,94600,SARAWAK,ASAJAYA,BUKA,AWAM,KLINIK,KLINIK KESIHATAN
21-13010178,KK SADONG JAYA,KAMPUNG SADONG JAYA,94600,SARAWAK,ASAJAYA,BUKA,AWAM,KLINIK,KLINIK KESIHATAN
21-13010192,KK SEMERA,KAMPUNGA SAMERA,94600,SARAWAK,ASAJAYA,BUKA,AWAM,KLINIK,KLINIK KESIHATAN
21-13020194,KK SERASOT,KAMPUNG SERASOT,93250,SARAWAK,BAU,BUKA,AWAM,KLINIK,KLINIK KESIHATAN
21-13020196,KK SINGAI,"JALAN KAWAH, KAMPUNG SINGAI",93250,SARAWAK,BAU,BUKA,AWAM,KLINIK,KLINIK KESIHATAN
21-13020247,KK KROKONG,"JALAN BAU SERIKIN, KAMPUNG KROKONG, BAU",93250,SARAWAK,BAU,BUKA,AWAM,KLINIK,KLINIK KESIHATAN
21-13020257,KK SINIAWAN,JALAN SINIAWAN,94000,SARAWAK,BAU,BUKA,AWAM,KLINIK,KLINIK KESIHATAN
21-13030058,KK BELAGA,PEKAN KECIL BELAGA,96800,SARAWAK,BELAGA,BUKA,AWAM,KLINIK,KLINIK KESIHATAN
21-13030120,KK LUSONG LAKU,KAMPUNG LUSONG LAKU,96800,SARAWAK,BELAGA,BUKA,AWAM,KLINIK,KLINIK KESIHATAN
21-13030174,KK PUNAN BAH,KAMPUNG PUNAN BAH,96800,SARAWAK,BELAGA,BUKA,AWAM,KLINIK,KLINIK KESIHATAN
21-13030206,KK SUNGAI ASAP,PEKAN SUNGAI ASAP,96800,SARAWAK,BELAGA,BUKA,AWAM,KLINIK,KLINIK KESIHATAN
21-13030207,KK SUNGAI KOYAN,KAMPUNG SUNGAI KOYAN,96800,SARAWAK,BELAGA,BUKA,AWAM,KLINIK,KLINIK KESIHATAN
21-13030230,KK UMA SAMBOP,KAMPUNG UMA SAMBOP,96900,SARAWAK,BELAGA,BUKA,AWAM,KLINIK,KLINIK KESIHATAN
21-13040071,KK DEBAK,"DEBAK, SARIBAS",95500,SARAWAK,BETONG,BUKA,AWAM,KLINIK,KLINIK KESIHATAN
21-13040155,KK NANGA MUJAU,NANGA LAWIH,95700,SARAWAK,BETONG,BUKA,AWAM,KLINIK,KLINIK KESIHATAN
21-13040162,KK NANGA TIGA,KAMPUNG NG TIGA,95700,SARAWAK,BETONG,BUKA,AWAM,KLINIK,KLINIK KESIHATAN
21-13040199,KK SPAOH,KAMPUNG SPAOH,95600,SARAWAK,BETONG,BUKA,AWAM,KLINIK,KLINIK KESIHATAN
21-13040226,KK TUIE,"KAMPUNG TUIE, PUSA, SARIBAS",95500,SARAWAK,BETONG,BUKA,AWAM,KLINIK,KLINIK KESIHATAN
21-13040381,KK MID LAYAR,"KM1, JALAN ULU LAYAR",95700,SARAWAK,BETONG,BUKA,AWAM,KLINIK,KLINIK KESIHATAN
21-13050064,KK BINTULU,LEBUH RAYA ABANG GALAU,97000,SARAWAK,BINTULU,BUKA,AWAM,KLINIK,KLINIK KESIHATAN
21-13050090,KK NYALAU,KAMPUNG TENGAH NYALAU,97000,SARAWAK,BINTULU,BUKA,AWAM,KLINIK,KLINIK KESIHATAN
21-13050380,KK JEPAK,JALAN JEPAK KUALA TATAU,97000,SARAWAK,BINTULU,BUKA,AWAM,KLINIK,KLINIK KESIHATAN
21-13060091,KK KUALA OYA,LOT 467 BLOCK 15 OYA-DALAT LAND DISTRICT,96300,SARAWAK,DALAT,BUKA,AWAM,KLINIK,KLINIK KESIHATAN
21-13060244,KK MEDONG,LOT 66 BLOCK 168 OYA DALAT LAND DISTRICT,96300,SARAWAK,DALAT,BUKA,AWAM,KLINIK,KLINIK KESIHATAN
21-13060156,KK NANGA BAOH,LOT 4 BLOCK 251 OYA-DALAT LAND DISTRICT,96300,SARAWAK,DALAT,BUKA,AWAM,KLINIK,KLINIK KESIHATAN
21-13070061,KK BETANAK,LOT 5 BLOCK 5 BRUIT LAND DISTRICT,96200,SARAWAK,DARO,BUKA,AWAM,KLINIK,KLINIK KESIHATAN
21-13070065,KK BRUIT,LOT 38 BLOCK 4 BRUIT LAND DISTRICT,96200,SARAWAK,DARO,BUKA,AWAM,KLINIK,KLINIK KESIHATAN
21-13070070,KK DARO,"KLINIK KESIHATAN DARO SEMENTARA, D/A HOSPITAL DARO, JALAN ITOL",96200,SARAWAK,DARO,BUKA,AWAM,KLINIK,KLINIK KESIHATAN
21-13070150,KK NANGA SEMAH,LOT 37 BLOCK 8 SEMAH LAND DISTRICT,96200,SARAWAK,DARO,BUKA,AWAM,KLINIK,KLINIK KESIHATAN
21-13070217,KK TEKAJONG,LOT 245 BRUIT LAND DISTRICT,96200,SARAWAK,DARO,BUKA,AWAM,KLINIK,KLINIK KESIHATAN
21-13080078,KK JULAU,PEKAN JULAU,96600,SARAWAK,JULAU,BUKA,AWAM,KLINIK,KLINIK KESIHATAN
21-13080095,KK LASSI,KAMPUNG LASSI,96600,SARAWAK,JULAU,BUKA,AWAM,KLINIK,KLINIK KESIHATAN
21-13080134,KK NANGA ENTABAI,KAMPUNG NANGA ENTABAI,96600,SARAWAK,JULAU,BUKA,AWAM,KLINIK,KLINIK KESIHATAN
21-13080145,KK NANGA MAONG (MUJOK),KAMPUNG MAONG,96600,SARAWAK,JULAU,BUKA,AWAM,KLINIK,KLINIK KESIHATAN
21-13080158,KK NANGA ENSIRING,KAMPUNG ENSIRING,96600,SARAWAK,JULAU,BUKA,AWAM,KLINIK,KLINIK KESIHATAN
21-13080186,KK SEKALONG,KAMPUNG SEKALONG,96600,SARAWAK,JULAU,BUKA,AWAM,KLINIK,KLINIK KESIHATAN
21-13090121,KK MACHAN,PEKAN MACHAN,96700,SARAWAK,KANOWIT,BUKA,AWAM,KLINIK,KLINIK KESIHATAN
21-13090148,KK NANGA POI (MENALUN),KAMPUNG NANGA POI,96700,SARAWAK,KANOWIT,BUKA,AWAM,KLINIK,KLINIK KESIHATAN
21-13090159,KK NANGA JAGAU,KAMPUNG NANGA JAGAU,96700,SARAWAK,KANOWIT,BUKA,AWAM,KLINIK,KLINIK KESIHATAN
21-13090163,KK NGUNGUN,KAMPUNG NGUNGUN,96700,SARAWAK,KANOWIT,BUKA,AWAM,KLINIK,KLINIK KESIHATAN
21-13090393,KK NG TADA,"LOT. 10, SECTION 7, MAPAI LAND DISTRICT, KANOWIT",96700,SARAWAK,KANOWIT,BUKA,AWAM,KLINIK,KLINIK KESIHATAN
21-13100081,KK KAPIT,JALAN BLETEH,96800,SARAWAK,KAPIT,BUKA,AWAM,KLINIK,KLINIK KESIHATAN
21-13100132,KK NANGA BENA,"JALAN SUNGAI BENA, RUMAH PANJANG",96800,SARAWAK,KAPIT,BUKA,AWAM,KLINIK,KLINIK KESIHATAN
21-13100139,KK NANGA IBAU,"KAMPUNG NANGA IBAU, SUNGAI BATANG RAJANG",96800,SARAWAK,KAPIT,BUKA,AWAM,KLINIK,KLINIK KESIHATAN
21-13100144,KK NANGA MERIT,KLINIK KESIHATAN NANGA MERIT,96800,SARAWAK,KAPIT,BUKA,AWAM,KLINIK,KLINIK KESIHATAN
21-13110044,KK BAKO,"JALAN BAKO, KAMPUNG BAKO",93150,SARAWAK,KUCHING,BUKA,AWAM,KLINIK,KLINIK KESIHATAN
21-13110050,KK BATU KAWA,"JALAN ENG SING, OFF JALAN STAPOK, BATU KAWA",93250,SARAWAK,KUCHING,BUKA,AWAM,KLINIK,KLINIK KESIHATAN
21-13110067,KK BUNTAL,JALAN TENGAH,93050,SARAWAK,KUCHING,BUKA,AWAM,KLINIK,KLINIK KESIHATAN
21-13110068,KK BUNUK,KLINIK JALAN PUNCAK BORNEO,93250,SARAWAK,KUCHING,BUKA,AWAM,KLINIK,KLINIK KESIHATAN
21-13110084,KK KOTA SENTOSA,"KOTA SENTOSA, JALAN STAKAN",93250,SARAWAK,KUCHING,BUKA,AWAM,KLINIK,KLINIK KESIHATAN
21-13110129,KK JALAN MASJID,JALAN MASJID,93400,SARAWAK,KUCHING,BUKA,AWAM,KLINIK,KLINIK KESIHATAN
21-13110165,KK PADAWAN,JALAN PUNCAK BORNEO,93250,SARAWAK,KUCHING,BUKA,AWAM,KLINIK,KLINIK KESIHATAN
21-13110181,KK SANTUBONG,JALAN SULTAN TENGAH,93050,SARAWAK,KUCHING,BUKA,AWAM,KLINIK,KLINIK KESIHATAN
21-13110209,KK TANAH PUTEH,"TANAH PUTEH, JALAN PENDING, KUCHING",93450,SARAWAK,KUCHING,BUKA,AWAM,KLINIK,KLINIK KESIHATAN
21-13110218,KK TELAGA AIR,"JALAN MATANG, KAMPUNG TELAGA AIR",93050,SARAWAK,KUCHING,BUKA,AWAM,KLINIK,KLINIK KESIHATAN
21-13110220,KK TG.EMBANG,KAMPUNG TANJUNG EMBANG,93150,SARAWAK,KUCHING,BUKA,AWAM,KLINIK,KLINIK KESIHATAN
21-13110388,KK BRAANG BAYOR,KM 20 JALAN PUNCAK BORNEO,93050,SARAWAK,KUCHING,BUKA,AWAM,KLINIK,KLINIK KESIHATAN
21-13110389,KK PETRA JAYA,"LOT 8196,8197,8200,8201 DAN 3218 SECT.018,K.T.L.D., JALAN SIOL KANAN, PETRA JAYA, KUCHING, SARAWAK",93050,SARAWAK,KUCHING,BUKA,AWAM,KLINIK,KLINIK KESIHATAN
21-13110398,KK UTC KUCHING,"ARAS 2, UTC SARAWAK, JALAN BUKIT MATA, KUCHING",93100,SARAWAK,KUCHING,BUKA,AWAM,KLINIK,KLINIK KESIHATAN
21-13110250,KK MUARA TEBAS,"JALAN MUARA TEBAS, OFF JALAN BAKO",93100,SARAWAK,KUCHING,BUKA,AWAM,KLINIK,KLINIK KESIHATAN
21-13110372,KK TAMAN MALIHAH,"LOT 3144, BLOK 8, LAND DISTRICT",93050,SARAWAK,KUCHING,BUKA,AWAM,KLINIK,KLINIK KESIHATAN
21-13120054,KK BA KELALAN,PEKAN BA KELALAN,98850,SARAWAK,LAWAS,BUKA,AWAM,KLINIK,KLINIK KESIHATAN
21-13120087,KK KUALA LAWAS,BANDAR KUALA LAWAS,98850,SARAWAK,LAWAS,BUKA,AWAM,KLINIK,KLINIK KESIHATAN
21-13120096,KK LAWAS,"LOT 335-338, JALAN HOSPITAL",98850,SARAWAK,LAWAS,BUKA,AWAM,KLINIK,KLINIK KESIHATAN
21-13120115,KK LONG SEMADOH,LONG SEMANDOH,98850,SARAWAK,LAWAS,BUKA,AWAM,KLINIK,KLINIK KESIHATAN
21-13120116,KK LONG SUKANG,LONG SUKANG,98850,SARAWAK,LAWAS,BUKA,AWAM,KLINIK,KLINIK KESIHATAN
21-13120126,KK MERAPOK,"MERAPOK, JALAN SINDUMIN",98850,SARAWAK,LAWAS,BUKA,AWAM,KLINIK,KLINIK KESIHATAN
21-13120204,KK SUNDAR,PEKAN SUNDAR,98800,SARAWAK,LAWAS,BUKA,AWAM,KLINIK,KLINIK KESIHATAN
21-13120210,KK TANG LAPADAN,TANG LAPADAN,98850,SARAWAK,LAWAS,BUKA,AWAM,KLINIK,KLINIK KESIHATAN
21-13120223,KK TRUSAN,PEKAN TRUSAN,98850,SARAWAK,LAWAS,BUKA,AWAM,KLINIK,KLINIK KESIHATAN
21-13130049,KK BATU DANAU,BATU DANAU,98700,SARAWAK,LIMBANG,BUKA,AWAM,KLINIK,KLINIK KESIHATAN
21-13130089,KK KUALA MEDALAM,PEKAN KUALA MENDALAM,99700,SARAWAK,LIMBANG,BUKA,AWAM,KLINIK,KLINIK KESIHATAN
21-13130141,KK NANGA MEDAMIT,KAMPUNG NANGA MERIT,98700,SARAWAK,LIMBANG,BUKA,AWAM,KLINIK,KLINIK KESIHATAN
21-13130143,KK NANGA MERIT,KAMPUNG NANGA MERIT,98700,SARAWAK,LIMBANG,BUKA,AWAM,KLINIK,KLINIK KESIHATAN
21-13140048,KK BATANG AI,BATANG AI,95900,SARAWAK,LUBOK ANTU,BUKA,AWAM,KLINIK,KLINIK KESIHATAN
21-13140073,KK ENGKILILI,PEKAN ENGKILILI,95900,SARAWAK,LUBOK ANTU,BUKA,AWAM,KLINIK,KLINIK KESIHATAN
21-13140118,KK LUBOK ANTU,PEKAN LUBOK ANTU,95007,SARAWAK,LUBOK ANTU,BUKA,AWAM,KLINIK,KLINIK KESIHATAN
21-13140140,KK NANGA KESIT,NANGA KESIT,95900,SARAWAK,LUBOK ANTU,BUKA,AWAM,KLINIK,KLINIK KESIHATAN
21-13140147,KK NANGA PATOH,NANGA PATOH,95900,SARAWAK,LUBOK ANTU,BUKA,AWAM,KLINIK,KLINIK KESIHATAN
21-13140350,KK NANGA DELOK,NANGA DELOK,95900,SARAWAK,LUBOK ANTU,BUKA,AWAM,KLINIK,KLINIK KESIHATAN
21-13140253,KK NANGA STAMANG,NANGA STAMANG,95900,SARAWAK,LUBOK ANTU,BUKA,AWAM,KLINIK,KLINIK KESIHATAN
21-13150191,KK SEMATAN,"JALAN SUNGAI KILANG, SEMATAN",94100,SARAWAK,LUNDU,BUKA,AWAM,KLINIK,KLINIK KESIHATAN
21-13150062,KK BIAWAK,KAMPUNG BIAWAK,94500,SARAWAK,LUNDU,BUKA,AWAM,KLINIK,KLINIK KESIHATAN
21-13150193,KK SAMPADI,KAMPUNG SAMPADI,94500,SARAWAK,LUNDU,BUKA,AWAM,KLINIK,KLINIK KESIHATAN
21-13150201,KK STOH RAMBUNGAN,KAMPUNG RAMBUNGAN,94500,SARAWAK,LUNDU,BUKA,AWAM,KLINIK,KLINIK KESIHATAN
21-13150650,KK STUNGKOR,"LOT 405, BLOCK 9 STUNGKOR LAND DISTRICT, JALAN BOKAH/RASAU/STUNGKOR, OFF JALAN. BAU-LUNDU",94500,SARAWAK,LUNDU,BUKA,AWAM,KLINIK,KLINIK KESIHATAN
21-13170112,KK LONG BEMANG,RUMAH PANJANG LONG BEMANG,98050,SARAWAK,MARUDI,BUKA,AWAM,KLINIK,KLINIK KESIHATAN
21-13170105,KK LONG PANAI,KAMPUNG LONG PANAI,98050,SARAWAK,MARUDI,BUKA,AWAM,KLINIK,KLINIK KESIHATAN
21-13170208,KK TAMAN NEGARA MULU,"LOT 696 BLOCK 361 OYA-DALAT LAND DISTRICT, MATU",98050,SARAWAK,MARUDI,BUKA,AWAM,KLINIK,KLINIK KESIHATAN
21-13180086,KK KUALA IGAN,"LOT 2217 BLOCK JEMORENG LAND DISTRICT, MATU",96300,SARAWAK,MATU,BUKA,AWAM,KLINIK,KLINIK KESIHATAN
21-13180088,KK KUALA MATU,"LOT 30 MATU TOWN DISTRICT, MATU",96250,SARAWAK,MATU,BUKA,AWAM,KLINIK,KLINIK KESIHATAN
21-13180122,KK MATU,"LOT 2 BLOCK 12 LASSA LAND DISTRICT, MATU",96000,SARAWAK,MATU,BUKA,AWAM,KLINIK,KLINIK KESIHATAN
21-13180171,KK NANGA PASSIN,KAMPUNG NANGA PASSIN,96000,SARAWAK,MATU,BUKA,AWAM,KLINIK,KLINIK KESIHATAN
21-13180176,KK RASSAU,"LOT 1037 BLOCK 12 JEMORENG LAND DISTRICT, MATU",96000,SARAWAK,MATU,BUKA,AWAM,KLINIK,KLINIK KESIHATAN
21-13180221,KK TIAN,KAMPUNG TIAN,96250,SARAWAK,MATU,BUKA,AWAM,KLINIK,KLINIK KESIHATAN
21-13160063,KK BINTANGOR,PEKAN BINTAGOR,96500,SARAWAK,MERADONG,BUKA,AWAM,KLINIK,KLINIK KESIHATAN
21-13190047,KK BARIO,PEKAN BARIO,98050,SARAWAK,MIRI,BUKA,AWAM,KLINIK,KLINIK KESIHATAN
21-13190102,KK LONG LELLANG,KAMPUNG LONG LELLANG,98050,SARAWAK,MIRI,BUKA,AWAM,KLINIK,KLINIK KESIHATAN
21-13190111,KK LONG BANGA,RUMAH PANJANG LONG BANGA,98050,SARAWAK,MIRI,BUKA,AWAM,KLINIK,KLINIK KESIHATAN
21-13190348,KK LONG SERIDAN,KAMPUNG LONG SERIDAN,98000,SARAWAK,MIRI,BUKA,AWAM,KLINIK,KLINIK KESIHATAN
21-13190255,KK PA' DALIH,JALAN KAYU BALAK,98050,SARAWAK,MIRI,BUKA,AWAM,KLINIK,KLINIK KESIHATAN
21-13190128,KK JALAN MERBAU,"BANDAR MIRI, JALAN MERBAU",98800,SARAWAK,MIRI,BUKA,AWAM,KLINIK,KLINIK KESIHATAN
21-13190225,KK TUDAN,JALAN TUDAN PERMYJAYA,98100,SARAWAK,MIRI,BUKA,AWAM,KLINIK,KLINIK KESIHATAN
21-13190639,KK UTC MIRI,"LOT 317 BLOCK 94 BALINGIAN LAND DISTRICT, BALINGIAN",98000,SARAWAK,MIRI,BUKA,AWAM,KLINIK,KLINIK KESIHATAN
21-13190369,KK SENADIN,"LOT 1014, TINGKAT BAWAH, BLOK 5, KUALA BARAM LAND DISTRICT, DESA SENADIN 7",98100,SARAWAK,MIRI,BUKA,AWAM,KLINIK,KLINIK KESIHATAN
21-13240672,KK BANDARAYA MIRI,"JALAN PADANG KERBAU, LOT 523, BLOCK 17, KUALA BARAM LAND DISTRICT, MIRI SARAWAK",98800,SARAWAK,MIRI,BUKA,AWAM,KLINIK,KLINIK KESIHATAN
21-13200046,KK BALINGIAN,"LOT 75 & LOT 76 BLOCK 23, BALINGIAN LAND DISTRICT, BALINGIAN",96400,SARAWAK,MUKAH,BUKA,AWAM,KLINIK,KLINIK KESIHATAN
21-13200085,KK KUALA BALINGIAN,"QUARTERS MM 3/1 MPOM, JALAN MUKAH - SELANGAU",96400,SARAWAK,MUKAH,BUKA,AWAM,KLINIK,KLINIK KESIHATAN
21-13200161,KK NANGA TAROH,"LOT 112 BLOCK 110 MUKAH LAND DISTRICT, MUKAH",96400,SARAWAK,MUKAH,BUKA,AWAM,KLINIK,KLINIK KESIHATAN
21-13200245,KK KAMPUNG TEH,"LOT 234 BLOCK 109 MUKAH LAND DISTRCIT, MUKAH",96300,SARAWAK,MUKAH,BUKA,AWAM,KLINIK,KLINIK KESIHATAN
21-13170671,KK SIMPANG BUKUT,"LOT 19, BLOCK 12, BAWAN LAND DISTRICT, SIMPANG BUKUT",96400,SARAWAK,MUKAH,BUKA,AWAM,KLINIK,KLINIK KESIHATAN
21-13200384,KK SESOK,"LOT 136, BLOK 109 (SESOK) MUKAH LAND DISTRICT",96400,SARAWAK,MUKAH,BUKA,AWAM,KLINIK,KLINIK KESIHATAN
21-13210135,KK NANGA ENTAIH,KAMPUNG ENTAIH,96150,SARAWAK,PAKAN,BUKA,AWAM,KLINIK,KLINIK KESIHATAN
21-13210152,KK NANGA WAK,KAMPUNG WAK,96150,SARAWAK,PAKAN,BUKA,AWAM,KLINIK,KLINIK KESIHATAN
21-13210160,KK NANGA KARA,KAMPUNG NANGA KARA,96150,SARAWAK,PAKAN,BUKA,AWAM,KLINIK,KLINIK KESIHATAN
21-13210166,KK PAKAN,PEKAN PAKAN,96150,SARAWAK,PAKAN,BUKA,AWAM,KLINIK,KLINIK KESIHATAN
21-13210388,KK KEMALIH,"KLINIK KESIHATAN KEMALIH,ULU ENTABAI",96150,SARAWAK,PAKAN,BUKA,AWAM,KLINIK,KLINIK KESIHATAN
21-13220083,KK KOTA SAMARAHAN,"KOTA SAMARAHAN, JALAN DATUK MUHAMAD MUSA",94300,SARAWAK,KOTA SAMARAHAN,BUKA,AWAM,KLINIK,KLINIK KESIHATAN
21-13220179,KK SAMBIR,KAMPUNG SAMBIR,94600,SARAWAK,KOTA SAMARAHAN,BUKA,AWAM,KLINIK,KLINIK KESIHATAN
21-13220379,KK SAMARINDAH,"SUB.LOT 669 JALAN SAMARINDAH, TAMAN SAMARINDAH, KOTA SAMARAHAN",94300,SARAWAK,KOTA SAMARAHAN,BUKA,AWAM,KLINIK,KLINIK KESIHATAN
21-13230154,KK NANGA ATOI,KAMPUNG NANGA ATOI,95400,SARAWAK,SARATOK,BUKA,AWAM,KLINIK,KLINIK KESIHATAN
21-13230157,KK NANGA BUDU,KAMPUNG NANGA BUDU,95400,SARAWAK,SARATOK,BUKA,AWAM,KLINIK,KLINIK KESIHATAN
21-13230177,KK ROBAN,PEKAN KECHIL ROBAN,95300,SARAWAK,SARATOK,BUKA,AWAM,KLINIK,KLINIK KESIHATAN
21-13250149,KK SEKUAU,KAMPUNG SEKAU,96000,SARAWAK,SELANGAU,BUKA,AWAM,KLINIK,KLINIK KESIHATAN
21-13250188,KK SELANGAU,KAMPUNG SELANGAU,96000,SARAWAK,SELANGAU,BUKA,AWAM,KLINIK,KLINIK KESIHATAN
21-13250205,KK SUNGAI ARIP,KAMPUNG SUNGAI ARIP,96000,SARAWAK,SELANGAU,BUKA,AWAM,KLINIK,KLINIK KESIHATAN
21-13250339,KK TEPUS,PEKAN TEPUS,96000,SARAWAK,SELANGAU,BUKA,AWAM,KLINIK,KLINIK KESIHATAN
21-13260045,KK BALAI RINGIN,KAMPUNG RINGIN,94700,SARAWAK,SERIAN,BUKA,AWAM,KLINIK,KLINIK KESIHATAN
21-13260189,KK ENSENGEI,KAMPUNG ENSENGEI,94700,SARAWAK,SERIAN,BUKA,AWAM,KLINIK,KLINIK KESIHATAN
21-13260213,KK TARAT,PEKAN TARAT,94700,SARAWAK,SERIAN,BUKA,AWAM,KLINIK,KLINIK KESIHATAN
21-13260222,KK TRIBOH,KAMPUNG TRIBOH,94700,SARAWAK,SERIAN,BUKA,AWAM,KLINIK,KLINIK KESIHATAN
21-13260195,KK SIBURAN,"KM 27, JALAN KUCHING/SERIAN",94200,SARAWAK,SERIAN,BUKA,AWAM,KLINIK,KLINIK KESIHATAN
21-13260219,KK TENG BUKAP,"TENG BUKAP, KM 15 JALAN PADAWAN, KUCHING",93250,SARAWAK,SERIAN,BUKA,AWAM,KLINIK,KLINIK KESIHATAN
21-13260342,KK KEDUP,KAMPUNG MENTONG MERAUH,94700,SARAWAK,SERIAN,BUKA,AWAM,KLINIK,KLINIK KESIHATAN
21-13050685,KK SERIAN,"JALAN TANGGA BY PASS, BANDAR SERIAN",94700,SARAWAK,SERIAN,BUKA,AWAM,KLINIK,KLINIK KESIHATAN
21-13260215,KK TEBAKANG,KAMPUNG TEBEKANG,94750,SARAWAK,TEBEDU,BUKA,AWAM,KLINIK,KLINIK KESIHATAN
21-13270053,KK BAWANG ASSAN,"BAWANG ASSAN, 9600 SIBU",96000,SARAWAK,SIBU,BUKA,AWAM,KLINIK,KLINIK KESIHATAN
21-13270072,KK DURIN,"KLINIK KESIHATAN DURIN, JALAN DURIN, SIBU",96000,SARAWAK,SIBU,BUKA,AWAM,KLINIK,KLINIK KESIHATAN
21-13270075,KK JALAN LANANG,"POLIKLINIK LANANG, JALAN ULU LANANG, SIBU",96000,SARAWAK,SIBU,BUKA,AWAM,KLINIK,KLINIK KESIHATAN
21-13270076,KK JALAN OYA,"JALAN BROTHER ALBINUS, PEKAN SIBU, SIBU",96000,SARAWAK,SIBU,BUKA,AWAM,KLINIK,KLINIK KESIHATAN
21-13270170,KK PASSAI SIONG,PASSAI SIONG,96000,SARAWAK,SIBU,BUKA,AWAM,KLINIK,KLINIK KESIHATAN
21-13270636,KK SIBU JAYA,KLINIK KESIHATAN SIBU JAYA,96000,SARAWAK,SIBU,BUKA,AWAM,KLINIK,KLINIK KESIHATAN
21-13270637,KK UTC SIBU,"CENTRAL MARKET, MUNICIPAL COUNCIL SIBU",96000,SARAWAK,SIBU,BUKA,AWAM,KLINIK,KLINIK KESIHATAN
21-13280074,KK GEDONG,KAMPUNG GEDONG,94300,SARAWAK,SIMUNJAN,BUKA,AWAM,KLINIK,KLINIK KESIHATAN
21-13280125,KK MENTU,KAMPUNG MENTU,94300,SARAWAK,SIMUNJAN,BUKA,AWAM,KLINIK,KLINIK KESIHATAN
21-13280130,KK MUNGGU LALLANG,KAMPUNG MUNGGU LALLANG,94800,SARAWAK,SIMUNJAN,BUKA,AWAM,KLINIK,KLINIK KESIHATAN
21-13280183,KK SEBANGAN,PEKAN SEBANGAN,94800,SARAWAK,SIMUNJAN,BUKA,AWAM,KLINIK,KLINIK KESIHATAN
21-13280185,KK SEBUYAU,PEKAN SEBUYAU,94300,SARAWAK,SIMUNJAN,BUKA,AWAM,KLINIK,KLINIK KESIHATAN
21-13290069,KK CHEMENONG,KAMPUNG CHEMENONG,96850,SARAWAK,SONG,BUKA,AWAM,KLINIK,KLINIK KESIHATAN
21-13290131,KK NANGA BANGKIT,KAMPUNG NANGA BANGKIT,96850,SARAWAK,SONG,BUKA,AWAM,KLINIK,KLINIK KESIHATAN
21-13290133,KK NANGA ENGKUAH,KAMPUNG ENGKUAH,96850,SARAWAK,SONG,BUKA,AWAM,KLINIK,KLINIK KESIHATAN
21-13290151,KK NANGA TEKALIT,NANGA TEKALIT,96850,SARAWAK,SONG,BUKA,AWAM,KLINIK,KLINIK KESIHATAN
21-13290198,KK SONG,PEKAN KECIL SONG,96850,SARAWAK,SONG,BUKA,AWAM,KLINIK,KLINIK KESIHATAN
21-13300051,KK BATU LINTANG,KAMPUNG BATU LINTANG,95007,SARAWAK,SRI AMAN,BUKA,AWAM,KLINIK,KLINIK KESIHATAN
21-13300109,KK LINGGA,KAMPUNG LINGGA,94500,SARAWAK,SRI AMAN,BUKA,AWAM,KLINIK,KLINIK KESIHATAN
21-13300136,KK NANGA ENTALAU,KAMPUNG NANGA ENTALAU,95007,SARAWAK,SRI AMAN,BUKA,AWAM,KLINIK,KLINIK KESIHATAN
21-13300169,KK PANTU,PEKAN PANTU,95000,SARAWAK,SRI AMAN,BUKA,AWAM,KLINIK,KLINIK KESIHATAN
21-13300197,KK SKRANG,KAMPUNG SKRANG,95000,SARAWAK,SRI AMAN,BUKA,AWAM,KLINIK,KLINIK KESIHATAN
21-13300211,KK TANJUNG BIJAT,KAMPUNG TANJUNG BILAT,95007,SARAWAK,SRI AMAN,BUKA,AWAM,KLINIK,KLINIK KESIHATAN
21-13310153,KK NANGA TAU,NANGA TAU,97000,SARAWAK,TATAU,BUKA,AWAM,KLINIK,KLINIK KESIHATAN
21-13310214,KK TATAU,PEKAN TATAU,97200,SARAWAK,TATAU,BUKA,AWAM,KLINIK,KLINIK KESIHATAN
21-13310093,KK KUALA TATAU,KAMPUNG KUALA TATAU,97200,SARAWAK,TATAU,BUKA,AWAM,KLINIK,KLINIK KESIHATAN
21-13390066,KK BUNAN GEGA,KAMPUNG BUNAN GEGA,94750,SARAWAK,TEBEDU,BUKA,AWAM,KLINIK,KLINIK KESIHATAN
21-13390168,KK PANGKALAN AMO,KAMPUNG PENGKALAN AMO,94700,SARAWAK,TEBEDU,BUKA,AWAM,KLINIK,KLINIK KESIHATAN
21-13390216,KK TEBEDU,PEKAN TEBEDU,94750,SARAWAK,TEBEDU,BUKA,AWAM,KLINIK,KLINIK KESIHATAN
21-13340057,KK BELADIN,"BELADIN, PUSA, SARIBAS",94950,SARAWAK,PUSA,BUKA,AWAM,KLINIK,KLINIK KESIHATAN
21-13340124,KK MELUDAM,"MELUDAM, SARIBAS",94850,SARAWAK,PUSA,BUKA,AWAM,KLINIK,KLINIK KESIHATAN
21-13340175,KK PUSA,PEKAN PUSA,94950,SARAWAK,PUSA,BUKA,AWAM,KLINIK,KLINIK KESIHATAN
21-13340190,KK SEMARANG,"PEKAN SEMARANG, PUSA",94950,SARAWAK,PUSA,BUKA,AWAM,KLINIK,KLINIK KESIHATAN
21-13350164,KK NYABOR,"LOT 159 BLOCK 9 KEDANG LAND DISTRICT, BELAWAI",95300,SARAWAK,KABONG,BUKA,AWAM,KLINIK,KLINIK KESIHATAN
21-13320059,KK BELAWAI,"LOT 161, RAJANG TOWN DISTRICT, BELAWAI",96200,SARAWAK,TANJUNG MANIS,BUKA,AWAM,KLINIK,KLINIK KESIHATAN
21-13320092,KK KUALA REJANG,"LOT 354 BLOCK 1 KEDANG LAND DISTRICT, DARO",96150,SARAWAK,TANJUNG MANIS,BUKA,AWAM,KLINIK,KLINIK KESIHATAN
21-13320167,KK PALOH,"PERUMAHAN STIDC, BELAWAI",96250,SARAWAK,TANJUNG MANIS,BUKA,AWAM,KLINIK,KLINIK KESIHATAN
21-13320212,KK TANJUNG MANIS,PEKAN TANJUNG MANIS,96150,SARAWAK,TANJUNG MANIS,BUKA,AWAM,KLINIK,KLINIK KESIHATAN
21-13330123,KK NANGA MELINAU,"NANGA MELINAU, SUNGAI MUJONG",96800,SARAWAK,BUKIT MABONG,BUKA,AWAM,KLINIK,KLINIK KESIHATAN
21-13330137,KK NANGA ENTAWAU,KAMPUNG ENTAWAU,96800,SARAWAK,BUKIT MABONG,BUKA,AWAM,KLINIK,KLINIK KESIHATAN
21-13330138,KK NANGA GAAT,KAMPUNG NANGA GAAT,96800,SARAWAK,BUKIT MABONG,BUKA,AWAM,KLINIK,KLINIK KESIHATAN
21-13330142,KK NANGA MERIRAI,KAMPUNG NANGA MERIRAI,96800,SARAWAK,BUKIT MABONG,BUKA,AWAM,KLINIK,KLINIK KESIHATAN
21-13330187,KK SEKEROH,SUNGAI SEKEROH,96800,SARAWAK,BUKIT MABONG,BUKA,AWAM,KLINIK,KLINIK KESIHATAN
21-13330228,KK TUNOH SCHEME,KAMPUNG TUNOH SCHEME,96800,SARAWAK,BUKIT MABONG,BUKA,AWAM,KLINIK,KLINIK KESIHATAN
21-13330647,KK LONG BUSANG,"KLINIK KESIHATAN LONG BUSANG, BELAGA",96900,SARAWAK,BUKIT MABONG,BUKA,AWAM,KLINIK,KLINIK KESIHATAN
21-13330146,KK NANGA MUJONG,"KAMPUNG NANGA MUJONG, SUNGAI MUJONG",96800,SARAWAK,BUKIT MABONG,BUKA,AWAM,KLINIK,KLINIK KESIHATAN
21-13400119,KK LUBOK TAPANG,LUBOK TAPANG,97000,SARAWAK,SEBAUH,BUKA,AWAM,KLINIK,KLINIK KESIHATAN
21-13400184,KK SEBAUH,PEKAN SEBAUH,97000,SARAWAK,SEBAUH,BUKA,AWAM,KLINIK,KLINIK KESIHATAN
21-13400224,KK TUBAU,"PEKAN TUBAU, BINTULU",97000,SARAWAK,SEBAUH,BUKA,AWAM,KLINIK,KLINIK KESIHATAN
21-13400641,KK LABANG,"KLINIK KESIHATAN LABANG, SEBAUH, BINTULU",97000,SARAWAK,SEBAUH,BUKA,AWAM,KLINIK,KLINIK KESIHATAN
21-13360052,KK BATU NIAH,BATU NIAH,98200,SARAWAK,SUBIS,BUKA,AWAM,KLINIK,KLINIK KESIHATAN
21-13360056,KK BEKENU,KAMPUNG BEKENU,98150,SARAWAK,SUBIS,BUKA,AWAM,KLINIK,KLINIK KESIHATAN
21-13360094,KK LADANG TIGA,PEKAN LADANG TIGA,98120,SARAWAK,SUBIS,BUKA,AWAM,KLINIK,KLINIK KESIHATAN
21-13360203,KK SUAI TEGAGENG,KAMPUNG SUAI TEGAGENG,98000,SARAWAK,SUBIS,BUKA,AWAM,KLINIK,KLINIK KESIHATAN
21-13360227,KK TUN HAJI OPENG,JALAN TUN HAJI OPENG,98000,SARAWAK,SUBIS,BUKA,AWAM,KLINIK,KLINIK KESIHATAN
21-13360349,KK JAMBATAN SUAI,JAMBATAN SUAI,98000,SARAWAK,SUBIS,BUKA,AWAM,KLINIK,KLINIK KESIHATAN
21-13360396,KK SEPUPOK,"JALAN BATU NIAH, PEKAN SEPUPOK, NIAH, MIRI",98200,SARAWAK,SUBIS,BUKA,AWAM,KLINIK,KLINIK KESIHATAN
21-13380098,KK LONG BEDIAN,RUMAH PANJANG LONG BEDIAN,98050,SARAWAK,TELANG USAN,BUKA,AWAM,KLINIK,KLINIK KESIHATAN
21-13380099,KK LONG JEEH,KAMPUNG LONG JEEH,98050,SARAWAK,TELANG USAN,BUKA,AWAM,KLINIK,KLINIK KESIHATAN
21-13380101,KK LONG KEVOK,KAMPUNG LONG KEVOK,98050,SARAWAK,TELANG USAN,BUKA,AWAM,KLINIK,KLINIK KESIHATAN
21-13380103,KK LONG MIRI,KAMPUNG LONG MIRI,98050,SARAWAK,TELANG USAN,BUKA,AWAM,KLINIK,KLINIK KESIHATAN
21-13380104,KK LONG NAAH,KAMPUNG LONG NAAH,98050,SARAWAK,TELANG USAN,BUKA,AWAM,KLINIK,KLINIK KESIHATAN
21-13380106,KK LONG PILLAH,KAMPUNG LONG PILAH,98050,SARAWAK,TELANG USAN,BUKA,AWAM,KLINIK,KLINIK KESIHATAN
21-13380107,KK LONG SAN,KAMPUNG LONG SAN,98050,SARAWAK,TELANG USAN,BUKA,AWAM,KLINIK,KLINIK KESIHATAN
21-13380110,KK LIO MATO,KAMPUNG LIO MATO,98050,SARAWAK,TELANG USAN,BUKA,AWAM,KLINIK,KLINIK KESIHATAN
21-13380113,KK LONG LAMA,KAMPUNG LONG LAMA,98050,SARAWAK,TELANG USAN,BUKA,AWAM,KLINIK,KLINIK KESIHATAN
21-13380229,KK ULU TERU,ULU TERU,98050,SARAWAK,TELANG USAN,BUKA,AWAM,KLINIK,KLINIK KESIHATAN
21-13380347,KK LONG MOH,KAMPUNG LONG MOH,98000,SARAWAK,TELANG USAN,BUKA,AWAM,KLINIK,KLINIK KESIHATAN
21-13380395,KK LONG JEKITAN,"D/A PEJABAT KESIHATAN BAHAGIAN MIRI, JALAN TEMENGGONG OYONG LAWAI JAU",98000,SARAWAK,TELANG USAN,BUKA,AWAM,KLINIK,KLINIK KESIHATAN
21-13370100,KK LONG JEGAN,KAMPUNG LONG JEGAN,98050,SARAWAK,BELURU,BUKA,AWAM,KLINIK,KLINIK KESIHATAN
21-13370108,KK LONG TERAN,KAMPUNG LONG TERAN,98050,SARAWAK,BELURU,BUKA,AWAM,KLINIK,KLINIK KESIHATAN
21-13370114,KK LONG LOYANG,KAMPUNG LONG LOYANG,98050,SARAWAK,BELURU,BUKA,AWAM,KLINIK,KLINIK KESIHATAN
21-13370117,KK LONG TERU,KAMPUNG LONG TERU,98050,SARAWAK,BELURU,BUKA,AWAM,KLINIK,KLINIK KESIHATAN
21-13040397,KKOM BETONG NEW TOWNSHIP,"NEW TOWNSHIP SUBLOT 36 (SURVEY LOT NO.2094), BANDAR BARU BETONG (FASA 3), JALAN BETONG, BETONG",95700,SARAWAK,BETONG,BUKA,AWAM,KLINIK,KLINIK KOMUNITI
21-13050354,KKOM SUNGAI PLAN,"SUBLOT 2813 KIDURONG COMMERCIAL CENTRE, SUNGAI PLAN, BINTULU",97000,SARAWAK,BINTULU,BUKA,AWAM,KLINIK,KLINIK KOMUNITI
21-13110356,KKOM MATANG JAYA,"LOT 9746, SEKSYEN 65 KTLD, TAMAN LEE LING, JALAN MATANG, KUCHING",93050,SARAWAK,KUCHING,BUKA,AWAM,KLINIK,KLINIK KOMUNITI
21-13110360,KKOM PADAWAN,"K1M KOTA PADAWAN, SUB LOT 1, LOT 482, BLOK 71, BATU 10, KOTA PADAWAN",93150,SARAWAK,KUCHING,BUKA,AWAM,KLINIK,KLINIK KOMUNITI
21-13110373,KKOM TABUAN,"SUBLOTS 11E & 11F, LOT 9291, BLOK 11, MLTD, JALAN SETIA RAJA KUCHING",93450,SARAWAK,KUCHING,BUKA,AWAM,KLINIK,KLINIK KOMUNITI
21-13110377,KKOM DEMAK LAUT,"RUANG PEJABAT BAWAH SUBLOT 6 & SUBLOT 7 (BLOK F), DEMAK LAUT COMMERICAL CENTRE, JALAN BAKO",93150,SARAWAK,KUCHING,BUKA,AWAM,KLINIK,KLINIK KOMUNITI
21-13110402,KKOM STUTONG,"NO.256/257, BLOCK II MTLD, STUTONG AFFORDABLE SOCIAL HOUSING SCHEME, LORONG 2, JALAN STAMPIN BARU, KUCHING",93350,SARAWAK,KUCHING,BUKA,AWAM,KLINIK,KLINIK KOMUNITI
21-13110648,KKOM BATU KAWA,"LOT 2938 (GROUND FLOOR), JALAN TONDONG / BATU KAWA, 38, BATU KAWA COMMERCIAL CENTRE",93250,SARAWAK,KUCHING,BUKA,AWAM,KLINIK,KLINIK KOMUNITI
21-13190353,KKOM TAMAN TUNKU,"LOT 2350, BLOK 5, LLD JALAN KUCHING, TAMAN TUNKU, MIRI",98000,SARAWAK,MIRI,BUKA,AWAM,KLINIK,KLINIK KOMUNITI
21-13190400,KKOM PERMYJAYA,"LOT 8681, GROUND FLOOR, PUSAT BANDAR BARU PERMYJAYA, MIRI",98000,SARAWAK,MIRI,BUKA,AWAM,KLINIK,KLINIK KOMUNITI
21-13200368,KKOM MUKAH,SEDC SHOPHOUSE GROUND FLOOR 6 JALAN LINTANG,96400,SARAWAK,MUKAH,BUKA,AWAM,KLINIK,KLINIK KOMUNITI
21-13220387,KKOM PALM VILLA,"GROUND FLOOR AND FIRST FLOOR, LOT 6291 (SL 9)",94300,SARAWAK,KOTA SAMARAHAN,BUKA,AWAM,KLINIK,KLINIK KOMUNITI
21-13220401,KKOM BUKIT BERANGAN,"GROUND FLOOR, SUBLOT 20,P/L202&205, BLOCK 25, MUARA TUANG JALAN DATUK MOHAMMAD MUSA, SAMARAHAN",94300,SARAWAK,KOTA SAMARAHAN,BUKA,AWAM,KLINIK,KLINIK KOMUNITI
21-13240367,KKOM JAKAR,"K1M JAKAR, PEKAN JAKAR",96100,SARAWAK,SARIKEI,BUKA,AWAM,KLINIK,KLINIK KOMUNITI
21-13270355,KKOM TEKU,"LOT 302, BLOK 7 TEKU ROAD, SIBU",96000,SARAWAK,SIBU,BUKA,AWAM,KLINIK,KLINIK KOMUNITI
21-13270359,KKOM SG.BIDUT,"SUNGAI. BIDUT, OFF PANGKALAN FERI, SUNGAI. MAONG, JALAN MAAW",96000,SARAWAK,SIBU,BUKA,AWAM,KLINIK,KLINIK KOMUNITI
21-13270361,KKOM TAMAN REJANG,"K1M TAMAN REJANG, SMC TRAFIC GARDEN, JALAN SIMPOH",96000,SARAWAK,SIBU,BUKA,AWAM,KLINIK,KLINIK KOMUNITI
21-13270378,KKOM FARLEY SENTOSA,"SENTOSA, LRG TUN AHMAD ZAIDI ADRUCE 36, SIBU",96000,SARAWAK,SIBU,BUKA,AWAM,KLINIK,KLINIK KOMUNITI
21-13270370,KKOM SOON HUP PERMAI,"PERMAI 6, LORONG TIMUR 19/C",96000,SARAWAK,SIBU,BUKA,AWAM,KLINIK,KLINIK KOMUNITI
21-13270382,KKOM BANDONG,"9H, TINGKAT BAWAH, LOT 1335, JALAN BANDONG 96000",96000,SARAWAK,SIBU,BUKA,AWAM,KLINIK,KLINIK KOMUNITI
21-13270383,KKOM SIBU JAYA,"BLOK 19, UNIT 15 & 16, PARCEL B, HDC GARDEN TERRACE",96000,SARAWAK,SIBU,BUKA,AWAM,KLINIK,KLINIK KOMUNITI
21-13270640,KKOM RANTAU PANJANG SIBU,FLAT PPR RANTAU PANJANG SIBU,96000,SARAWAK,SIBU,BUKA,AWAM,KLINIK,KLINIK KOMUNITI
21-13270646,KKOM CAMPUS PARK SIBU,"LOT 2575, LORONG WAWASAN 11F, JALAN WAWASAN, SUNGAI MERAH",96000,SARAWAK,SIBU,BUKA,AWAM,KLINIK,KLINIK KOMUNITI
21-13160649,KKOM SUNGAI TULAI,"LOT 907, BLOK 6, TULAI LAND DISTRICT, SUNGAI TULAI",96500,SARAWAK,MERADONG,BUKA,AWAM,KLINIK,KLINIK KOMUNITI
21-13110242,KD BENGOH,"D/A PEG. KESIHATAN BAHAGIAN, BAHAGIAN KUCHING, JALAN TUAN AHMAD ZAIDI ADRUCE, KUCHING",93150,SARAWAK,KUCHING,BUKA,AWAM,KLINIK,KLINIK DESA
21-13240260,KD SUNGAI BAYONG,JALAN SUNGAI RUSA/SARIKEI,96100,SARAWAK,SARIKEI,BUKA,AWAM,KLINIK,KLINIK DESA
21-13240261,KD SUNGAI RUSA,JALAN SUNGAI RUSA/SARIKEI,96100,SARAWAK,SARIKEI,BUKA,AWAM,KLINIK,KLINIK DESA
21-13250254,KD TAMIN,"KM 50, JALAN SIBU BINTULU, SIBU",96000,SARAWAK,SELANGAU,BUKA,AWAM,KLINIK,KLINIK DESA
21-13020263,KKIA BAU,"D/A PEG. KESIHATAN BAHAGIAN, BAHAGIAN KUCHING, JALAN TUN AHMAD ZAIDI ADRUCE, KUCHING",94000,SARAWAK,BAU,BUKA,AWAM,KLINIK,KLINIK KESIHATAN IBU DAN ANAK
21-13040264,KKIA BETONG,"D/A PEG. KESIHATAN BAHAGIAN, BAHAGIAN BETONG",95700,SARAWAK,BETONG,BUKA,AWAM,KLINIK,KLINIK KESIHATAN IBU DAN ANAK
21-13050271,KKIA KIDURONG,"PEJ. KESIHATAN BAHAGIAN, BAHAGIAN BINTULU, JALAN TUN AHMAD ZAIDI",97000,SARAWAK,BINTULU,BUKA,AWAM,KLINIK,KLINIK KESIHATAN IBU DAN ANAK
21-13060363,KKIA DALAT,FASA 1,96300,SARAWAK,DALAT,BUKA,AWAM,KLINIK,KLINIK KESIHATAN IBU DAN ANAK
21-13090270,KKIA KANOWIT,"D/A PEG. KESIHATAN DAERAH KANOWIT, DAERAH KANOWIT, SARATOK",96700,SARAWAK,KANOWIT,BUKA,AWAM,KLINIK,KLINIK KESIHATAN IBU DAN ANAK
21-13110364,KKIA BATU KAWA,JALAN ENSING,93250,SARAWAK,KUCHING,BUKA,AWAM,KLINIK,KLINIK KESIHATAN IBU DAN ANAK
21-13110243,KKIA BINTAWA,"D/A PEG. KESIHATAN BAHAGIAN, BAHAGIAN KUCHING, JALAN TUAN AHMAD ZAIDI ADRUCE, KUCHING",93050,SARAWAK,KUCHING,BUKA,AWAM,KLINIK,KLINIK KESIHATAN IBU DAN ANAK
21-13110265,KKIA GITA,"JALAN SEMARAK, KAMPUNG. PINANG JAWA, BATU 2 1/2",93050,SARAWAK,KUCHING,BUKA,AWAM,KLINIK,KLINIK KESIHATAN IBU DAN ANAK
21-13110281,KKIA JALAN SEKAMA,JALAN SEKAMA,93300,SARAWAK,KUCHING,BUKA,AWAM,KLINIK,KLINIK KESIHATAN IBU DAN ANAK
21-13110268,KKIA JAWA,"D/A PEG. KESIHATAN BAHAGIAN, BAHAGIAN KUCHING, JALAN TUN AHMAD ZAIDI ADRUCE, KUCHING",93400,SARAWAK,KUCHING,BUKA,AWAM,KLINIK,KLINIK KESIHATAN IBU DAN ANAK
21-13110272,KKIA KOTA PADAWAN,"BATU 10, JALAN PUNCAK BORNEO",93250,SARAWAK,KUCHING,BUKA,AWAM,KLINIK,KLINIK KESIHATAN IBU DAN ANAK
21-13110278,KKIA RCBM,"KM13, JALAN PUNCAK BORNEO",93250,SARAWAK,KUCHING,BUKA,AWAM,KLINIK,KLINIK KESIHATAN IBU DAN ANAK
21-13130274,KKIA LIMBANG,"D/A PEG. KESIHATAN BAHAGIAN, BAHAGIAN LIMBANG, JALAN PANDARUAN, LIMBANG",98700,SARAWAK,LIMBANG,BUKA,AWAM,KLINIK,KLINIK KESIHATAN IBU DAN ANAK
21-13150275,KKIA LUNDU,"D/A PEG. KESIHATAN DAERAH, DAERAH LUNDU, JALAN LUNDU / SEKAMBAL, LUNDU",94500,SARAWAK,LUNDU,BUKA,AWAM,KLINIK,KLINIK KESIHATAN IBU DAN ANAK
21-13170266,KK MARUDI,"D/A HOSPITAL MARUDI, JALAN BUNGOR",98050,SARAWAK,MARUDI,BUKA,AWAM,KLINIK,KLINIK KESIHATAN
21-13190273,KKIA LAMBIR,"D/A PEJABAT KESIHATAN BAHAGIAN MIRI, JALAN TEMENGGONG OYONG LAWAI JAU",98000,SARAWAK,MIRI,BUKA,AWAM,KLINIK,KLINIK KESIHATAN IBU DAN ANAK
21-13190394,KKIA TAMAN TUNKU,"LOT 927(2351), NEIGHBOURHOOD SHOPPING CENTRE, TAMAN TUNKU, MIRI",98000,SARAWAK,MIRI,BUKA,AWAM,KLINIK,KLINIK KESIHATAN IBU DAN ANAK
21-13200277,KKIA MUKAH,"D/A PEJABAT KESIHATAN BAHAGIAN MUKAH, JALAN HAJI MUHAMMAD PAUZI",96400,SARAWAK,MUKAH,BUKA,AWAM,KLINIK,KLINIK KESIHATAN IBU DAN ANAK
21-13220267,KKIA SEBISAK,"TINGKAT 1, SUBLOT 396-397, LOT 2071 DAN 539, JALAN MUARA TUANG, TAMAN SURIA 1",94300,SARAWAK,KOTA SAMARAHAN,BUKA,AWAM,KLINIK,KLINIK KESIHATAN IBU DAN ANAK
21-13230279,KKIA SARATOK,"D/A PEG. KESIHATAN DAERAH SARATOK, DAERAH SARATOK, SARATOK",95400,SARAWAK,SARATOK,BUKA,AWAM,KLINIK,KLINIK KESIHATAN IBU DAN ANAK
21-13280262,KKIA SIMUNJAN BANDAR,"JALAN SABUN, SIMUNJAN",94800,SARAWAK,SIMUNJAN,BUKA,AWAM,KLINIK,KLINIK KESIHATAN IBU DAN ANAK
21-15010004,KK WP LABUAN,"PEJABAT TIMBALAN PENGARAH KESIHATAN NEGERI (KESIHATAN AWAM), BAHAGIAN KESIHATAN AWAM, PETI SURAT 81736, WP LABUAN",87027,WILAYAH PERSEKUTUAN LABUAN,LABUAN,BUKA,AWAM,KLINIK,KLINIK KESIHATAN
21-15010027,KK UTC LABUAN,"LOT G-2, ARAS BAWAH, UTC LABUAN, PASAR SENTRAL LABUAN",87000,WILAYAH PERSEKUTUAN LABUAN,LABUAN,BUKA,AWAM,KLINIK,KLINIK KESIHATAN
21-15010019,KKOM TAMAN MUTIARA,"BLOK M68-0004, TAMAN MUTIARA, SUNGAI BEDAUN, WILAYAH PERSEKUTUAN LABUAN",87008,WILAYAH PERSEKUTUAN LABUAN,LABUAN,BUKA,AWAM,KLINIK,KLINIK KOMUNITI
21-15010007,KD BATU MANIKAR,"JALAN BATU MANIKAR, WILAYAH PERSEKUTUAN LABUAN",87018,WILAYAH PERSEKUTUAN LABUAN,LABUAN,BUKA,AWAM,KLINIK,KLINIK DESA
21-15010008,KD BEBULOH,"JALAN BEBULOH, WILAYAH PERSEKUTUAN LABUAN",87018,WILAYAH PERSEKUTUAN LABUAN,LABUAN,BUKA,AWAM,KLINIK,KLINIK DESA
21-15010010,KD LAJAU,"JALAN POHON BATU, WILAYAH PERSEKUTUAN LABUAN",87018,WILAYAH PERSEKUTUAN LABUAN,LABUAN,BUKA,AWAM,KLINIK,KLINIK DESA
21-15010011,KD LAYANG-LAYANG,"JALAN TAMAN DAMAI, LAYANG-LAYANGAN, WILAYAH PERSEKUTUAN LABUAN",87018,WILAYAH PERSEKUTUAN LABUAN,LABUAN,BUKA,AWAM,KLINIK,KLINIK DESA
21-15010012,KD LUBOK TEMIANG,"JALAN LUBOK TEMIANG, WILAYAH PERSEKUTUAN LABUAN",87018,WILAYAH PERSEKUTUAN LABUAN,LABUAN,BUKA,AWAM,KLINIK,KLINIK DESA
21-15010013,KD RANCA-RANCA,"JALAN RANCHA-RANCHA LAMA, WILAYAH PERSEKUTUAN LABUAN",87018,WILAYAH PERSEKUTUAN LABUAN,LABUAN,BUKA,AWAM,KLINIK,KLINIK DESA
21-15010014,KD SUNGAI KELING,"JALAN RANCHA-RANCHA, WILAYAH PERSEKUTUAN LABUAN",87018,WILAYAH PERSEKUTUAN LABUAN,LABUAN,BUKA,AWAM,KLINIK,KLINIK DESA
21-15010015,KD SUNGAI LADA,"JALAN SUNGAI LADA, WILAYAH PERSEKUTUAN LABUAN",87018,WILAYAH PERSEKUTUAN LABUAN,LABUAN,BUKA,AWAM,KLINIK,KLINIK DESA
21-15010016,KD TANJUNG ARU,"JALAN TANJUNG ARU, WILAYAH PERSEKUTUAN LABUAN",87018,WILAYAH PERSEKUTUAN LABUAN,LABUAN,BUKA,AWAM,KLINIK,KLINIK DESA
21-13110371,KK PANTAI DAMAI,"TINGKAT BAWAH & TINGKAT 1, LOT 7646 (SL12) & 7647 (SL13), BANDAR BARU SAMARIANG COMMERCIAL CENTRE, JALAN SULTAN TENGAH",93050,SARAWAK,KUCHING,BUKA,AWAM,KLINIK,KLINIK KESIHATAN
21-03020816,UNIT TERAPI CARA KERJA KETEREH,JALAN MELOR,16450,KELANTAN,KOTA BHARU,BUKA,AWAM,KLINIK,KLINIK KESIHATAN
21-03060817,KK BUKIT GADING,"KAMPUNG BUKIT GADING, TANAH MERAH",17500,KELANTAN,TANAH MERAH,BUKA,AWAM,KLINIK,KLINIK KESIHATAN
21-05070938,KK ROMPIN JEMPOL,"KLINIK KESIHATAN ROMPIN JEMPOL, KAMPUNG BARU ROMPIN",73500,NEGERI SEMBILAN,JEMPOL,BUKA,AWAM,KLINIK,KLINIK KESIHATAN
21-13130686,KK SEMOP,"LOT 172, BLOCK 16, BRUIT LAND DISTICT",96200,SARAWAK,DARO,BUKA,AWAM,KLINIK,KLINIK KESIHATAN
21-12061151,KK MATANGGAL,"LOT 9-10, GROUND TO FLOOR, BELURAN INDUSTRIAL ESTATE, BEG BERKUNCI NO 86, BELURAN",90107,SABAH,BELURAN,BUKA,AWAM,KLINIK,KLINIK KESIHATAN
21-01021186,KKIA GELANG PATAH,"NO. 26 JALAN SILC 1/10, KAWASAN PERINDUSTRIAN SILC, ISKANDAR PUTERI",79200,JOHOR,JOHOR BAHRU,BUKA,AWAM,KLINIK,KLINIK KESIHATAN IBU DAN ANAK
21-01021182,KK TAMAN CENDANA,"JALAN BESAR, TAMAN CENDANA",81750,JOHOR,JOHOR BAHRU,BUKA,AWAM,KLINIK,KLINIK KESIHATAN
21-01010115D,KLINIK PERGIGIAN DI KLINIK KESIHATAN YONG PENG,YONG PENG,83700,JOHOR,BATU PAHAT,BUKA,AWAM,KLINIK PERGIGIAN,KLINIK PERGIGIAN DI KLINIK KESIHATAN
21-01010112D,KLINIK PERGIGIAN DI KLINIK KESIHATAN TONGKANG PECHAH,TONGKANG PECHAH,83000,JOHOR,BATU PAHAT,BUKA,AWAM,KLINIK PERGIGIAN,KLINIK PERGIGIAN DI KLINIK KESIHATAN
21-01010102D,KLINIK PERGIGIAN DI KLINIK KESIHATAN SRI MEDAN,SERI MEDAN,83400,JOHOR,BATU PAHAT,BUKA,AWAM,KLINIK PERGIGIAN,KLINIK PERGIGIAN DI KLINIK KESIHATAN
21-01010101D,KLINIK PERGIGIAN DI KLINIK KESIHATAN SRI GADING,KAMPUNG SRI GADING,83300,JOHOR,BATU PAHAT,BUKA,AWAM,KLINIK PERGIGIAN,KLINIK PERGIGIAN DI KLINIK KESIHATAN
21-01010096D,KLINIK PERGIGIAN DI KLINIK KESIHATAN SEMERAH,"JALAN MUAR-SEMERAH, SEMERAH",83600,JOHOR,BATU PAHAT,BUKA,AWAM,KLINIK PERGIGIAN,KLINIK PERGIGIAN DI KLINIK KESIHATAN
21-01010090D,KLINIK PERGIGIAN DI KLINIK KESIHATAN PESTA,KAMPUNG KENANGAN DATO ONN,83000,JOHOR,BATU PAHAT,BUKA,AWAM,KLINIK PERGIGIAN,KLINIK PERGIGIAN DI KLINIK KESIHATAN
21-01010080D,KLINIK PERGIGIAN DI KLINIK KESIHATAN PARIT YAANI,PARIT YAANI,83710,JOHOR,BATU PAHAT,BUKA,AWAM,KLINIK PERGIGIAN,KLINIK PERGIGIAN DI KLINIK KESIHATAN
21-01010079D,KLINIK PERGIGIAN DI KLINIK KESIHATAN PARIT SULONG,PARIT SULONG,83500,JOHOR,BATU PAHAT,BUKA,AWAM,KLINIK PERGIGIAN,KLINIK PERGIGIAN DI KLINIK KESIHATAN
21-01010078D,KLINIK PERGIGIAN DI KLINIK KESIHATAN SRI MERLONG,PARIT SRI MERLONG,83100,JOHOR,BATU PAHAT,BUKA,AWAM,KLINIK PERGIGIAN,KLINIK PERGIGIAN DI KLINIK KESIHATAN
21-01010077D,KLINIK PERGIGIAN DI KLINIK KESIHATAN PARIT RAJA,"JALAN AYER HITAM, PARIT RAJA",86400,JOHOR,BATU PAHAT,BUKA,AWAM,KLINIK PERGIGIAN,KLINIK PERGIGIAN DI KLINIK KESIHATAN
21-01010039D,KLINIK PERGIGIAN DI KLINIK KESIHATAN BATU PAHAT,JALAN KLUANG,83000,JOHOR,BATU PAHAT,BUKA,AWAM,KLINIK PERGIGIAN,KLINIK PERGIGIAN DI KLINIK KESIHATAN
21-01010030D,KLINIK PERGIGIAN DI KLINIK KESIHATAN BAGAN,KAMPUNG BAGAN,83000,JOHOR,BATU PAHAT,BUKA,AWAM,KLINIK PERGIGIAN,KLINIK PERGIGIAN DI KLINIK KESIHATAN
21-01010029D,KLINIK PERGIGIAN DI KLINIK KESIHATAN AYER HITAM,JALAN AIR HITAM,86100,JOHOR,BATU PAHAT,BUKA,AWAM,KLINIK PERGIGIAN,KLINIK PERGIGIAN DI KLINIK KESIHATAN
21-01010690,KLINIK PERGIGIAN SEKOLAH D/A SEKOLAH KEBANGSAAN YONG PENG,"NO 1, JALAN SEKOLAH CINA, YONG PENG",83700,JOHOR,BATU PAHAT,BUKA,AWAM,KLINIK PERGIGIAN,KLINIK PERGIGIAN SEKOLAH RENDAH
21-01010673,KLINIK PERGIGIAN SEKOLAH D/A SEKOLAH KEBANGSAAN PINTAS PUDING,"KM 21, JALAN KLUANG, PARIT RAJA",86400,JOHOR,BATU PAHAT,BUKA,AWAM,KLINIK PERGIGIAN,KLINIK PERGIGIAN SEKOLAH RENDAH
21-01010672,KLINIK PERGIGIAN SEKOLAH D/A SEKOLAH KEBANGSAAN PESERIAN SEMERAH,"KM 101, JALAN MUAR, SEMERAH",83600,JOHOR,BATU PAHAT,BUKA,AWAM,KLINIK PERGIGIAN,KLINIK PERGIGIAN SEKOLAH RENDAH
21-01010668,KLINIK PERGIGIAN SEKOLAH D/A SEKOLAH KEBANGSAAN LIMPOON 1,JALAN LIM YEW LEONG,83000,JOHOR,BATU PAHAT,BUKA,AWAM,KLINIK PERGIGIAN,KLINIK PERGIGIAN SEKOLAH RENDAH
21-01010662,KLINIK PERGIGIAN SEKOLAH D/A SEKOLAH KEBANGSAAN CONVENT BATU PAHAT,"NO. 250, JALAN TAN SWEE HOE",83000,JOHOR,BATU PAHAT,BUKA,AWAM,KLINIK PERGIGIAN,KLINIK PERGIGIAN SEKOLAH RENDAH
21-01010659,KLINIK PERGIGIAN SEKOLAH D/A SEKOLAH KEBANGSAAN BANDAR BATU PAHAT,"JKR 32, JALAN MASJID",83000,JOHOR,BATU PAHAT,BUKA,AWAM,KLINIK PERGIGIAN,KLINIK PERGIGIAN SEKOLAH RENDAH
21-01010696,KLINIK PERGIGIAN SEKOLAH D/A SEKOLAH MENENGAH KEBANGSAAN MUNSHI SULAIMAN,"BATU. 4, JALAN KLUANG",83000,JOHOR,BATU PAHAT,BUKA,AWAM,KLINIK PERGIGIAN,KLINIK PERGIGIAN SEKOLAH MENENGAH
21-01010695,KLINIK PERGIGIAN SEKOLAH D/A SEKOLAH MENENGAH KEBANGSAAN DATUK MENTERI,AYER HITAM,86100,JOHOR,BATU PAHAT,BUKA,AWAM,KLINIK PERGIGIAN,KLINIK PERGIGIAN SEKOLAH MENENGAH
21-01010694,KLINIK PERGIGIAN SEKOLAH D/A SEKOLAH MENENGAH KEBANGSAAN DATO' ONN,SIMPANG LIMA,83000,JOHOR,BATU PAHAT,BUKA,AWAM,KLINIK PERGIGIAN,KLINIK PERGIGIAN SEKOLAH MENENGAH
21-01020435,KLINIK PERGIGIAN TAMAN UNGKU TUN AMINAH,"NO 117, JALAN PENDEKAR 2, TAMAN UNGKU TUN AMINAH",81300,JOHOR,JOHOR BAHRU,BUKA,AWAM,KLINIK PERGIGIAN,KLINIK PERGIGIAN (STANDALONE)
21-01020434,KLINIK PERGIGIAN MASAI,JALAN SEKOLAH,81750,JOHOR,JOHOR BAHRU,BUKA,AWAM,KLINIK PERGIGIAN,KLINIK PERGIGIAN (STANDALONE)
21-01021044D,KLINIK PERGIGIAN DI KLINIK KESIHATAN SKUDAI BARU,"PTD 4418, JALAN HANG LEKIR 1, TAMAN SKUDAI BARU",81300,JOHOR,JOHOR BAHRU,BUKA,AWAM,KLINIK PERGIGIAN,KLINIK PERGIGIAN DI KLINIK KESIHATAN
21-01020715D,KLINIK PERGIGIAN DI KLINIK KESIHATAN BUKIT INDAH,"JALAN INDAH 4/14, TAMAN BUKIT INDAH",81200,JOHOR,JOHOR BAHRU,BUKA,AWAM,KLINIK PERGIGIAN,KLINIK PERGIGIAN DI KLINIK KESIHATAN
21-01020429D,KLINIK PERGIGIAN DI KLINIK KESIHATAN SULTAN ISMAIL,TAMAN MOUNT AUSTIN,81100,JOHOR,JOHOR BAHRU,BUKA,AWAM,KLINIK PERGIGIAN,KLINIK PERGIGIAN DI KLINIK KESIHATAN
21-01020428D,KLINIK PERGIGIAN DI KLINIK KESIHATAN TAMAN UNIVERSITI,TAMAN UNIVERSITI,81300,JOHOR,JOHOR BAHRU,BUKA,AWAM,KLINIK PERGIGIAN,KLINIK PERGIGIAN DI KLINIK KESIHATAN
21-01020114D,KLINIK PERGIGIAN DI KLINIK KESIHATAN ULU TIRAM,ULU TIRAM,81800,JOHOR,JOHOR BAHRU,BUKA,AWAM,KLINIK PERGIGIAN,KLINIK PERGIGIAN DI KLINIK KESIHATAN
21-01020106D,KLINIK PERGIGIAN DI KLINIK KESIHATAN TEBRAU,TAMAN SERI TEBRAU,80050,JOHOR,JOHOR BAHRU,BUKA,AWAM,KLINIK PERGIGIAN,KLINIK PERGIGIAN DI KLINIK KESIHATAN
21-01020082D,KLINIK PERGIGIAN DI KLINIK KESIHATAN PASIR GUDANG,JALAN KEJIRANAN 8/1,81700,JOHOR,JOHOR BAHRU,BUKA,AWAM,KLINIK PERGIGIAN,KLINIK PERGIGIAN DI KLINIK KESIHATAN
21-01020066D,KLINIK PERGIGIAN DI KLINIK KESIHATAN LARKIN,"PTD 4999, JALAN SENTOSA",80950,JOHOR,JOHOR BAHRU,BUKA,AWAM,KLINIK PERGIGIAN,KLINIK PERGIGIAN DI KLINIK KESIHATAN
21-01020058D,KLINIK PERGIGIAN DI KLINIK KESIHATAN MAJIDEE,JALAN SEKOLAH KAMPUNG MELAYU MAJIDEE,80950,JOHOR,JOHOR BAHRU,BUKA,AWAM,KLINIK PERGIGIAN,KLINIK PERGIGIAN DI KLINIK KESIHATAN
21-01020050D,KLINIK PERGIGIAN DI KLINIK KESIHATAN GELANG PATAH,JALAN BESAR,81550,JOHOR,JOHOR BAHRU,BUKA,AWAM,KLINIK PERGIGIAN,KLINIK PERGIGIAN DI KLINIK KESIHATAN
21-01020403D,KLINIK PERGIGIAN DI KLINIK KESIHATAN IBU & ANAK JALAN ABD. SAMAD,JALAN ABDUL SAMAD,80100,JOHOR,JOHOR BAHRU,BUKA,AWAM,KLINIK PERGIGIAN,KLINIK PERGIGIAN DI KLINIK KESIHATAN IBU DAN ANAK (KKIA)
11-01021181D,KLINIK PERGIGIAN DI HOSPITAL PASIR GUDANG,"JALAN PUNCAK 1, PASIR GUDANG",81700,JOHOR,JOHOR BAHRU,BUKA,AWAM,KLINIK PERGIGIAN,KLINIK PERGIGIAN DI HOSPITAL
11-01020400D,KLINIK PERGIGIAN DI HOSPITAL SULTAN ISMAIL,"JALAN PERSIARAN MUTIARA EMAS UTAMA, TAMAN MOUNT AUSTIN",81100,JOHOR,JOHOR BAHRU,BUKA,AWAM,KLINIK PERGIGIAN,KLINIK PERGIGIAN DI HOSPITAL
11-01020020D,KLINIK PERGIGIAN DI HOSPITAL PERMAI,JALAN PERSIARAN KEMPAS BARU,81200,JOHOR,JOHOR BAHRU,BUKA,AWAM,KLINIK PERGIGIAN,KLINIK PERGIGIAN DI HOSPITAL
21-01020688,KLINIK PERGIGIAN SEKOLAH D/A SEKOLAH KEBANGSAAN ULU TIRAM,"BATU 13, JALAN SUNGAI TIRAM, ULU TIRAM",81800,JOHOR,JOHOR BAHRU,BUKA,AWAM,KLINIK PERGIGIAN,KLINIK PERGIGIAN SEKOLAH RENDAH
21-01020684,KLINIK PERGIGIAN SEKOLAH D/A SEKOLAH KEBANGSAAN TAMAN UNIVERSITI 2,"JALAN PERUBATAN 12, TAMAN UNIVERSITI, SKUDAI",81300,JOHOR,JOHOR BAHRU,BUKA,AWAM,KLINIK PERGIGIAN,KLINIK PERGIGIAN SEKOLAH RENDAH
21-01020683,KLINIK PERGIGIAN SEKOLAH D/A SEKOLAH KEBANGSAAN TAMAN UNIVERSITI 1,"JALAN PENYIARAN, TAMAN UNIVERSITI, SKUDAI",81300,JOHOR,JOHOR BAHRU,BUKA,AWAM,KLINIK PERGIGIAN,KLINIK PERGIGIAN SEKOLAH RENDAH
21-01020681,KLINIK PERGIGIAN SEKOLAH D/A SEKOLAH KEBANGSAAN (P) SULTAN IBRAHIM,JALAN ABDUL RAHMAN ANDAK,80100,JOHOR,JOHOR BAHRU,BUKA,AWAM,KLINIK PERGIGIAN,KLINIK PERGIGIAN SEKOLAH RENDAH
21-01020671,KLINIK PERGIGIAN SEKOLAH D/A SEKOLAH KEBANGSAAN TAMAN PERMAS JAYA 2,"JALAN PERMAS 3/10, TAMAN PERMAS JAYA, MASAI",81750,JOHOR,JOHOR BAHRU,BUKA,AWAM,KLINIK PERGIGIAN,KLINIK PERGIGIAN SEKOLAH RENDAH
21-01020665,KLINIK PERGIGIAN SEKOLAH D/A SEKOLAH KEBANGSAAN MOHD KHIR JOHARI,"JALAN SEKOLAH, KAMPUNG MELAYU MAJIDI",81100,JOHOR,JOHOR BAHRU,BUKA,AWAM,KLINIK PERGIGIAN,KLINIK PERGIGIAN SEKOLAH RENDAH
21-01020642,KLINIK PERGIGIAN SEKOLAH D/A SEKOLAH JENIS KEBANGSAAN (CINA) PU SZE,"BATU 10, SKUDAI",81300,JOHOR,JOHOR BAHRU,BUKA,AWAM,KLINIK PERGIGIAN,KLINIK PERGIGIAN SEKOLAH RENDAH
21-01020716,KLINIK PERGIGIAN SEKOLAH D/A SEKOLAH MENENGAH KEBANGSAAN ULU TIRAM,JALAN SUNGAI TIRAM,81800,JOHOR,JOHOR BAHRU,BUKA,AWAM,KLINIK PERGIGIAN,KLINIK PERGIGIAN SEKOLAH MENENGAH
21-01020705,KLINIK PERGIGIAN SEKOLAH D/A SEKOLAH MENENGAH KEBANGSAAN SERI ALAM 2,BANDAR SERI ALAM,81750,JOHOR,JOHOR BAHRU,BUKA,AWAM,KLINIK PERGIGIAN,KLINIK PERGIGIAN SEKOLAH MENENGAH
21-01020636,KLINIK PERGIGIAN SEKOLAH D/A SEKOLAH TUN FATIMAH,JALAN TUN ABDUL RAZAK,80000,JOHOR,JOHOR BAHRU,BUKA,AWAM,KLINIK PERGIGIAN,KLINIK PERGIGIAN SEKOLAH MENENGAH
21-01020714,KLINIK PERGIGIAN UTC PASIR GUDANG,"L1-04, KOMPLEKS PUSAT BANDAR PASIR GUDANG",81700,JOHOR,JOHOR BAHRU,BUKA,AWAM,KLINIK PERGIGIAN,KLINIK PERGIGIAN DI UTC
21-01020468D,KLINIK PERGIGIAN UTC JOHOR BAHRU,"LEVEL G, BANGUNAN GALERIA KOTARAYA, JALAN TRUS",80200,JOHOR,JOHOR BAHRU,BUKA,AWAM,KLINIK PERGIGIAN,KLINIK PERGIGIAN (STANDALONE)
21-01030458,KLINIK PERGIGIAN KLUANG,JALAN HOSPITAL,86000,JOHOR,KLUANG,BUKA,AWAM,KLINIK PERGIGIAN,KLINIK PERGIGIAN (STANDALONE)
21-01030055D,KLINIK PERGIGIAN DI KLINIK KESIHATAN KAHANG BT 22,"LOT 96, JALAN MERSING BATU 22, KAHANG",86700,JOHOR,KLUANG,BUKA,AWAM,KLINIK PERGIGIAN,KLINIK PERGIGIAN DI KLINIK KESIHATAN
21-01030052D,KLINIK PERGIGIAN DI KLINIK KESIHATAN MENGKIBOL,JALAN MENGKIBOL,86000,JOHOR,KLUANG,BUKA,AWAM,KLINIK PERGIGIAN,KLINIK PERGIGIAN DI KLINIK KESIHATAN
11-01030012D,KLINIK PERGIGIAN DI HOSPITAL ENCHE' BESAR HAJAH KHALSOM,"KM 5, JALAN KOTA TINGGI",86000,JOHOR,KLUANG,BUKA,AWAM,KLINIK PERGIGIAN,KLINIK PERGIGIAN DI HOSPITAL
21-01030686,KLINIK PERGIGIAN SEKOLAH D/A SEKOLAH KEBANGSAAN TUNKU MAHMOOD 1,"NO. 906, JALAN SEKOLAH",86000,JOHOR,KLUANG,BUKA,AWAM,KLINIK PERGIGIAN,KLINIK PERGIGIAN SEKOLAH RENDAH
21-01030675,KLINIK PERGIGIAN SEKOLAH D/A SEKOLAH KEBANGSAAN SRI INTAN,"JALAN INTAN, TAMAN INTAN",86000,JOHOR,KLUANG,BUKA,AWAM,KLINIK PERGIGIAN,KLINIK PERGIGIAN SEKOLAH RENDAH
21-01030674,KLINIK PERGIGIAN SEKOLAH D/A SEKOLAH KEBANGSAAN SIMPANG RENGGAM,JALAN RENGGAM,86200,JOHOR,KLUANG,BUKA,AWAM,KLINIK PERGIGIAN,KLINIK PERGIGIAN SEKOLAH RENDAH
21-01030664,KLINIK PERGIGIAN SEKOLAH D/A SEKOLAH KEBANGSAAN KAMPONG MELAYU,JALAN PENGHULU KASSIM,86000,JOHOR,KLUANG,BUKA,AWAM,KLINIK PERGIGIAN,KLINIK PERGIGIAN SEKOLAH RENDAH
21-01030657,KLINIK PERGIGIAN SEKOLAH D/A SEKOLAH JENIS KEBANGSAAN CINA TUAN POON,JALAN SEKOLAH,86000,JOHOR,KLUANG,BUKA,AWAM,KLINIK PERGIGIAN,KLINIK PERGIGIAN SEKOLAH RENDAH
21-01030655,KLINIK PERGIGIAN SEKOLAH D/A SEKOLAH JENIS KEBANGSAAN CINA PAI YAI,KAMPUNG PAYA KLUANG,86000,JOHOR,KLUANG,BUKA,AWAM,KLINIK PERGIGIAN,KLINIK PERGIGIAN SEKOLAH RENDAH
21-01030652,KLINIK PERGIGIAN SEKOLAH D/A SEKOLAH JENIS KEBANGSAAN CINA CHUNG HWA 1 & 2 KLUANG,"BATU. 40, JALAN ISMAIL",86000,JOHOR,KLUANG,BUKA,AWAM,KLINIK PERGIGIAN,KLINIK PERGIGIAN SEKOLAH RENDAH
21-01030651,KLINIK PERGIGIAN SEKOLAH D/A SEKOLAH JENIS KEBANGSAAN CINA CHUNG HWA 3,JALAN BALAU,86000,JOHOR,KLUANG,BUKA,AWAM,KLINIK PERGIGIAN,KLINIK PERGIGIAN SEKOLAH RENDAH
21-01030701,KLINIK PERGIGIAN SEKOLAH D/A SEKOLAH MENENGAH SAINS JOHOR,KM 1 JALAN BATU PAHAT,86000,JOHOR,KLUANG,BUKA,AWAM,KLINIK PERGIGIAN,KLINIK PERGIGIAN SEKOLAH MENENGAH
21-01030698,KLINIK PERGIGIAN SEKOLAH D/A SEKOLAH MENENGAH KEBANGSAAN TINGGI KLUANG,"NO. 429, JALAN SEKOLAH",86000,JOHOR,KLUANG,BUKA,AWAM,KLINIK PERGIGIAN,KLINIK PERGIGIAN SEKOLAH MENENGAH
21-01030693,KLINIK PERGIGIAN SEKOLAH D/A SEKOLAH MENENGAH KEBANGSAAN DATO' ABD. RAHMAN ANDAK,"JALAN PARIT HJ.HASHIM, SIMPANG RENGGAM",86000,JOHOR,KLUANG,BUKA,AWAM,KLINIK PERGIGIAN,KLINIK PERGIGIAN SEKOLAH MENENGAH
21-01030702,PUSAT PERGIGIAN SEKOLAH D/A SEKOLAH MENENGAH TENGKU ARIS BENDAHARA,"BATU. 3, JALAN MERSING",86000,JOHOR,KLUANG,BUKA,AWAM,KLINIK PERGIGIAN,KLINIK PERGIGIAN SEKOLAH (PUSAT PERGIGIAN SEKOLAH)
21-01040407,KLINIK PERGIGIAN KOTA TINGGI,JALAN TUN HABAB,81900,JOHOR,KOTA TINGGI,BUKA,AWAM,KLINIK PERGIGIAN,KLINIK PERGIGIAN (STANDALONE)
21-01040109D,KLINIK PERGIGIAN DI KLINIK KESIHATAN TANJONG SEDILI,JALAN DATO USMAN AWANG TANJONG SEDILI,81900,JOHOR,KOTA TINGGI,BUKA,AWAM,KLINIK PERGIGIAN,KLINIK PERGIGIAN DI KLINIK KESIHATAN
21-01040105D,KLINIK PERGIGIAN DI KLINIK KESIHATAN SUNGAI RENGIT,SUNGAI RENGIT,81900,JOHOR,KOTA TINGGI,BUKA,AWAM,KLINIK PERGIGIAN,KLINIK PERGIGIAN DI KLINIK KESIHATAN
21-01040098D,KLINIK PERGIGIAN DI KLINIK KESIHATAN SENING,FELDA SENING,81900,JOHOR,KOTA TINGGI,BUKA,AWAM,KLINIK PERGIGIAN,KLINIK PERGIGIAN DI KLINIK KESIHATAN
21-01040069D,KLINIK PERGIGIAN DI KLINIK KESIHATAN LOK HENG,FELDA LOK HENG,81900,JOHOR,KOTA TINGGI,BUKA,AWAM,KLINIK PERGIGIAN,KLINIK PERGIGIAN DI KLINIK KESIHATAN
21-01040046D,KLINIK PERGIGIAN DI KLINIK KESIHATAN BUKIT WAHA,"PTD 206, JALAN PEMBANGUNAN, BANDAR PENAWAR",81900,JOHOR,KOTA TINGGI,BUKA,AWAM,KLINIK PERGIGIAN,KLINIK PERGIGIAN DI KLINIK KESIHATAN
21-01040042D,KLINIK PERGIGIAN DI KLINIK KESIHATAN BUKIT BESAR,"FELDA BUKIT BESAR, JALAN DEPAN SEKOLAH",81900,JOHOR,KOTA TINGGI,BUKA,AWAM,KLINIK PERGIGIAN,KLINIK PERGIGIAN DI KLINIK KESIHATAN
21-01040036D,KLINIK PERGIGIAN DI KLINIK KESIHATAN BANDAR TENGGARA,BANDAR TENGGARA,81900,JOHOR,KOTA TINGGI,BUKA,AWAM,KLINIK PERGIGIAN,KLINIK PERGIGIAN DI KLINIK KESIHATAN
21-01040034D,KLINIK PERGIGIAN DI KLINIK KESIHATAN BANDAR PENAWAR,"LOT 758, JALAN AR-RAUDAH",81900,JOHOR,KOTA TINGGI,BUKA,AWAM,KLINIK PERGIGIAN,KLINIK PERGIGIAN DI KLINIK KESIHATAN
21-01040033D,KLINIK PERGIGIAN DI KLINIK KESIHATAN BANDAR MAS,"LOT 496, JALAN TUN HABAB",81900,JOHOR,KOTA TINGGI,BUKA,AWAM,KLINIK PERGIGIAN,KLINIK PERGIGIAN DI KLINIK KESIHATAN
21-01040027D,KLINIK PERGIGIAN DI KLINIK KESIHATAN AIR TAWAR 2,"LOT 1046, JALAN PASAR, SUNGAI RENGIT, FELDA AIR TAWAR 2",81900,JOHOR,KOTA TINGGI,BUKA,AWAM,KLINIK PERGIGIAN,KLINIK PERGIGIAN DI KLINIK KESIHATAN
21-01040635,KLINIK PERGIGIAN SEKOLAH D/A SEKOLAH KEBANGSAAN LAKSAMANA,"JALAN BUNGA RAYA, KOTA KECIL",81900,JOHOR,KOTA TINGGI,BUKA,AWAM,KLINIK PERGIGIAN,KLINIK PERGIGIAN SEKOLAH RENDAH
21-01040629,KLINIK PERGIGIAN SEKOLAH D/A SEKOLAH JENIS KEBANGSAAN (CINA) PEI HWA,PETI SURAT 34,81907,JOHOR,KOTA TINGGI,BUKA,AWAM,KLINIK PERGIGIAN,KLINIK PERGIGIAN SEKOLAH RENDAH
21-01040699,KLINIK PERGIGIAN SEKOLAH D/A SEKOLAH MENENGAH KEBANGSAAN TUN HABAB,JALAN TAJUL,81900,JOHOR,KOTA TINGGI,BUKA,AWAM,KLINIK PERGIGIAN,KLINIK PERGIGIAN SEKOLAH MENENGAH
21-01090402D,KLINIK PERGIGIAN DI KLINIK KESIHATAN KULAI,"LOT 5264, JALAN PEJABAT KERAJAAN",81000,JOHOR,KULAI,BUKA,AWAM,KLINIK PERGIGIAN,KLINIK PERGIGIAN DI KLINIK KESIHATAN
21-01090063D,KLINIK PERGIGIAN DI KLINIK KESIHATAN KULAI BESAR,"LOT 6221, BATU 19, JALAN AIR HITAM",81000,JOHOR,KULAI,BUKA,AWAM,KLINIK PERGIGIAN,KLINIK PERGIGIAN DI KLINIK KESIHATAN
21-01090666,KLINIK PERGIGIAN SEKOLAH D/A SEKOLAH KEBANGSAAN KULAI 1,JALAN PEJABAT KERAJAAN,81000,JOHOR,KULAI,BUKA,AWAM,KLINIK PERGIGIAN,KLINIK PERGIGIAN SEKOLAH RENDAH
21-01090697,KLINIK PERGIGIAN SEKOLAH D/A SEKOLAH MENENGAH KEBANGSAAN SULTAN IBRAHIM,JALAN LENGKONGAN,81000,JOHOR,KULAI,BUKA,AWAM,KLINIK PERGIGIAN,KLINIK PERGIGIAN SEKOLAH MENENGAH
21-01050110D,KLINIK PERGIGIAN DI KLINIK KESIHATAN TENGGAROH 02,FELDA TENGGAROH 2,86810,JOHOR,MERSING,BUKA,AWAM,KLINIK PERGIGIAN,KLINIK PERGIGIAN DI KLINIK KESIHATAN
21-01050049D,KLINIK PERGIGIAN DI KLINIK KESIHATAN ENDAU,"LOT 427, JALAN SEKOLAH, ENDAU",86800,JOHOR,MERSING,BUKA,AWAM,KLINIK PERGIGIAN,KLINIK PERGIGIAN DI KLINIK KESIHATAN
11-01050014D,KLINIK PERGIGIAN DI HOSPITAL MERSING,JALAN ISMAIL,86800,JOHOR,MERSING,BUKA,AWAM,KLINIK PERGIGIAN,KLINIK PERGIGIAN DI HOSPITAL
21-01050687,KLINIK PERGIGIAN SEKOLAH D/A SEKOLAH KEBANGSAAN TERIANG,"JKR 655P, JALAN PENYABONG, KAMPUNG TERIANG BESAR, ENDAU",86900,JOHOR,MERSING,BUKA,AWAM,KLINIK PERGIGIAN,KLINIK PERGIGIAN SEKOLAH RENDAH
21-01050678,KLINIK PERGIGIAN SEKOLAH D/A SEKOLAH KEBANGSAAN SRI MERSING,JALAN MAHKOTA,86800,JOHOR,MERSING,BUKA,AWAM,KLINIK PERGIGIAN,KLINIK PERGIGIAN SEKOLAH RENDAH
21-01050660,KLINIK PERGIGIAN SEKOLAH D/A SEKOLAH KEBANGSAAN BANDAR MERSING,"NO. 288, JALAN AMINAH",86800,JOHOR,MERSING,BUKA,AWAM,KLINIK PERGIGIAN,KLINIK PERGIGIAN SEKOLAH RENDAH
21-01050654,KLINIK PERGIGIAN SEKOLAH D/A SEKOLAH JENIS KEBANGSAAN (CINA) PAI CHEE,"NO. 52, JALAN ISMAIL",86800,JOHOR,MERSING,BUKA,AWAM,KLINIK PERGIGIAN,KLINIK PERGIGIAN SEKOLAH RENDAH
21-01050692,KLINIK PERGIGIAN SEKOLAH D/A SEKOLAH MENENGAH KEBANGSAAN MERSING,"KM 3, JALAN ENDAU",86800,JOHOR,MERSING,BUKA,AWAM,KLINIK PERGIGIAN,KLINIK PERGIGIAN SEKOLAH MENENGAH
21-01050691,KLINIK PERGIGIAN SEKOLAH D/A SEKOLAH MENENGAH KEBANGSAAN ANJUNG BATU,"KM 2, JALAN JEMALUANG",86800,JOHOR,MERSING,BUKA,AWAM,KLINIK PERGIGIAN,KLINIK PERGIGIAN SEKOLAH MENENGAH
21-01060436,KLINIK PAKAR PERGIGIAN ORTODONTIK,JALAN MERIAM,84000,JOHOR,MUAR,BUKA,AWAM,KLINIK PERGIGIAN,KLINIK PERGIGIAN (STANDALONE)
21-01060081D,KLINIK PERGIGIAN DI KLINIK KESIHATAN PARIT YUSOF,PARIT YUSOF,83600,JOHOR,MUAR,BUKA,AWAM,KLINIK PERGIGIAN,KLINIK PERGIGIAN DI KLINIK KESIHATAN
21-01060076D,KLINIK PERGIGIAN DI KLINIK KESIHATAN PARIT JAWA,"JALAN TEMENGGUNG AHMAD, PARIT JAWA",84150,JOHOR,MUAR,BUKA,AWAM,KLINIK PERGIGIAN,KLINIK PERGIGIAN DI KLINIK KESIHATAN
21-01060074D,KLINIK PERGIGIAN DI KLINIK KESIHATAN PARIT BAKAR,PARIT BAKAR,84000,JOHOR,MUAR,BUKA,AWAM,KLINIK PERGIGIAN,KLINIK PERGIGIAN DI KLINIK KESIHATAN
21-01060072D,KLINIK PERGIGIAN DI KLINIK KESIHATAN PAGOH,"JALAN MUAR-PAGOH, PAGOH",84600,JOHOR,MUAR,BUKA,AWAM,KLINIK PERGIGIAN,KLINIK PERGIGIAN DI KLINIK KESIHATAN
21-01060068D,KLINIK PERGIGIAN DI KLINIK KESIHATAN LENGA,"BATU 29, LENGA",84040,JOHOR,MUAR,BUKA,AWAM,KLINIK PERGIGIAN,KLINIK PERGIGIAN DI KLINIK KESIHATAN
21-01060057D,KLINIK PERGIGIAN DI KLINIK KESIHATAN MUAR,BYPASS OFF JALAN DATO' HAJI KOSAI,84000,JOHOR,MUAR,BUKA,AWAM,KLINIK PERGIGIAN,KLINIK PERGIGIAN DI KLINIK KESIHATAN
21-01060044D,KLINIK PERGIGIAN DI KLINIK KESIHATAN BUKIT PASIR,"NO. 264-5, JALAN KENANGAN 1, TMN TUN DR ISMAIL",84000,JOHOR,MUAR,BUKA,AWAM,KLINIK PERGIGIAN,KLINIK PERGIGIAN DI KLINIK KESIHATAN
21-01060037D,KLINIK PERGIGIAN DI KLINIK KESIHATAN AIR HITAM,BATU 27,84060,JOHOR,MUAR,BUKA,AWAM,KLINIK PERGIGIAN,KLINIK PERGIGIAN DI KLINIK KESIHATAN
21-01060032D,KLINIK PERGIGIAN DI KLINIK KESIHATAN BANDAR MAHARANI,JALAN SALLEH,84000,JOHOR,MUAR,BUKA,AWAM,KLINIK PERGIGIAN,KLINIK PERGIGIAN DI KLINIK KESIHATAN
21-01060031D,KLINIK PERGIGIAN DI KLINIK KESIHATAN BAKRI,"JALAN BATU NAMPAK, BAKRI",84200,JOHOR,MUAR,BUKA,AWAM,KLINIK PERGIGIAN,KLINIK PERGIGIAN DI KLINIK KESIHATAN
11-01060015D,KLINIK PERGIGIAN DI HOSPITAL PAKAR SULTANAH FATIMAH,JALAN SALLEH,84000,JOHOR,MUAR,BUKA,AWAM,KLINIK PERGIGIAN,KLINIK PERGIGIAN DI HOSPITAL
21-01060682,KLINIK PERGIGIAN SEKOLAH D/A SEKOLAH KEBANGSAAN ISMAIL SATU,"JKR 1009, JALAN TUNKU BENDAHARA",84000,JOHOR,MUAR,BUKA,AWAM,KLINIK PERGIGIAN,KLINIK PERGIGIAN SEKOLAH RENDAH
21-01060680,KLINIK PERGIGIAN SEKOLAH D/A SEKOLAH KEBANGSAAN SULTAN ABU BAKAR 2,JALAN JUNID,84000,JOHOR,MUAR,BUKA,AWAM,KLINIK PERGIGIAN,KLINIK PERGIGIAN SEKOLAH RENDAH
21-01060658,KLINIK PERGIGIAN SEKOLAH D/A SEKOLAH KEBANGSAAN BAKRI BATU 2,"JALAN HJ. ABDULLAH, SUNGAI ABONG",84100,JOHOR,MUAR,BUKA,AWAM,KLINIK PERGIGIAN,KLINIK PERGIGIAN SEKOLAH RENDAH
21-01060646,KLINIK PERGIGIAN SEKOLAH D/A SEKOLAH JENIS KEBANGSAAN (C) PU NAN,BUKIT BAKRI,84200,JOHOR,MUAR,BUKA,AWAM,KLINIK PERGIGIAN,KLINIK PERGIGIAN SEKOLAH RENDAH
21-01060645,KLINIK PERGIGIAN SEKOLAH D/A SEKOLAH JENIS KEBANGSAAN (C) CHUNG HWA PRESBYTERIAN,"NO. 78, JALAN HASHIM",84000,JOHOR,MUAR,BUKA,AWAM,KLINIK PERGIGIAN,KLINIK PERGIGIAN SEKOLAH RENDAH
21-01060644,KLINIK PERGIGIAN SEKOLAH D/A SEKOLAH JENIS KEBANGSAAN (C) CHUNG HWA 2A,"NO. 10, JALAN BAKRI",84000,JOHOR,MUAR,BUKA,AWAM,KLINIK PERGIGIAN,KLINIK PERGIGIAN SEKOLAH RENDAH
21-01060643,KLINIK PERGIGIAN SEKOLAH D/A SEKOLAH JENIS KEBANGSAAN (C) CHUNG HWA 1A,"NO. 181, JALAN SAYANG",84000,JOHOR,MUAR,BUKA,AWAM,KLINIK PERGIGIAN,KLINIK PERGIGIAN SEKOLAH RENDAH
21-01060626,KLINIK PERGIGIAN SEKOLAH D/A SEKOLAH KEBANGSAAN CONVENT,"NO 100, JALAN DAUD",84000,JOHOR,MUAR,BUKA,AWAM,KLINIK PERGIGIAN,KLINIK PERGIGIAN SEKOLAH RENDAH
21-01060706,KLINIK PERGIGIAN SEKOLAH D/A SEKOLAH MENENGAH KEBANGSAAN TENGKU MAHKOTA,"KM 5, PARIT RAJA, JALAN TEMENGGONG AHMAD",84000,JOHOR,MUAR,BUKA,AWAM,KLINIK PERGIGIAN,KLINIK PERGIGIAN SEKOLAH MENENGAH
21-01070437,KLINIK PERGIGIAN PONTIAN,"D/A HOSPITAL PONTIAN, JALAN ALSAGOFF",82000,JOHOR,PONTIAN,BUKA,AWAM,KLINIK PERGIGIAN,KLINIK PERGIGIAN (STANDALONE)
21-01070099D,KLINIK PERGIGIAN DI KLINIK KESIHATAN SERKAT,JALAN SERKAT,82300,JOHOR,PONTIAN,BUKA,AWAM,KLINIK PERGIGIAN,KLINIK PERGIGIAN DI KLINIK KESIHATAN
21-01070091D,KLINIK PERGIGIAN DI KLINIK KESIHATAN PONTIAN,JALAN ALSAGOFF,82000,JOHOR,PONTIAN,BUKA,AWAM,KLINIK PERGIGIAN,KLINIK PERGIGIAN DI KLINIK KESIHATAN
21-01070086D,KLINIK PERGIGIAN DI KLINIK KESIHATAN PENEROK,JALAN KUKUP,82300,JOHOR,PONTIAN,BUKA,AWAM,KLINIK PERGIGIAN,KLINIK PERGIGIAN DI KLINIK KESIHATAN
21-01070085D,KLINIK PERGIGIAN DI KLINIK KESIHATAN PEKAN NANAS,"JALAN PEKAN NENAS, PEKAN NANAS",81500,JOHOR,PONTIAN,BUKA,AWAM,KLINIK PERGIGIAN,KLINIK PERGIGIAN DI KLINIK KESIHATAN
21-01070075D,KLINIK PERGIGIAN DI KLINIK KESIHATAN PARIT ISMAIL,JALAN PARIT ISMAIL,82200,JOHOR,PONTIAN,BUKA,AWAM,KLINIK PERGIGIAN,KLINIK PERGIGIAN DI KLINIK KESIHATAN
21-01070059D,KLINIK PERGIGIAN DI KLINIK KESIHATAN KAYU ARA PASONG,KAMPUNG KAYU ARA PASONG,82010,JOHOR,PONTIAN,BUKA,AWAM,KLINIK PERGIGIAN,KLINIK PERGIGIAN DI KLINIK KESIHATAN
21-01070041D,KLINIK PERGIGIAN DI KLINIK KESIHATAN BENUT,JALAN JAFAR,82200,JOHOR,PONTIAN,BUKA,AWAM,KLINIK PERGIGIAN,KLINIK PERGIGIAN DI KLINIK KESIHATAN
21-01070028D,KLINIK PERGIGIAN DI KLINIK KESIHATAN AYER BALOI,JALAN AYER BALOI,82100,JOHOR,PONTIAN,BUKA,AWAM,KLINIK PERGIGIAN,KLINIK PERGIGIAN DI KLINIK KESIHATAN
21-01070685,KLINIK PERGIGIAN SEKOLAH D/A SEKOLAH KEBANGSAAN TENGKU MAHMOOD ISKANDAR 2,JALAN ALSAGOFF,82000,JOHOR,PONTIAN,BUKA,AWAM,KLINIK PERGIGIAN,KLINIK PERGIGIAN SEKOLAH RENDAH
21-01070676,KLINIK PERGIGIAN SEKOLAH D/A SEKOLAH KEBANGSAAN SRI KEMBAR,JALAN PARIT ISMAIL BENUT,82200,JOHOR,PONTIAN,BUKA,AWAM,KLINIK PERGIGIAN,KLINIK PERGIGIAN SEKOLAH RENDAH
21-01070713,KLINIK PERGIGIAN SEKOLAH D/A SEKOLAH MENENGAH KEBANGSAAN BENUT,JALAN JAAFAR BENUT,82200,JOHOR,PONTIAN,BUKA,AWAM,KLINIK PERGIGIAN,KLINIK PERGIGIAN SEKOLAH MENENGAH
21-01080240D,KLINIK PERGIGIAN DI KLINIK KESIHATAN PALONG TIMUR,"FELDA PALONG TIMUR, BATU ANAM",85100,JOHOR,SEGAMAT,BUKA,AWAM,KLINIK PERGIGIAN,KLINIK PERGIGIAN DI KLINIK KESIHATAN
21-01080095D,KLINIK PERGIGIAN DI KLINIK KESIHATAN SEGAMAT,JALAN MUAR,85000,JOHOR,SEGAMAT,BUKA,AWAM,KLINIK PERGIGIAN,KLINIK PERGIGIAN DI KLINIK KESIHATAN
21-01080087D,KLINIK PERGIGIAN DI KLINIK KESIHATAN PEMANIS,"FELDA PEMANIS, 85 JALAN TASIK ALAI BULUH KASAP, PEMANIS",85009,JOHOR,SEGAMAT,BUKA,AWAM,KLINIK PERGIGIAN,KLINIK PERGIGIAN DI KLINIK KESIHATAN
21-01080084D,KLINIK PERGIGIAN DI KLINIK KESIHATAN PEKAN AIR PANAS,PEKAN AIR PANAS,85300,JOHOR,SEGAMAT,BUKA,AWAM,KLINIK PERGIGIAN,KLINIK PERGIGIAN DI KLINIK KESIHATAN
21-01080054D,KLINIK PERGIGIAN DI KLINIK KESIHATAN JEMENTAH,"PEKAN JEMENTAH, JEMENTAH",85200,JOHOR,SEGAMAT,BUKA,AWAM,KLINIK PERGIGIAN,KLINIK PERGIGIAN DI KLINIK KESIHATAN
21-01080048D,KLINIK PERGIGIAN DI KLINIK KESIHATAN CHAAH,PEKAN CHAAH,85400,JOHOR,SEGAMAT,BUKA,AWAM,KLINIK PERGIGIAN,KLINIK PERGIGIAN DI KLINIK KESIHATAN
21-01080047D,KLINIK PERGIGIAN DI KLINIK KESIHATAN BULOH KASAP,JALAN TASEK ALAI BULOH KASAP,85000,JOHOR,SEGAMAT,BUKA,AWAM,KLINIK PERGIGIAN,KLINIK PERGIGIAN DI KLINIK KESIHATAN
21-01080040D,KLINIK PERGIGIAN DI KLINIK KESIHATAN BEKOK,JALAN GUNUNG MUKIM BEKOK,86500,JOHOR,SEGAMAT,BUKA,AWAM,KLINIK PERGIGIAN,KLINIK PERGIGIAN DI KLINIK KESIHATAN
21-01080035D,KLINIK PERGIGIAN DI KLINIK KESIHATAN BANDAR PUTRA,"JALAN GENUANG, BANDAR PUTRA",85000,JOHOR,SEGAMAT,BUKA,AWAM,KLINIK PERGIGIAN,KLINIK PERGIGIAN DI KLINIK KESIHATAN
11-01080017D,KLINIK PERGIGIAN DI HOSPITAL SEGAMAT,JALAN GENUANG,85000,JOHOR,SEGAMAT,BUKA,AWAM,KLINIK PERGIGIAN,KLINIK PERGIGIAN DI HOSPITAL
21-01080677,KLINIK PERGIGIAN SEKOLAH D/A SEKOLAH KEBANGSAAN SRI LABIS,JKR 1421 JALAN MUAR,85300,JOHOR,SEGAMAT,BUKA,AWAM,KLINIK PERGIGIAN,KLINIK PERGIGIAN SEKOLAH RENDAH
21-01080653,KLINIK PERGIGIAN SEKOLAH D/A SEKOLAH JENIS KEBANGSAAN (CINA) LI CHI,KAMPUNG ABDULLAH,85000,JOHOR,SEGAMAT,BUKA,AWAM,KLINIK PERGIGIAN,KLINIK PERGIGIAN SEKOLAH RENDAH
21-01080631,KLINIK PERGIGIAN SEKOLAH D/A SEKOLAH JENIS KEBANGSAAN (CINA) BUKIT SIPUT,JALAN ABDUL HAMID BUKIT SIPUT,85200,JOHOR,SEGAMAT,BUKA,AWAM,KLINIK PERGIGIAN,KLINIK PERGIGIAN SEKOLAH RENDAH
21-01080637,KLINIK PERGIGIAN SEKOLAH D/A SEKOLAH MENENGAH KEBANGSAAN SEG HWA,JALAN TAHANG RIMAU,85000,JOHOR,SEGAMAT,BUKA,AWAM,KLINIK PERGIGIAN,KLINIK PERGIGIAN SEKOLAH MENENGAH
21-01100455,KLINIK PERGIGIAN TANGKAK,JALAN HOSPITAL,84900,JOHOR,TANGKAK,BUKA,AWAM,KLINIK PERGIGIAN,KLINIK PERGIGIAN (STANDALONE)
21-01100104D,KLINIK PERGIGIAN DI KLINIK KESIHATAN SUNGAI MATI,"LOT 1052, SUNGAI MATI",84400,JOHOR,TANGKAK,BUKA,AWAM,KLINIK PERGIGIAN,KLINIK PERGIGIAN DI KLINIK KESIHATAN
21-01100094D,KLINIK PERGIGIAN DI KLINIK KESIHATAN SAGIL,"PT 8814, JALAN SEGAMAT, SAGIL",84900,JOHOR,TANGKAK,BUKA,AWAM,KLINIK PERGIGIAN,KLINIK PERGIGIAN DI KLINIK KESIHATAN
21-01100083D,KLINIK PERGIGIAN DI KLINIK KESIHATAN PAYAMAS,"PT 1405, JALAN PAYAMAS",84900,JOHOR,TANGKAK,BUKA,AWAM,KLINIK PERGIGIAN,KLINIK PERGIGIAN DI KLINIK KESIHATAN
21-01100051D,KLINIK PERGIGIAN DI KLINIK KESIHATAN GERSIK,"PTD 7800, GERSIK",84800,JOHOR,TANGKAK,BUKA,AWAM,KLINIK PERGIGIAN,KLINIK PERGIGIAN DI KLINIK KESIHATAN
21-01100045D,KLINIK PERGIGIAN DI KLINIK KESIHATAN BUKIT SERAMPANG,LOT 4470,85200,JOHOR,TANGKAK,BUKA,AWAM,KLINIK PERGIGIAN,KLINIK PERGIGIAN DI KLINIK KESIHATAN
21-01100043D,KLINIK PERGIGIAN DI KLINIK KESIHATAN BUKIT GAMBIR,"LOT 11961, BUKIT GAMBIR",84000,JOHOR,TANGKAK,BUKA,AWAM,KLINIK PERGIGIAN,KLINIK PERGIGIAN DI KLINIK KESIHATAN
21-01100650,KLINIK PERGIGIAN SEKOLAH D/A SEKOLAH JENIS KEBANGSAAN (CINA) CHI MING 1,JALAN ONG SIONG,84900,JOHOR,TANGKAK,BUKA,AWAM,KLINIK PERGIGIAN,KLINIK PERGIGIAN SEKOLAH RENDAH
21-01100700,PUSAT PERGIGIAN SEKOLAH D/A SEKOLAH MENENGAH KEBANGSAAN LEDANG,JALAN SIALANG,84900,JOHOR,TANGKAK,BUKA,AWAM,KLINIK PERGIGIAN,KLINIK PERGIGIAN SEKOLAH (PUSAT PERGIGIAN SEKOLAH)
21-02010333,KLINIK PERGIGIAN BALING,JALAN WENG,09100,KEDAH,BALING,BUKA,AWAM,KLINIK PERGIGIAN,KLINIK PERGIGIAN (STANDALONE)
21-02010055D,KLINIK PERGIGIAN DI KLINIK KESIHATAN KUALA KETIL,KUALA KETIL,09300,KEDAH,BALING,BUKA,AWAM,KLINIK PERGIGIAN,KLINIK PERGIGIAN DI KLINIK KESIHATAN
21-02010424,KLINIK PERGIGIAN SEKOLAH D/A SEKOLAH KEBANGSAAN TUNKU PUTERA,JALAN PEGAWAI,09100,KEDAH,BALING,BUKA,AWAM,KLINIK PERGIGIAN,KLINIK PERGIGIAN SEKOLAH RENDAH
21-02010454,KLINIK PERGIGIAN SEKOLAH D/A SEKOLAH MENENGAH KEBANGSAAN TUNKU PUTERA,JALAN BALING,09100,KEDAH,BALING,BUKA,AWAM,KLINIK PERGIGIAN,KLINIK PERGIGIAN SEKOLAH MENENGAH
21-02010447,KLINIK PERGIGIAN SEKOLAH D/A SEKOLAH MENENGAH KUALA KETIL,BATU PEKAKA,09100,KEDAH,BALING,BUKA,AWAM,KLINIK PERGIGIAN,KLINIK PERGIGIAN SEKOLAH MENENGAH
21-02020074D,KLINIK PERGIGIAN DI KLINIK KESIHATAN SERDANG,JALAN PECAH BATU,09900,KEDAH,BANDAR BAHARU,BUKA,AWAM,KLINIK PERGIGIAN,KLINIK PERGIGIAN DI KLINIK KESIHATAN
21-02020034D,KLINIK PERGIGIAN DI KLINIK KESIHATAN BANDAR BAHARU,JALAN BAGAN SAMAK,34950,KEDAH,BANDAR BAHARU,BUKA,AWAM,KLINIK PERGIGIAN,KLINIK PERGIGIAN DI KLINIK KESIHATAN
21-02020449,KLINIK PERGIGIAN SEKOLAH D/A SEKOLAH MENENGAH KEBANGSAAN SERDANG,JALAN SELAMA,09800,KEDAH,BANDAR BAHARU,BUKA,AWAM,KLINIK PERGIGIAN,KLINIK PERGIGIAN SEKOLAH MENENGAH
21-02030492,KLINIK PAKAR PERGIGIAN KOTA SETAR,"LOT 894, LEBUHRAYA DARULAMAN",05100,KEDAH,KOTA SETAR,BUKA,AWAM,KLINIK PERGIGIAN,KLINIK PERGIGIAN (STANDALONE)
21-02030345D,KLINIK PERGIGIAN DI KLINIK KESIHATAN DATO' KUMBAR,JALAN DATUK KUMBAR,05300,KEDAH,KOTA SETAR,BUKA,AWAM,KLINIK PERGIGIAN,KLINIK PERGIGIAN DI KLINIK KESIHATAN
21-02030076D,KLINIK PERGIGIAN DI KLINIK KESIHATAN SIMPANG KUALA,JALAN KUALA KEDAH,05400,KEDAH,KOTA SETAR,BUKA,AWAM,KLINIK PERGIGIAN,KLINIK PERGIGIAN DI KLINIK KESIHATAN
21-02030075D,KLINIK PERGIGIAN DI KLINIK KESIHATAN SIMPANG EMPAT,"SIMPANG 4 , MUKIM KANGKONG",06600,KEDAH,KOTA SETAR,BUKA,AWAM,KLINIK PERGIGIAN,KLINIK PERGIGIAN DI KLINIK KESIHATAN
21-02030060D,KLINIK PERGIGIAN DI KLINIK KESIHATAN LANGGAR,JALAN LANGGAR,06500,KEDAH,KOTA SETAR,BUKA,AWAM,KLINIK PERGIGIAN,KLINIK PERGIGIAN DI KLINIK KESIHATAN
21-02030054D,KLINIK PERGIGIAN DI KLINIK KESIHATAN KUALA KEDAH,"JALAN KUALA KEDAH, BATU 6",06600,KEDAH,KOTA SETAR,BUKA,AWAM,KLINIK PERGIGIAN,KLINIK PERGIGIAN DI KLINIK KESIHATAN
21-02030032D,KLINIK PERGIGIAN DI KLINIK KESIHATAN BANDAR ALOR SETAR,LEBUHRAYA DARULAMAN,05100,KEDAH,KOTA SETAR,BUKA,AWAM,KLINIK PERGIGIAN,KLINIK PERGIGIAN DI KLINIK KESIHATAN
11-02030085D,KLINIK PERGIGIAN DI HOSPITAL SULTANAH BAHIYAH,"KM 6, JALAN LANGGAR",05460,KEDAH,KOTA SETAR,BUKA,AWAM,KLINIK PERGIGIAN,KLINIK PERGIGIAN DI HOSPITAL
21-02030484,KLINIK PERGIGIAN SEKOLAH D/A SEKOLAH JENIS KEBANGSAAN (CINA)KEAT HWA (S),"KAMPUNG BARU, JALAN ISTANA LAMA",05000,KEDAH,KOTA SETAR,BUKA,AWAM,KLINIK PERGIGIAN,KLINIK PERGIGIAN SEKOLAH RENDAH
21-02030483,KLINIK PERGIGIAN SEKOLAH D/A SEKOLAH JENIS KEBANGSAAN (CINA) KEAT HWA (H),JALAN KAMPUNG PERAK,05100,KEDAH,KOTA SETAR,BUKA,AWAM,KLINIK PERGIGIAN,KLINIK PERGIGIAN SEKOLAH RENDAH
21-02030479,KLINIK PERGIGIAN SEKOLAH D/A SEKOLAH KEBANGSAAN TUNKU RAUDZAH,JALAN LANGGAR,05460,KEDAH,KOTA SETAR,BUKA,AWAM,KLINIK PERGIGIAN,KLINIK PERGIGIAN SEKOLAH RENDAH
21-02030478,KLINIK PERGIGIAN SEKOLAH D/A SEKOLAH KEBANGSAAN TUNKU ABDUL HALIM,"KOMPLEKS PENDIDIKAN, JALAN STADIUM",05100,KEDAH,KOTA SETAR,BUKA,AWAM,KLINIK PERGIGIAN,KLINIK PERGIGIAN SEKOLAH RENDAH
21-02030477,KLINIK PERGIGIAN SEKOLAH D/A SEKOLAH KEBANGSAAN SULTANAH ASMA,"KM 4, JALAN LANGGAR",05460,KEDAH,KOTA SETAR,BUKA,AWAM,KLINIK PERGIGIAN,KLINIK PERGIGIAN SEKOLAH RENDAH
21-02030476,KLINIK PERGIGIAN SEKOLAH D/A SEKOLAH KEBANGSAAN ISKANDAR,JALAN LANGGAR,05460,KEDAH,KOTA SETAR,BUKA,AWAM,KLINIK PERGIGIAN,KLINIK PERGIGIAN SEKOLAH RENDAH
21-02030475,KLINIK PERGIGIAN SEKOLAH D/A SEKOLAH KEBANGSAAN HJ. MOHD. SHARIFF,"KOMPLEK PENDIDIKAN, JALAN STADIUM",05604,KEDAH,KOTA SETAR,BUKA,AWAM,KLINIK PERGIGIAN,KLINIK PERGIGIAN SEKOLAH RENDAH
21-02030470,KLINIK PERGIGIAN SEKOLAH D/A SEKOLAH KEBANGSAAN TELOK KECHAI,JALAN KUALA KEDAH,06600,KEDAH,KOTA SETAR,BUKA,AWAM,KLINIK PERGIGIAN,KLINIK PERGIGIAN SEKOLAH RENDAH
21-02030469,KLINIK PERGIGIAN SEKOLAH D/A SEKOLAH KEBANGSAAN SERI PERDANA,LEBUHRAYA SULTANAH BAHIYAH,05350,KEDAH,KOTA SETAR,BUKA,AWAM,KLINIK PERGIGIAN,KLINIK PERGIGIAN SEKOLAH RENDAH
21-02030468,KLINIK PERGIGIAN SEKOLAH D/A SEKOLAH KEBANGSAAN LANGGAR,JALAN LANGGAR,06500,KEDAH,KOTA SETAR,BUKA,AWAM,KLINIK PERGIGIAN,KLINIK PERGIGIAN SEKOLAH RENDAH
21-02030466,KLINIK PERGIGIAN SEKOLAH D/A SEKOLAH KEBANGSAAN HJ. HASSAN ITAM,SIMPANG EMPAT,06650,KEDAH,KOTA SETAR,BUKA,AWAM,KLINIK PERGIGIAN,KLINIK PERGIGIAN SEKOLAH RENDAH
21-02030465,KLINIK PERGIGIAN SEKOLAH D/A SEKOLAH KEBANGSAAN HAJI ISMAIL,KUALA KEDAH,06600,KEDAH,KOTA SETAR,BUKA,AWAM,KLINIK PERGIGIAN,KLINIK PERGIGIAN SEKOLAH RENDAH
21-02030464,KLINIK PERGIGIAN SEKOLAH D/A SEKOLAH KEBANGSAAN DATO' SHAARI,KUBANG ROTAN,05250,KEDAH,KOTA SETAR,BUKA,AWAM,KLINIK PERGIGIAN,KLINIK PERGIGIAN SEKOLAH RENDAH
21-02030438,KLINIK PERGIGIAN SEKOLAH D/A SEKOLAH KEBANGSAAN TAMAN UDA,LEBUHRAYA SULTANAH BAHIYAH ALOR SETAR,05350,KEDAH,KOTA SETAR,BUKA,AWAM,KLINIK PERGIGIAN,KLINIK PERGIGIAN SEKOLAH RENDAH
21-02030437,KLINIK PERGIGIAN SEKOLAH D/A SEKOLAH KEBANGSAAN GUNONG,"KM 8, JALAN GUNONG",05150,KEDAH,KOTA SETAR,BUKA,AWAM,KLINIK PERGIGIAN,KLINIK PERGIGIAN SEKOLAH RENDAH
21-02030434,KLINIK PERGIGIAN SEKOLAH D/A SEKOLAH KEBANGSAAN JALAN PEGAWAI,PERSIARAN SULTAN ABDUL HALIM,05050,KEDAH,KOTA SETAR,BUKA,AWAM,KLINIK PERGIGIAN,KLINIK PERGIGIAN SEKOLAH RENDAH
21-02030474,KLINIK PERGIGIAN SEKOLAH D/A SEKOLAH MENENGAH KEBANGSAAN TUN SH RODZIAH,JALAN KUALA KEDAH,05400,KEDAH,KOTA SETAR,BUKA,AWAM,KLINIK PERGIGIAN,KLINIK PERGIGIAN SEKOLAH MENENGAH
21-02030473,KLINIK PERGIGIAN SEKOLAH D/A SEKOLAH MENENGAH KEBANGSAAN SULTANAH BAHIYAH,LEBUHRAYA SULTANAH BAHIYAH,05350,KEDAH,KOTA SETAR,BUKA,AWAM,KLINIK PERGIGIAN,KLINIK PERGIGIAN SEKOLAH MENENGAH
21-02030440,KLINIK PERGIGIAN SEKOLAH D/A KOLEJ SULTAN ABDUL HAMID,JALAN LANGGAR,05460,KEDAH,KOTA SETAR,BUKA,AWAM,KLINIK PERGIGIAN,KLINIK PERGIGIAN SEKOLAH MENENGAH
11-02030493,PUSAT PROMOSI KESIHATAN PERGIGIAN KOMUNITI,JALAN TUNKU ABDUL HALIM,05100,KEDAH,KOTA SETAR,BUKA,AWAM,KLINIK PERGIGIAN,KLINIK PERGIGIAN DI INSTITUSI LAIN
21-02030365D,KLINIK PERGIGIAN DI KLINIK KESIHATAN UTC ALOR SETAR,"BANGUNAN MBAS, JALAN KOLAM AIR",05000,KEDAH,KOTA SETAR,BUKA,AWAM,KLINIK PERGIGIAN,KLINIK PERGIGIAN DI UTC
21-02040336,KLINIK PERGIGIAN SUNGAI PETANI,JALAN KAPAL TERBANG,08000,KEDAH,KUALA MUDA,BUKA,AWAM,KLINIK PERGIGIAN,KLINIK PERGIGIAN (STANDALONE)
21-02040067D,KLINIK PERGIGIAN DI KLINIK KESIHATAN MERBOK,"JALAN MERBOK - TANJUNG DAWAI, MERBOK",08400,KEDAH,KUALA MUDA,BUKA,AWAM,KLINIK PERGIGIAN,KLINIK PERGIGIAN DI KLINIK KESIHATAN
21-02040051D,KLINIK PERGIGIAN DI KLINIK KESIHATAN KOTA KUALA MUDA,JALAN KAMPUNG EMAS,08500,KEDAH,KUALA MUDA,BUKA,AWAM,KLINIK PERGIGIAN,KLINIK PERGIGIAN DI KLINIK KESIHATAN
21-02040041D,KLINIK PERGIGIAN DI KLINIK KESIHATAN BUKIT SELAMBAU,"JALAN BUKIT SELAMBAU, KUALA KETIL",08010,KEDAH,KUALA MUDA,BUKA,AWAM,KLINIK PERGIGIAN,KLINIK PERGIGIAN DI KLINIK KESIHATAN
21-02040040D,KLINIK PERGIGIAN DI KLINIK KESIHATAN BEDONG,JALAN SEMELING,08100,KEDAH,KUALA MUDA,BUKA,AWAM,KLINIK PERGIGIAN,KLINIK PERGIGIAN DI KLINIK KESIHATAN
21-02040037D,KLINIK PERGIGIAN DI KLINIK KESIHATAN BANDAR SG PETANI,JALAN BADLISHAH,08000,KEDAH,KUALA MUDA,BUKA,AWAM,KLINIK PERGIGIAN,KLINIK PERGIGIAN DI KLINIK KESIHATAN
21-02040030D,KLINIK PERGIGIAN DI KLINIK KESIHATAN TAMAN INTAN,"LEBUH INTAN, TAMAN AMAN",08000,KEDAH,KUALA MUDA,BUKA,AWAM,KLINIK PERGIGIAN,KLINIK PERGIGIAN DI KLINIK KESIHATAN
11-02040020D,KLINIK PERGIGIAN DI HOSPITAL SULTAN ABDUL HALIM,"JALAN LENCONGAN TIMUR, BANDAR AMANJAYA",08000,KEDAH,KUALA MUDA,BUKA,AWAM,KLINIK PERGIGIAN,KLINIK PERGIGIAN DI HOSPITAL
21-02040481,KLINIK PERGIGIAN SEKOLAH D/A SEKOLAH JENIS KEBANGSAAN (CINA) SIN MIN A & B,JALAN PEGAWAI,08000,KEDAH,KUALA MUDA,BUKA,AWAM,KLINIK PERGIGIAN,KLINIK PERGIGIAN SEKOLAH RENDAH
21-02040439,KLINIK PERGIGIAN SEKOLAH D/A SEKOLAH JENIS KEBANGSAAN (CINA) MIN TERK,"BATU 2, JALAN KUALA KETIL",08000,KEDAH,KUALA MUDA,BUKA,AWAM,KLINIK PERGIGIAN,KLINIK PERGIGIAN SEKOLAH RENDAH
21-02040433,KLINIK PERGIGIAN SEKOLAH D/A SEKOLAH KEBANGSAAN KHIR JOHARI,"JALAN MAWAR 1, OFF JALAN PENGKALAN",08000,KEDAH,KUALA MUDA,BUKA,AWAM,KLINIK PERGIGIAN,KLINIK PERGIGIAN SEKOLAH RENDAH
21-02040432,KLINIK PERGIGIAN SEKOLAH D/A SEKOLAH KEBANGSAAN IBRAHIM,JALAN KOLAM AIR,08000,KEDAH,KUALA MUDA,BUKA,AWAM,KLINIK PERGIGIAN,KLINIK PERGIGIAN SEKOLAH RENDAH
21-02040431,KLINIK PERGIGIAN SEKOLAH D/A SEKOLAH KEBANGSAAN TUAN SYED JAN AL-JAFFRI,"JALAN SUNGAI JAGUNG, SUNGAI LAYAR",08000,KEDAH,KUALA MUDA,BUKA,AWAM,KLINIK PERGIGIAN,KLINIK PERGIGIAN SEKOLAH RENDAH
21-02040427,KLINIK PERGIGIAN SEKOLAH D/A SEKOLAH MENENGAH SAINS SULTAN MOHAMAD JIWA,JALAN BADLISHAH,08000,KEDAH,KUALA MUDA,BUKA,AWAM,KLINIK PERGIGIAN,KLINIK PERGIGIAN SEKOLAH MENENGAH
21-02040485D,KLINIK PERGIGIAN DI KLINIK KESIHATAN UTC SUNGAI PETANI,"ARAS 1, BANGUNAN UKIR SQUARE",08000,KEDAH,KUALA MUDA,BUKA,AWAM,KLINIK PERGIGIAN,KLINIK PERGIGIAN DI UTC
21-02050491D,KLINIK PERGIGIAN DI KLINIK KESIHATAN NAPOH,JALAN CHANGLUN,06100,KEDAH,KUBANG PASU,BUKA,AWAM,KLINIK PERGIGIAN,KLINIK PERGIGIAN DI KLINIK KESIHATAN
21-02050324D,KLINIK PERGIGIAN DI KLINIK KESIHATAN JITRA,JALAN IBRAHIM,06000,KEDAH,KUBANG PASU,BUKA,AWAM,KLINIK PERGIGIAN,KLINIK PERGIGIAN DI KLINIK KESIHATAN
21-02050083D,KLINIK PERGIGIAN DI KLINIK KESIHATAN TUNJANG,JALAN KODIANG,06000,KEDAH,KUBANG PASU,BUKA,AWAM,KLINIK PERGIGIAN,KLINIK PERGIGIAN DI KLINIK KESIHATAN
21-02050050D,KLINIK PERGIGIAN DI KLINIK KESIHATAN KODIANG,JALAN CHANGLUN,06100,KEDAH,KUBANG PASU,BUKA,AWAM,KLINIK PERGIGIAN,KLINIK PERGIGIAN DI KLINIK KESIHATAN
21-02050463,KLINIK PERGIGIAN SEKOLAH D/A SEKOLAH KEBANGSAAN SULTAN AHMAD TAJUDDIN,JALAN CHANGLUN,06000,KEDAH,KUBANG PASU,BUKA,AWAM,KLINIK PERGIGIAN,KLINIK PERGIGIAN SEKOLAH RENDAH
21-02050462,KLINIK PERGIGIAN SEKOLAH D/A SEKOLAH KEBANGSAAN SERI MUDA,ALOR BIAK,06150,KEDAH,KUBANG PASU,BUKA,AWAM,KLINIK PERGIGIAN,KLINIK PERGIGIAN SEKOLAH RENDAH
21-02050443,KLINIK PERGIGIAN SEKOLAH D/A SEKOLAH KEBANGSAAN TUNJANG,"JALAN KODIANG, MK TUNJANG",06000,KEDAH,KUBANG PASU,BUKA,AWAM,KLINIK PERGIGIAN,KLINIK PERGIGIAN SEKOLAH RENDAH
21-02050441,KLINIK PERGIGIAN SEKOLAH D/A SEKOLAH KEBANGSAAN DATO' WAN KEMARA,"KM 9, LEBUHRAYA UTARA SELATAN",06010,KEDAH,KUBANG PASU,BUKA,AWAM,KLINIK PERGIGIAN,KLINIK PERGIGIAN SEKOLAH RENDAH
21-02050453,KLINIK PERGIGIAN SEKOLAH D/A SEKOLAH MENENGAH KEBANGSAAN TUNKU BENDAHARA,"KM 5, JALAN CHANGLUN",06100,KEDAH,KUBANG PASU,BUKA,AWAM,KLINIK PERGIGIAN,KLINIK PERGIGIAN SEKOLAH MENENGAH
21-02050451,KLINIK PERGIGIAN SEKOLAH D/A SEKOLAH MENENGAH SULTAN ABDUL HALIM,JALAN JITRA,06009,KEDAH,KUBANG PASU,BUKA,AWAM,KLINIK PERGIGIAN,KLINIK PERGIGIAN SEKOLAH MENENGAH
21-02050448,KLINIK PERGIGIAN SEKOLAH D/A SEKOLAH MENENGAH KEBANGSAAN PULAU NYIOR,JALAN KODIANG,06000,KEDAH,KUBANG PASU,BUKA,AWAM,KLINIK PERGIGIAN,KLINIK PERGIGIAN SEKOLAH MENENGAH
21-02050445,KLINIK PERGIGIAN SEKOLAH D/A SEKOLAH MENENGAH KEBANGSAAN AYER HITAM,SIMPANG EMPAT KERPAN,06150,KEDAH,KUBANG PASU,BUKA,AWAM,KLINIK PERGIGIAN,KLINIK PERGIGIAN SEKOLAH MENENGAH
21-02050425,KLINIK PERGIGIAN SEKOLAH D/A SEKOLAH MENENGAH KEBANGSAAN CHANGLUN,"KM 11, LEBUHRAYA UTARA SELATAN",06010,KEDAH,KUBANG PASU,BUKA,AWAM,KLINIK PERGIGIAN,KLINIK PERGIGIAN SEKOLAH MENENGAH
21-02060909,KLINIK PERGIGIAN PERMATANG DURIAN,"NO.944, JALAN LUNAS, KAMPUNG PERMATANG TOK DIK",09400,KEDAH,KULIM,BUKA,AWAM,KLINIK PERGIGIAN,KLINIK PERGIGIAN (STANDALONE)
21-02060063D,KLINIK PERGIGIAN DI KLINIK KESIHATAN LUNAS,JALAN ARA KUDA,09600,KEDAH,KULIM,BUKA,AWAM,KLINIK PERGIGIAN,KLINIK PERGIGIAN DI KLINIK KESIHATAN
21-02060057D,KLINIK PERGIGIAN DI KLINIK KESIHATAN KULIM,JALAN HOSPITAL LAMA,09000,KEDAH,KULIM,BUKA,AWAM,KLINIK PERGIGIAN,KLINIK PERGIGIAN DI KLINIK KESIHATAN
21-02060048D,KLINIK PERGIGIAN DI KLINIK KESIHATAN KARANGAN,JALAN MAHANG,09700,KEDAH,KULIM,BUKA,AWAM,KLINIK PERGIGIAN,KLINIK PERGIGIAN DI KLINIK KESIHATAN
11-02060017D,KLINIK PERGIGIAN DI HOSPITAL KULIM,JALAN MAHANG,09000,KEDAH,KULIM,BUKA,AWAM,KLINIK PERGIGIAN,KLINIK PERGIGIAN DI HOSPITAL
21-02060461,KLINIK PERGIGIAN SEKOLAH D/A SEKOLAH KEBANGSAAN TUNKU MALIK,JALAN KELANG LAMA,09000,KEDAH,KULIM,BUKA,AWAM,KLINIK PERGIGIAN,KLINIK PERGIGIAN SEKOLAH RENDAH
21-02060460,KLINIK PERGIGIAN SEKOLAH D/A SEKOLAH KEBANGSAAN ST ANNE'S CONVENT,JALAN BUKIT AWI,09000,KEDAH,KULIM,BUKA,AWAM,KLINIK PERGIGIAN,KLINIK PERGIGIAN SEKOLAH RENDAH
21-02060457,KLINIK PERGIGIAN SEKOLAH D/A SEKOLAH JENIS KEBANGSAAN (CINA) HWA MIN,JALAN SUNGAI,09600,KEDAH,KULIM,BUKA,AWAM,KLINIK PERGIGIAN,KLINIK PERGIGIAN SEKOLAH RENDAH
21-02060456,KLINIK PERGIGIAN SEKOLAH D/A SEKOLAH JENIS KEBANGSAAN (CINA) CHIO MIN 'B',JALAN KELANG SAGO,09000,KEDAH,KULIM,BUKA,AWAM,KLINIK PERGIGIAN,KLINIK PERGIGIAN SEKOLAH RENDAH
21-02060444,KLINIK PERGIGIAN SEKOLAH D/A SEKOLAH KEBANGSAAN KULIM,JALAN TUNKU BENDAHARA,09000,KEDAH,KULIM,BUKA,AWAM,KLINIK PERGIGIAN,KLINIK PERGIGIAN SEKOLAH RENDAH
21-02060452,KLINIK PERGIGIAN SEKOLAH D/A SEKOLAH MENENGAH KEBANGSAAN SULTAN BADLISHAH,JALAN SULTAN BADLISHAH,09000,KEDAH,KULIM,BUKA,AWAM,KLINIK PERGIGIAN,KLINIK PERGIGIAN SEKOLAH MENENGAH
21-02080321D,KLINIK PERGIGIAN DI KLINIK KESIHATAN KUALA NERANG,KUALA NERANG,06300,KEDAH,PADANG TERAP,BUKA,AWAM,KLINIK PERGIGIAN,KLINIK PERGIGIAN DI KLINIK KESIHATAN
21-02090467,KLINIK PERGIGIAN SEKOLAH D/A SEKOLAH KEBANGSAAN KUBOR PANJANG,"KM 32, JALAN KUBOR PANJANG",06760,KEDAH,PENDANG,BUKA,AWAM,KLINIK PERGIGIAN,KLINIK PERGIGIAN SEKOLAH RENDAH
21-02090435,KLINIK PERGIGIAN SEKOLAH D/A SEKOLAH KEBANGSAAN PENDANG,PEKAN PENDANG,06700,KEDAH,PENDANG,BUKA,AWAM,KLINIK PERGIGIAN,KLINIK PERGIGIAN SEKOLAH RENDAH
21-02090426,KLINIK PERGIGIAN SEKOLAH D/A SEKOLAH MENENGAH KEBANGSAAN PENDANG,BATU 16 JALAN PENDANG,06700,KEDAH,PENDANG,BUKA,AWAM,KLINIK PERGIGIAN,KLINIK PERGIGIAN SEKOLAH MENENGAH
21-02030472,KLINIK PERGIGIAN SEKOLAH D/A SEKOLAH MENENGAH KEBANGSAAN POKOK SENA,JALAN PANCHOR,06400,KEDAH,POKOK SENA,BUKA,AWAM,KLINIK PERGIGIAN,KLINIK PERGIGIAN SEKOLAH MENENGAH
21-02100322D,KLINIK PERGIGIAN DI KLINIK KESIHATAN SIK,KOMPLEKS KESIHATAN BERSEPADU DAERAH SIK,08200,KEDAH,SIK,BUKA,AWAM,KLINIK PERGIGIAN,KLINIK PERGIGIAN DI KLINIK KESIHATAN
21-02100459,KLINIK PERGIGIAN SEKOLAH D/A SEKOLAH KEBANGSAAN SIK,PEKAN SIK,08200,KEDAH,SIK,BUKA,AWAM,KLINIK PERGIGIAN,KLINIK PERGIGIAN SEKOLAH RENDAH
21-02100450,KLINIK PERGIGIAN SEKOLAH D/A SEKOLAH MENENGAH KEBANGSAAN SIK,PEKAN SIK,08200,KEDAH,SIK,BUKA,AWAM,KLINIK PERGIGIAN,KLINIK PERGIGIAN SEKOLAH MENENGAH
21-02110039D,KLINIK PERGIGIAN DI KLINIK KESIHATAN YAN,YAN BESAR,06900,KEDAH,YAN,BUKA,AWAM,KLINIK PERGIGIAN,KLINIK PERGIGIAN DI KLINIK KESIHATAN
21-03010023D,KLINIK PERGIGIAN DI KLINIK KESIHATAN BACHOK,"D5, JALAN BACHOK",16300,KELANTAN,BACHOK,BUKA,AWAM,KLINIK PERGIGIAN,KLINIK PERGIGIAN DI KLINIK KESIHATAN
21-03010413,KLINIK PERGIGIAN SEKOLAH D/A SEKOLAH KEBANGSAAN JELAWAT,PEKAN JELAWAT,16370,KELANTAN,BACHOK,BUKA,AWAM,KLINIK PERGIGIAN,KLINIK PERGIGIAN SEKOLAH RENDAH
21-03010397,KLINIK PERGIGIAN SEKOLAH D/A SEKOLAH KEBANGSAAN BACHOK,JALAN NIPAH,16300,KELANTAN,BACHOK,BUKA,AWAM,KLINIK PERGIGIAN,KLINIK PERGIGIAN SEKOLAH RENDAH
21-03010390,KLINIK PERGIGIAN SEKOLAH D/A SEKOLAH KEBANGSAAN TANGOK,SIMPANG TIGA KOMPLEKS TANGOK,16310,KELANTAN,BACHOK,BUKA,AWAM,KLINIK PERGIGIAN,KLINIK PERGIGIAN SEKOLAH RENDAH
21-03010373,KLINIK PERGIGIAN SEKOLAH D/A SEKOLAH KEBANGSAAN PERUPOK,JALAN KAMPUNG PERUPOK,16300,KELANTAN,BACHOK,BUKA,AWAM,KLINIK PERGIGIAN,KLINIK PERGIGIAN SEKOLAH RENDAH
21-03010436,KLINIK PERGIGIAN SEKOLAH D/A SEKOLAH MENENGAH KEBANGSAAN PUTERI SAADONG,BUKIT MARAK,16030,KELANTAN,BACHOK,BUKA,AWAM,KLINIK PERGIGIAN,KLINIK PERGIGIAN SEKOLAH MENENGAH
21-03020424,KLINIK PERGIGIAN SEKOLAH D/A SEKOLAH KEBANGSAAN GUA MUSANG,JALAN PULAI,18300,KELANTAN,GUA MUSANG,BUKA,AWAM,KLINIK PERGIGIAN,KLINIK PERGIGIAN SEKOLAH RENDAH
21-03020410,KLINIK PERGIGIAN SEKOLAH D/A SEKOLAH KEBANGSAAN CIKU TIGA,FELDA CHIKU 3,18300,KELANTAN,GUA MUSANG,BUKA,AWAM,KLINIK PERGIGIAN,KLINIK PERGIGIAN SEKOLAH RENDAH
21-03020443,KLINIK PERGIGIAN SEKOLAH D/A SEKOLAH MENENGAH KEBANGSAAN TENGKU INDRA PETRA,JALAN PERSIARAN RAYA,18300,KELANTAN,GUA MUSANG,BUKA,AWAM,KLINIK PERGIGIAN,KLINIK PERGIGIAN SEKOLAH MENENGAH
21-03030029D,KLINIK PERGIGIAN DI KLINIK KESIHATAN AYER LANAS,"KUALA BALAH, JELI",17700,KELANTAN,JELI,BUKA,AWAM,KLINIK PERGIGIAN,KLINIK PERGIGIAN DI KLINIK KESIHATAN
21-03030406,KLINIK PERGIGIAN SEKOLAH D/A SEKOLAH KEBANGSAAN AYER LANAS,"BLOK PASIR PUTEH, SEBELAH KLINIK AYER LANAS",17700,KELANTAN,JELI,BUKA,AWAM,KLINIK PERGIGIAN,KLINIK PERGIGIAN SEKOLAH RENDAH
21-03030389,KLINIK PERGIGIAN SEKOLAH D/A SEKOLAH KEBANGSAAN BATU MELINTANG,KAMPUNG. BATU MELINTANG,17600,KELANTAN,JELI,BUKA,AWAM,KLINIK PERGIGIAN,KLINIK PERGIGIAN SEKOLAH RENDAH
21-03030387,KLINIK PERGIGIAN SEKOLAH D/A SEKOLAH KEBANGSAAN JELI (2),JALAN PEKELILING,17600,KELANTAN,JELI,BUKA,AWAM,KLINIK PERGIGIAN,KLINIK PERGIGIAN SEKOLAH RENDAH
21-03030442,KLINIK PERGIGIAN SEKOLAH D/A SEKOLAH MENENGAH KUALA BALAH,"KM 32, JALAN JELI-DABONG KAMPUNG. TG. ABD. RAHMAN",17610,KELANTAN,JELI,BUKA,AWAM,KLINIK PERGIGIAN,KLINIK PERGIGIAN SEKOLAH MENENGAH
21-03030383,KLINIK PERGIGIAN SEKOLAH D/A SEKOLAH MENENGAH KEBANGSAAN AYER LANAS,"KM 40, JALAN JELI TANAH MERAH",17700,KELANTAN,JELI,BUKA,AWAM,KLINIK PERGIGIAN,KLINIK PERGIGIAN SEKOLAH MENENGAH
21-03040195D,KLINIK PERGIGIAN DI KLINIK KESIHATAN KOK LANAS,"NO. 25, JALAN KUALA KRAI",16450,KELANTAN,KOTA BHARU,BUKA,AWAM,KLINIK PERGIGIAN,KLINIK PERGIGIAN DI KLINIK KESIHATAN
21-03040078D,KLINIK PERGIGIAN DI KLINIK KESIHATAN WAKAF CHE YEH,JALAN PASIR MAS SALOR,15100,KELANTAN,KOTA BHARU,BUKA,AWAM,KLINIK PERGIGIAN,KLINIK PERGIGIAN DI KLINIK KESIHATAN
21-03040069D,KLINIK PERGIGIAN DI KLINIK KESIHATAN PERINGAT,JALAN MELOR,16400,KELANTAN,KOTA BHARU,BUKA,AWAM,KLINIK PERGIGIAN,KLINIK PERGIGIAN DI KLINIK KESIHATAN
21-03040067D,KLINIK PERGIGIAN DI KLINIK KESIHATAN PENGKALAN CHEPA,JALAN MAKTAB,16100,KELANTAN,KOTA BHARU,BUKA,AWAM,KLINIK PERGIGIAN,KLINIK PERGIGIAN DI KLINIK KESIHATAN
21-03040066D,KLINIK PERGIGIAN DI KLINIK KESIHATAN PENAMBANG,JALAN PANTAI CAHAYA BULAN,15350,KELANTAN,KOTA BHARU,BUKA,AWAM,KLINIK PERGIGIAN,KLINIK PERGIGIAN DI KLINIK KESIHATAN
21-03040061D,KLINIK PERGIGIAN DI KLINIK KESIHATAN LUNDANG PAKU,JALAN DEWA BETA,15100,KELANTAN,KOTA BHARU,BUKA,AWAM,KLINIK PERGIGIAN,KLINIK PERGIGIAN DI KLINIK KESIHATAN
21-03040059D,KLINIK PERGIGIAN DI KLINIK KESIHATAN KUBANG KERIAN,JALAN ISTANA MAHKOTA,16150,KELANTAN,KOTA BHARU,BUKA,AWAM,KLINIK PERGIGIAN,KLINIK PERGIGIAN DI KLINIK KESIHATAN
21-03040055D,KLINIK PERGIGIAN DI KLINIK KESIHATAN KOTA JEMBAL,"BANDAR KOTA JEMBAL, JALAN RAJA BAHAR",16100,KELANTAN,KOTA BHARU,BUKA,AWAM,KLINIK PERGIGIAN,KLINIK PERGIGIAN DI KLINIK KESIHATAN
21-03040043D,KLINIK PERGIGIAN DI KLINIK KESIHATAN PEROL,"JALAN KUALA KRAI, BATU 8",16010,KELANTAN,KOTA BHARU,BUKA,AWAM,KLINIK PERGIGIAN,KLINIK PERGIGIAN DI KLINIK KESIHATAN
21-03040030D,KLINIK PERGIGIAN DI KLINIK KESIHATAN BADANG,JALAN PCB,15350,KELANTAN,KOTA BHARU,BUKA,AWAM,KLINIK PERGIGIAN,KLINIK PERGIGIAN DI KLINIK KESIHATAN
21-03040449,KLINIK PERGIGIAN SEKOLAH D/A SEKOLAH KEBANGSAAN DEWAN BETA,KAMPUNG DEWAN BETA,15100,KELANTAN,KOTA BHARU,BUKA,AWAM,KLINIK PERGIGIAN,KLINIK PERGIGIAN SEKOLAH RENDAH
21-03040447,KLINIK PERGIGIAN SEKOLAH D/A SEKOLAH JENIS KEBANGSAAN (CINA) CHUNG HWA,JALAN KELOCHOR,15300,KELANTAN,KOTA BHARU,BUKA,AWAM,KLINIK PERGIGIAN,KLINIK PERGIGIAN SEKOLAH RENDAH
21-03040428,KLINIK PERGIGIAN SEKOLAH D/A SEKOLAH KEBANGSAAN PADANG GARONG 1,JALAN HOSPITAL,15200,KELANTAN,KOTA BHARU,BUKA,AWAM,KLINIK PERGIGIAN,KLINIK PERGIGIAN SEKOLAH RENDAH
21-03040427,KLINIK PERGIGIAN SEKOLAH D/A SEKOLAH KEBANGSAAN LANGGAR,JALAN SULTAN YAHYA PETRA,15200,KELANTAN,KOTA BHARU,BUKA,AWAM,KLINIK PERGIGIAN,KLINIK PERGIGIAN SEKOLAH RENDAH
21-03040421,KLINIK PERGIGIAN SEKOLAH D/A SEKOLAH KEBANGSAAN TENGKU INDERA PETRA,WAKAF MEK ZAINAB,15300,KELANTAN,KOTA BHARU,BUKA,AWAM,KLINIK PERGIGIAN,KLINIK PERGIGIAN SEKOLAH RENDAH
21-03040416,KLINIK PERGIGIAN SEKOLAH D/A SEKOLAH KEBANGSAAN PANGKAL KALONG,"KAMPUNG PANGKAL KALONG, KETEREH",16450,KELANTAN,KOTA BHARU,BUKA,AWAM,KLINIK PERGIGIAN,KLINIK PERGIGIAN SEKOLAH RENDAH
21-03040412,KLINIK PERGIGIAN SEKOLAH D/A SEKOLAH KEBANGSAAN ISMAIL PETRA (1),KOMPLEK SEKOLAH-SEKOLAH WAKAF MEK ZAINAB,15300,KELANTAN,KOTA BHARU,BUKA,AWAM,KLINIK PERGIGIAN,KLINIK PERGIGIAN SEKOLAH RENDAH
21-03040411,KLINIK PERGIGIAN SEKOLAH D/A SEKOLAH KEBANGSAAAN ISLAH,JALAN LONG YUNUS,15200,KELANTAN,KOTA BHARU,BUKA,AWAM,KLINIK PERGIGIAN,KLINIK PERGIGIAN SEKOLAH RENDAH
21-03040405,KLINIK PERGIGIAN SEKOLAH D/A SEKOLAH KEBANGSAAN ABDUL HADI,JALAN PANTAI CAHAYA BULAN,15350,KELANTAN,KOTA BHARU,BUKA,AWAM,KLINIK PERGIGIAN,KLINIK PERGIGIAN SEKOLAH RENDAH
21-03040404,KLINIK PERGIGIAN SEKOLAH D/A SEKOLAH KEBANGSAAN SULTAN ISMAIL (1),"BATU 2, JALAN KUALA KRAI",15150,KELANTAN,KOTA BHARU,BUKA,AWAM,KLINIK PERGIGIAN,KLINIK PERGIGIAN SEKOLAH RENDAH
21-03040403,KLINIK PERGIGIAN SEKOLAH D/A SEKOLAH KEBANGSAAN SRI BEMBAN,JALAN ABD KADIR ADABI,15200,KELANTAN,KOTA BHARU,BUKA,AWAM,KLINIK PERGIGIAN,KLINIK PERGIGIAN SEKOLAH RENDAH
21-03040402,KLINIK PERGIGIAN SEKOLAH D/A SEKOLAH KEBANGSAAN SERI CHEMPAKA,JALAN TANJUNG MAS,16100,KELANTAN,KOTA BHARU,BUKA,AWAM,KLINIK PERGIGIAN,KLINIK PERGIGIAN SEKOLAH RENDAH
21-03040385,KLINIK PERGIGIAN SEKOLAH D/A SEKOLAH KEBANGSAAN ZAINAB 2,JALAN TELIPOT,15150,KELANTAN,KOTA BHARU,BUKA,AWAM,KLINIK PERGIGIAN,KLINIK PERGIGIAN SEKOLAH RENDAH
21-03040384,KLINIK PERGIGIAN SEKOLAH D/A SEKOLAH JENIS KEBANGSAAN (CINA) PEIR CHIH,JALAN LONG YUNUS,15200,KELANTAN,KOTA BHARU,BUKA,AWAM,KLINIK PERGIGIAN,KLINIK PERGIGIAN SEKOLAH RENDAH
21-03040377,KLINIK PERGIGIAN SEKOLAH D/A SEKOLAH JENIS KEBANGSAAN (CINA) CHUNG CHENG,JALAN KELOCHOR,15300,KELANTAN,KOTA BHARU,BUKA,AWAM,KLINIK PERGIGIAN,KLINIK PERGIGIAN SEKOLAH RENDAH
21-03040446,KLINIK PERGIGIAN SEKOLAH D/A SEKOLAH MENENGAH SAINS TENGKU MUHAMMAD FARIS PETRA,PENGKALAN CHEPA,16100,KELANTAN,KOTA BHARU,BUKA,AWAM,KLINIK PERGIGIAN,KLINIK PERGIGIAN SEKOLAH MENENGAH
21-03040445,KLINIK PERGIGIAN SEKOLAH D/A SEKOLAH MENENGAH KEBANGSAAN MELOR,HADAPAN PETRONAS KAMPUNG MELOR JALAN PASIR PUTEH,16400,KELANTAN,KOTA BHARU,BUKA,AWAM,KLINIK PERGIGIAN,KLINIK PERGIGIAN SEKOLAH MENENGAH
21-03040437,KLINIK PERGIGIAN SEKOLAH D/A SEKOLAH MENENGAH KEBANGSAAN SALOR,JALAN SALOR,15100,KELANTAN,KOTA BHARU,BUKA,AWAM,KLINIK PERGIGIAN,KLINIK PERGIGIAN SEKOLAH MENENGAH
21-03040435,KLINIK PERGIGIAN SEKOLAH D/A SEKOLAH MENENGAH KEBANGSAAN MULONG,JALAN KUALA KRAI,16010,KELANTAN,KOTA BHARU,BUKA,AWAM,KLINIK PERGIGIAN,KLINIK PERGIGIAN SEKOLAH MENENGAH
21-03040391,KLINIK PERGIGIAN SEKOLAH D/A SEKOLAH MENENGAH KEBANGSAAN PAK BADOL,"KAMPUNG PAK BADOL, MELOR",16400,KELANTAN,KOTA BHARU,BUKA,AWAM,KLINIK PERGIGIAN,KLINIK PERGIGIAN SEKOLAH MENENGAH
21-03040382,KLINIK PERGIGIAN SEKOLAH D/A SEKOLAH MENENGAH KEBANGSAAN KETEREH,KM 21 KAMPUNG DENDANG JALAN KUALA KRAI,16450,KELANTAN,KOTA BHARU,BUKA,AWAM,KLINIK PERGIGIAN,KLINIK PERGIGIAN SEKOLAH MENENGAH
21-03040450,PUSAT PERGIGIAN SEKOLAH D/A KLINIK KESIHATAN KETEREH,JALAN KETEREH MELOR,16450,KELANTAN,KOTA BHARU,BUKA,AWAM,KLINIK PERGIGIAN,KLINIK PERGIGIAN SEKOLAH (PUSAT PERGIGIAN SEKOLAH)
21-03040454D,KLINIK PERGIGIAN DI KLINIK KESIHATAN UTC KELANTAN,"TINGKAT 1, BANGUNAN UTC KELANTAN, LOT 378, SEKSYEN 16 JALAN HAMZAH",15050,KELANTAN,KOTA BHARU,BUKA,AWAM,KLINIK PERGIGIAN,KLINIK PERGIGIAN DI UTC
21-03050034D,KLINIK PERGIGIAN DI KLINIK KESIHATAN BANDAR KUALA KRAI,KKB JALAN PINTAS,18000,KELANTAN,KUALA KRAI,BUKA,AWAM,KLINIK PERGIGIAN,KLINIK PERGIGIAN DI KLINIK KESIHATAN
11-03050015D,KLINIK PERGIGIAN DI HOSPITAL SULTAN ISMAIL PETRA,"LOT 7777, KM 6, LEBUHRAYA KUALA KRAI GUA MUSANG",18000,KELANTAN,KUALA KRAI,BUKA,AWAM,KLINIK PERGIGIAN,KLINIK PERGIGIAN DI HOSPITAL
21-03050419,KLINIK PERGIGIAN SEKOLAH D/A SEKOLAH KEBANGSAAN YAHYA PETRA 1,JALAN PADANG KEMAHKOTAAN,18000,KELANTAN,KUALA KRAI,BUKA,AWAM,KLINIK PERGIGIAN,KLINIK PERGIGIAN SEKOLAH RENDAH
21-03050379,KLINIK PERGIGIAN SEKOLAH D/A SEKOLAH KEBANGSAAN BANGGOL GUCHIL,BANGGOL GUCHIL,18020,KELANTAN,KUALA KRAI,BUKA,AWAM,KLINIK PERGIGIAN,KLINIK PERGIGIAN SEKOLAH RENDAH
21-03050381,KLINIK PERGIGIAN SEKOLAH D/A SEKOLAH MENENGAH KEBANGSAAN SULTAN YAHYA PETRA 1,JALAN KEM,18000,KELANTAN,KUALA KRAI,BUKA,AWAM,KLINIK PERGIGIAN,KLINIK PERGIGIAN SEKOLAH MENENGAH
21-03060074D,KLINIK PERGIGIAN DI KLINIK KESIHATAN TEMANGAN,KLINIK KESIHATAN TEMANGAN,18400,KELANTAN,MACHANG,BUKA,AWAM,KLINIK PERGIGIAN,KLINIK PERGIGIAN DI KLINIK KESIHATAN
21-03060070D,KLINIK PERGIGIAN DI KLINIK KESIHATAN PULAI CHONDONG,KLINIK KESIHATAN PULAI CHONDONG,16600,KELANTAN,MACHANG,BUKA,AWAM,KLINIK PERGIGIAN,KLINIK PERGIGIAN DI KLINIK KESIHATAN
21-03060060D,KLINIK PERGIGIAN DI KLINIK KESIHATAN LABOK,KLINIK KESIHATAN LABOK,18500,KELANTAN,MACHANG,BUKA,AWAM,KLINIK PERGIGIAN,KLINIK PERGIGIAN DI KLINIK KESIHATAN
21-03060037D,KLINIK PERGIGIAN DI KLINIK KESIHATAN BATU 30,"KLINIK KESIHATAN BATU 30, JALAN KUALA KRAI",18500,KELANTAN,MACHANG,BUKA,AWAM,KLINIK PERGIGIAN,KLINIK PERGIGIAN DI KLINIK KESIHATAN
21-03060399,KLINIK PERGIGIAN SEKOLAH D/A SEKOLAH KEBANGSAAN LABOK,"JALAN JOH, LABOK",18500,KELANTAN,MACHANG,BUKA,AWAM,KLINIK PERGIGIAN,KLINIK PERGIGIAN SEKOLAH RENDAH
21-03060380,KLINIK PERGIGIAN SEKOLAH D/A SEKOLAH KEBANGSAAN HAMZAH (1),DEPAN PEJABAT MAJLIS DAERAH MACHANG,18500,KELANTAN,MACHANG,BUKA,AWAM,KLINIK PERGIGIAN,KLINIK PERGIGIAN SEKOLAH RENDAH
21-03060438,KLINIK PERGIGIAN SEKOLAH D/A SEKOLAH MENENGAH KEBANGSAAN SERI INTAN,"BATU 32, KAMPUNG PEK, JALAN KUALA KRAI",18500,KELANTAN,MACHANG,BUKA,AWAM,KLINIK PERGIGIAN,KLINIK PERGIGIAN SEKOLAH MENENGAH
21-03060432,KLINIK PERGIGIAN SEKOLAH D/A SEKOLAH MENENGAH KEBANGSAAN ABDUL SAMAD,JALAN. KOTA BHARU-KUALA KRAI,16600,KELANTAN,MACHANG,BUKA,AWAM,KLINIK PERGIGIAN,KLINIK PERGIGIAN SEKOLAH MENENGAH
21-03070294,KLINIK PERGIGIAN PASIR MAS,JALAN LATI,17000,KELANTAN,PASIR MAS,BUKA,AWAM,KLINIK PERGIGIAN,KLINIK PERGIGIAN (STANDALONE)
21-03070076D,KLINIK PERGIGIAN DI KLINIK KESIHATAN TO'UBAN,JALAN CHE TOK - TOK UBAN,17060,KELANTAN,PASIR MAS,BUKA,AWAM,KLINIK PERGIGIAN,KLINIK PERGIGIAN DI KLINIK KESIHATAN
21-03070071D,KLINIK PERGIGIAN DI KLINIK KESIHATAN RANTAU PANJANG,GUAL TINGGI,17200,KELANTAN,PASIR MAS,BUKA,AWAM,KLINIK PERGIGIAN,KLINIK PERGIGIAN DI KLINIK KESIHATAN
21-03070064D,KLINIK PERGIGIAN DI KLINIK KESIHATAN MERANTI,"JALAN BONGGOL CHE WAN, MERANTI",17000,KELANTAN,PASIR MAS,BUKA,AWAM,KLINIK PERGIGIAN,KLINIK PERGIGIAN DI KLINIK KESIHATAN
21-03070054D,KLINIK PERGIGIAN DI KLINIK KESIHATAN KANGKONG,"JALAN PASIR MAS, TANAH MERAH",17000,KELANTAN,PASIR MAS,BUKA,AWAM,KLINIK PERGIGIAN,KLINIK PERGIGIAN DI KLINIK KESIHATAN
21-03070035D,KLINIK PERGIGIAN DI KLINIK KESIHATAN BANDAR PASIR MAS,BANDAR PASIR MAS,17000,KELANTAN,PASIR MAS,BUKA,AWAM,KLINIK PERGIGIAN,KLINIK PERGIGIAN DI KLINIK KESIHATAN
21-03070425,KLINIK PERGIGIAN SEKOLAH D/A SEKOLAH KEBANGSAAN GUAL TINGGI,"KAMPUNG. GUAL TINGGI, RANTAU PANJANG",17200,KELANTAN,PASIR MAS,BUKA,AWAM,KLINIK PERGIGIAN,KLINIK PERGIGIAN SEKOLAH RENDAH
21-03070422,KLINIK PERGIGIAN SEKOLAH D/A SEKOLAH KEBANGSAAN TO' UBAN,TO' UBAN,17050,KELANTAN,PASIR MAS,BUKA,AWAM,KLINIK PERGIGIAN,KLINIK PERGIGIAN SEKOLAH RENDAH
21-03070417,KLINIK PERGIGIAN SEKOLAH D/A SEKOLAH KEBANGSAAN SRI KIAMBANG,KAMPUNG REPEK,17070,KELANTAN,PASIR MAS,BUKA,AWAM,KLINIK PERGIGIAN,KLINIK PERGIGIAN SEKOLAH RENDAH
21-03070414,KLINIK PERGIGIAN SEKOLAH D/A SEKOLAH KEBANGSAAN KEDAI TANJONG,"JALAN. RANTAU PANJANG LAMA, KAMPUNGPOHON TANJONG",17000,KELANTAN,PASIR MAS,BUKA,AWAM,KLINIK PERGIGIAN,KLINIK PERGIGIAN SEKOLAH RENDAH
21-03070409,KLINIK PERGIGIAN SEKOLAH D/A SEKOLAH KEBANGSAAN CHETOK,"KAMPUNG. CHEKOK, CHETOK",17060,KELANTAN,PASIR MAS,BUKA,AWAM,KLINIK PERGIGIAN,KLINIK PERGIGIAN SEKOLAH RENDAH
21-03070444,KLINIK PERGIGIAN SEKOLAH D/A KOLEJ VOKASIONAL PASIR MAS,"JALAN TENDONG, BUNUT SUSU",17020,KELANTAN,PASIR MAS,BUKA,AWAM,KLINIK PERGIGIAN,KLINIK PERGIGIAN SEKOLAH MENENGAH
21-03070440,KLINIK PERGIGIAN SEKOLAH D/A SEKOLAH MENENGAH KEBANGSAAN BUNUT SUSU,KAMPUNG. BUNUT SUSU,17020,KELANTAN,PASIR MAS,BUKA,AWAM,KLINIK PERGIGIAN,KLINIK PERGIGIAN SEKOLAH MENENGAH
21-03080408,KLINIK PERGIGIAN SEKOLAH D/A SEKOLAH KEBANGSAAN CHERANG RUKU,KAMPUNG CHERANG RUKU,16700,KELANTAN,PASIR PUTEH,BUKA,AWAM,KLINIK PERGIGIAN,KLINIK PERGIGIAN SEKOLAH RENDAH
21-03080407,KLINIK PERGIGIAN SEKOLAH D/A SEKOLAH KEBANGSAAN BUKIT JAWA,"SELISING, PASIR PUTEH",16810,KELANTAN,PASIR PUTEH,BUKA,AWAM,KLINIK PERGIGIAN,KLINIK PERGIGIAN SEKOLAH RENDAH
21-03080398,KLINIK PERGIGIAN SEKOLAH D/A SEKOLAH KEBANGSAAN GAAL,JALAN JERTEH,16800,KELANTAN,PASIR PUTEH,BUKA,AWAM,KLINIK PERGIGIAN,KLINIK PERGIGIAN SEKOLAH RENDAH
21-03080388,KLINIK PERGIGIAN SEKOLAH D/A SEKOLAH KEBANGSAAN KAMIL (1),JALAN SEKOLAH MENENGAH KAMIL,16800,KELANTAN,PASIR PUTEH,BUKA,AWAM,KLINIK PERGIGIAN,KLINIK PERGIGIAN SEKOLAH RENDAH
21-03080441,KLINIK PERGIGIAN SEKOLAH D/A SEKOLAH MENENGAH KEBANGSAAN CHERANG RUKU,CHERANG RUKU,16700,KELANTAN,PASIR PUTEH,BUKA,AWAM,KLINIK PERGIGIAN,KLINIK PERGIGIAN SEKOLAH MENENGAH
21-03080439,KLINIK PERGIGIAN SEKOLAH D/A SEKOLAH MENENGAH KEBANGSAAN TOK JANGGUT,JALAN PASIR PUTEH - KOTA BHARU,16800,KELANTAN,PASIR PUTEH,BUKA,AWAM,KLINIK PERGIGIAN,KLINIK PERGIGIAN SEKOLAH MENENGAH
21-03080429,KLINIK PERGIGIAN SEKOLAH D/A SEKOLAH MENENGAH KEBANGSAAN SRI MAHARAJA,BUKIT ABAL,16810,KELANTAN,PASIR PUTEH,BUKA,AWAM,KLINIK PERGIGIAN,KLINIK PERGIGIAN SEKOLAH MENENGAH
21-03080394,KLINIK PERGIGIAN SEKOLAH D/A SEKOLAH MENENGAH SAINS PASIR PUTEH,JALAN JERAM PASU,16800,KELANTAN,PASIR PUTEH,BUKA,AWAM,KLINIK PERGIGIAN,KLINIK PERGIGIAN SEKOLAH MENENGAH
21-03080393,KLINIK PERGIGIAN SEKOLAH D/A SEKOLAH MENENGAH KEBANGSAAN BUKIT JAWA,"SELISING, PASIR PUTEH",16810,KELANTAN,PASIR PUTEH,BUKA,AWAM,KLINIK PERGIGIAN,KLINIK PERGIGIAN SEKOLAH MENENGAH
21-03090470,KLINIK PERGIGIAN TANAH MERAH,"PT 424, JALAN PECHONG",17500,KELANTAN,TANAH MERAH,BUKA,AWAM,KLINIK PERGIGIAN,KLINIK PERGIGIAN (STANDALONE)
21-03090095D,KLINIK PERGIGIAN DI KLINIK KESIHATAN BELIMBING,JALAN TANAH MERAH-PASIR MAS,17500,KELANTAN,TANAH MERAH,BUKA,AWAM,KLINIK PERGIGIAN,KLINIK PERGIGIAN DI KLINIK KESIHATAN
21-03090448,KLINIK PERGIGIAN SEKOLAH D/A SEKOLAH KEBANGSAAN SRI SURIA (2),JALAN KLINIK,17500,KELANTAN,TANAH MERAH,BUKA,AWAM,KLINIK PERGIGIAN,KLINIK PERGIGIAN SEKOLAH RENDAH
21-03090420,KLINIK PERGIGIAN SEKOLAH D/A SEKOLAH KEBANGSAAN TANAH MERAH (1),"KM 1, JALAN MACHANG",17500,KELANTAN,TANAH MERAH,BUKA,AWAM,KLINIK PERGIGIAN,KLINIK PERGIGIAN SEKOLAH RENDAH
21-03090431,KLINIK PERGIGIAN SEKOLAH D/A SEKOLAH MENENGAH KEBANGSAAN IPOH,"KM 20, JALAN GUAL IPOH, KAMPUNG. GUAL IPOH",17500,KELANTAN,TANAH MERAH,BUKA,AWAM,KLINIK PERGIGIAN,KLINIK PERGIGIAN SEKOLAH MENENGAH
21-03090376,KLINIK PERGIGIAN SEKOLAH D/A SEKOLAH MENENGAH KEBANGSAAN TAN SRI MOHAMED YAACOB,"KM 21, JALAN JEDOK, KAMPUNG. BATU GAJAH",17510,KELANTAN,TANAH MERAH,BUKA,AWAM,KLINIK PERGIGIAN,KLINIK PERGIGIAN SEKOLAH MENENGAH
21-03090375,KLINIK PERGIGIAN SEKOLAH D/A SEKOLAH MENENGAH KEBANGSAAN TANAH MERAH (1),JALAN ISMAIL PETRA,17500,KELANTAN,TANAH MERAH,BUKA,AWAM,KLINIK PERGIGIAN,KLINIK PERGIGIAN SEKOLAH MENENGAH
21-03100073D,KLINIK PERGIGIAN DI KLINIK KESIHATAN SUNGAI PINANG,"SUNGAI PINANG, PALEKBANG",16200,KELANTAN,TUMPAT,BUKA,AWAM,KLINIK PERGIGIAN,KLINIK PERGIGIAN DI KLINIK KESIHATAN
21-03100068D,KLINIK PERGIGIAN DI KLINIK KESIHATAN PENGKALAN KUBOR,JALAN PENGKALAN KUBOR,16280,KELANTAN,TUMPAT,BUKA,AWAM,KLINIK PERGIGIAN,KLINIK PERGIGIAN DI KLINIK KESIHATAN
21-03100036D,KLINIK PERGIGIAN DI KLINIK KESIHATAN BANDAR TUMPAT,BANDAR TUMPAT,16200,KELANTAN,TUMPAT,BUKA,AWAM,KLINIK PERGIGIAN,KLINIK PERGIGIAN DI KLINIK KESIHATAN
21-03100423,KLINIK PERGIGIAN SEKOLAH D/A SEKOLAH KEBANGSAAN GETING (1),DEPAN PASAR GETING,16200,KELANTAN,TUMPAT,BUKA,AWAM,KLINIK PERGIGIAN,KLINIK PERGIGIAN SEKOLAH RENDAH
21-03100418,KLINIK PERGIGIAN SEKOLAH D/A SEKOLAH KEBANGSAAN TUMPAT (1),KAMPUNG DALAM RHU,16200,KELANTAN,TUMPAT,BUKA,AWAM,KLINIK PERGIGIAN,KLINIK PERGIGIAN SEKOLAH RENDAH
21-03100401,KLINIK PERGIGIAN SEKOLAH D/A SEKOLAH KEBANGSAAN PASIR PEKAN,JALAN PASIR PEKAN,16250,KELANTAN,TUMPAT,BUKA,AWAM,KLINIK PERGIGIAN,KLINIK PERGIGIAN SEKOLAH RENDAH
21-03100434,KLINIK PERGIGIAN SEKOLAH D/A SEKOLAH MENENGAH KEBANGSAAN CHABANG EMPAT,KAMPUNG. CHABANG 4,16210,KELANTAN,TUMPAT,BUKA,AWAM,KLINIK PERGIGIAN,KLINIK PERGIGIAN SEKOLAH MENENGAH
21-03100396,KLINIK PERGIGIAN SEKOLAH D/A SEKOLAH MENENGAH KEBANGSAAN MAHMUD MAHYIDIN,PASIR PEKAN,16250,KELANTAN,TUMPAT,BUKA,AWAM,KLINIK PERGIGIAN,KLINIK PERGIGIAN SEKOLAH MENENGAH
21-03100395,KLINIK PERGIGIAN SEKOLAH D/A SEKOLAH MENENGAH KEBANGSAAN KAMPONG LAUT,KAMPUNG LAUT,16040,KELANTAN,TUMPAT,BUKA,AWAM,KLINIK PERGIGIAN,KLINIK PERGIGIAN SEKOLAH MENENGAH
21-03100452,PUSAT PERGIGIAN SEKOLAH D/A SEKOLAH KEBANGSAAN PENGKALAN KUBOR (1),PENGKALAN KUBOR,16080,KELANTAN,TUMPAT,BUKA,AWAM,KLINIK PERGIGIAN,KLINIK PERGIGIAN SEKOLAH (PUSAT PERGIGIAN SEKOLAH)
21-04010107,KLINIK PERGIGIAN ALOR GAJAH,JALAN HOSPITAL,78000,MELAKA,ALOR GAJAH,BUKA,AWAM,KLINIK PERGIGIAN,KLINIK PERGIGIAN (STANDALONE)
21-04010024D,KLINIK PERGIGIAN DI KLINIK KESIHATAN MASJID TANAH,"POLIKLINIK KOMUNITI, JALAN BESAR MASJID TANAH",78300,MELAKA,ALOR GAJAH,BUKA,AWAM,KLINIK PERGIGIAN,KLINIK PERGIGIAN DI KLINIK KESIHATAN
21-04010014D,KLINIK PERGIGIAN DI KLINIK KESIHATAN DURIAN TUNGGAL,POLIKLINIK KOMUNITI DURIAN TUNGGAL,76100,MELAKA,ALOR GAJAH,BUKA,AWAM,KLINIK PERGIGIAN,KLINIK PERGIGIAN DI KLINIK KESIHATAN
21-04010245,KLINIK PERGIGIAN SEKOLAH D/A SEKOLAH KEBANGSAAN DATUK TAMBICHIK KARIM,MASJID TANAH,78300,MELAKA,ALOR GAJAH,BUKA,AWAM,KLINIK PERGIGIAN,KLINIK PERGIGIAN SEKOLAH RENDAH
21-04010231,KLINIK PERGIGIAN SEKOLAH D/A SEKOLAH KEBANGSAAN SRI LAKSAMANA,"JALAN SRI LAKSAMANA, MASJID TANAH",78300,MELAKA,ALOR GAJAH,BUKA,AWAM,KLINIK PERGIGIAN,KLINIK PERGIGIAN SEKOLAH RENDAH
21-04010248,KLINIK PERGIGIAN SEKOLAH D/A SEKOLAH MENENGAH KEBANGSAAAN DATO' DOL SAID,JALAN DATO' DOL SAID,78000,MELAKA,ALOR GAJAH,BUKA,AWAM,KLINIK PERGIGIAN,KLINIK PERGIGIAN SEKOLAH MENENGAH
21-04020031D,KLINIK PERGIGIAN DI KLINIK KESIHATAN SUNGAI RAMBAI,"KM 32, SUNGAI. RAMBAI",77400,MELAKA,JASIN,BUKA,AWAM,KLINIK PERGIGIAN,KLINIK PERGIGIAN DI KLINIK KESIHATAN
21-04020030D,KLINIK PERGIGIAN DI KLINIK KESIHATAN SIMPANG BEKOH,KAMPUNG SIMPANG BEKOH,77100,MELAKA,JASIN,BUKA,AWAM,KLINIK PERGIGIAN,KLINIK PERGIGIAN DI KLINIK KESIHATAN
21-04020028D,KLINIK PERGIGIAN DI KLINIK KESIHATAN SELANDAR,JALAN MACAP,77500,MELAKA,JASIN,BUKA,AWAM,KLINIK PERGIGIAN,KLINIK PERGIGIAN DI KLINIK KESIHATAN
21-04020025D,KLINIK PERGIGIAN DI KLINIK KESIHATAN MERLIMAU,JALAN BESAR MERLIMAU,77300,MELAKA,JASIN,BUKA,AWAM,KLINIK PERGIGIAN,KLINIK PERGIGIAN DI KLINIK KESIHATAN
21-04020242,KLINIK PERGIGIAN SEKOLAH D/A SEKOLAH KEBANGSAAN DATUK HJ BAGINDA,"KM 14, KAMPUNG UMBAI",77300,MELAKA,JASIN,BUKA,AWAM,KLINIK PERGIGIAN,KLINIK PERGIGIAN SEKOLAH RENDAH
21-04020239,KLINIK PERGIGIAN SEKOLAH D/A SEKOLAH KEBANGSAAN AIR BARUK,JALAN PAYA BATU,77000,MELAKA,JASIN,BUKA,AWAM,KLINIK PERGIGIAN,KLINIK PERGIGIAN SEKOLAH RENDAH
21-04020253,KLINIK PERGIGIAN SEKOLAH D/A SEKOLAH MENENGAH KEBANGSAAN TAN SRI HAJI ABDUL AZIZ TAPA,"JALAN BUNGA TANJUNG, TAMAN MAJU",77000,MELAKA,JASIN,BUKA,AWAM,KLINIK PERGIGIAN,KLINIK PERGIGIAN SEKOLAH MENENGAH
21-04020247,KLINIK PERGIGIAN SEKOLAH D/A SEKOLAH MENENGAH KEBANGSAAN DATUK BENDAHARA,JALAN PEGAWAI,77000,MELAKA,JASIN,BUKA,AWAM,KLINIK PERGIGIAN,KLINIK PERGIGIAN SEKOLAH MENENGAH
21-04020246,KLINIK PERGIGIAN SEKOLAH D/A SEKOLAH MENENGAH KEBANGSAAN DATO' ABDUL RAHMAN YA'KUB,JALAN JASIN,77300,MELAKA,JASIN,BUKA,AWAM,KLINIK PERGIGIAN,KLINIK PERGIGIAN SEKOLAH MENENGAH
21-04020193D,KLINIK PERGIGIAN DI KLINIK KOMUNITI RTC SUNGAI RAMBAI,"LOT 6, BANGUNAN R & R",77400,MELAKA,JASIN,BUKA,AWAM,KLINIK PERGIGIAN,KLINIK PERGIGIAN DI RTC
21-04030330,KLINIK PERGIGIAN AYER MOLEK TAMBAHAN,AYER MOLEK,75460,MELAKA,MELAKA TENGAH,BUKA,AWAM,KLINIK PERGIGIAN,KLINIK PERGIGIAN (STANDALONE)
21-04030109,KLINIK PERGIGIAN MELAKA TENGAH,JALAN TUN SRI LANANG,75100,MELAKA,MELAKA TENGAH,BUKA,AWAM,KLINIK PERGIGIAN,KLINIK PERGIGIAN (STANDALONE)
21-04030267D,KLINIK PERGIGIAN DI KLINIK KESIHATAN BATU BERENDAM,LOT 7143,75350,MELAKA,MELAKA TENGAH,BUKA,AWAM,KLINIK PERGIGIAN,KLINIK PERGIGIAN DI KLINIK KESIHATAN
21-04030035D,KLINIK PERGIGIAN DI KLINIK KESIHATAN UJONG PASIR,JALAN UJONG PASIR,75150,MELAKA,MELAKA TENGAH,BUKA,AWAM,KLINIK PERGIGIAN,KLINIK PERGIGIAN DI KLINIK KESIHATAN
21-04030034D,KLINIK PERGIGIAN DI KLINIK KESIHATAN TENGKERA,"JALAN DATO WIRA POH AH TIAM, LORONG PANDAN, JALAN TENGKERA",75200,MELAKA,MELAKA TENGAH,BUKA,AWAM,KLINIK PERGIGIAN,KLINIK PERGIGIAN DI KLINIK KESIHATAN
21-04030027D,KLINIK PERGIGIAN DI KLINIK KESIHATAN PERINGGIT,JALAN PERINGGIT,75400,MELAKA,MELAKA TENGAH,BUKA,AWAM,KLINIK PERGIGIAN,KLINIK PERGIGIAN DI KLINIK KESIHATAN
21-04030020D,KLINIK PERGIGIAN DI KLINIK KESIHATAN KLEBANG BESAR,JALAN KLEBANG BESAR,75200,MELAKA,MELAKA TENGAH,BUKA,AWAM,KLINIK PERGIGIAN,KLINIK PERGIGIAN DI KLINIK KESIHATAN
21-04030012D,KLINIK PERGIGIAN DI KLINIK KESIHATAN BUKIT RAMBAI,JALAN BUKIT RAMBAI,75250,MELAKA,MELAKA TENGAH,BUKA,AWAM,KLINIK PERGIGIAN,KLINIK PERGIGIAN DI KLINIK KESIHATAN
21-04030010D,KLINIK PERGIGIAN DI KLINIK KESIHATAN AYER KEROH,JALAN AYER KEROH LAMA,75450,MELAKA,MELAKA TENGAH,BUKA,AWAM,KLINIK PERGIGIAN,KLINIK PERGIGIAN DI KLINIK KESIHATAN
11-04030005D,KLINIK PERGIGIAN DI HOSPITAL MELAKA,JALAN MUFTI HAJI KHALIL,75400,MELAKA,MELAKA TENGAH,BUKA,AWAM,KLINIK PERGIGIAN,KLINIK PERGIGIAN DI HOSPITAL
21-04030262,KLINIK PERGIGIAN SEKOLAH D/A SEKOLAH KEBANGSAAN TENGKERA 1,JALAN TENGKERA,75200,MELAKA,MELAKA TENGAH,BUKA,AWAM,KLINIK PERGIGIAN,KLINIK PERGIGIAN SEKOLAH RENDAH
21-04030261,KLINIK PERGIGIAN SEKOLAH D/A SEKOLAH KEBANGSAAN TANGGA BATU,"KM 16, SUNGAI UDANG",76300,MELAKA,MELAKA TENGAH,BUKA,AWAM,KLINIK PERGIGIAN,KLINIK PERGIGIAN SEKOLAH RENDAH
21-04030260,KLINIK PERGIGIAN SEKOLAH D/A SEKOLAH KEBANGSAAN SERI BANDAR,JALAN. AIR LELEH,75100,MELAKA,MELAKA TENGAH,BUKA,AWAM,KLINIK PERGIGIAN,KLINIK PERGIGIAN SEKOLAH RENDAH
21-04030259,KLINIK PERGIGIAN SEKOLAH D/A SEKOLAH KEBANGSAAN BANDAR HILIR,"NO. 17, JALAN PARAMESWARA",75000,MELAKA,MELAKA TENGAH,BUKA,AWAM,KLINIK PERGIGIAN,KLINIK PERGIGIAN SEKOLAH RENDAH
21-04030258,KLINIK PERGIGIAN SEKOLAH D/A SEKOLAH JENIS KEBANGSAAN (CINA) YOK BIN,"NO. 121, JALAN KUBU MELAKA",75300,MELAKA,MELAKA TENGAH,BUKA,AWAM,KLINIK PERGIGIAN,KLINIK PERGIGIAN SEKOLAH RENDAH
21-04030256,KLINIK PERGIGIAN SEKOLAH D/A SEKOLAH JENIS KEBANGSAAN (CINA) NOTRE DAME,"NO. 263, JALAN. GAJAH BERANG",75200,MELAKA,MELAKA TENGAH,BUKA,AWAM,KLINIK PERGIGIAN,KLINIK PERGIGIAN SEKOLAH RENDAH
21-04030255,KLINIK PERGIGIAN SEKOLAH D/A SEKOLAH JENIS KEBANGSAAN (CINA) KEH SENG,BUKIT BARU,75150,MELAKA,MELAKA TENGAH,BUKA,AWAM,KLINIK PERGIGIAN,KLINIK PERGIGIAN SEKOLAH RENDAH
21-04030244,KLINIK PERGIGIAN SEKOLAH D/A SEKOLAH KEBANGSAAN TAMAN BUKIT RAMBAI,BUKIT RAMBAI,75250,MELAKA,MELAKA TENGAH,BUKA,AWAM,KLINIK PERGIGIAN,KLINIK PERGIGIAN SEKOLAH RENDAH
21-04030243,KLINIK PERGIGIAN SEKOLAH D/A SEKOLAH KEBANGSAAN (P) METHODIST 1,"440-B, JALAN. TENGKERA",75200,MELAKA,MELAKA TENGAH,BUKA,AWAM,KLINIK PERGIGIAN,KLINIK PERGIGIAN SEKOLAH RENDAH
21-04030241,KLINIK PERGIGIAN SEKOLAH D/A SEKOLAH KEBANGSAAN BUKIT BARU,"KM 5, BUKIT BARU",75150,MELAKA,MELAKA TENGAH,BUKA,AWAM,KLINIK PERGIGIAN,KLINIK PERGIGIAN SEKOLAH RENDAH
21-04030238,KLINIK PERGIGIAN SEKOLAH D/A SEKOLAH JENIS KEBANGSAAN (CINA) SIANG LIN,"NO. 67, JALAN DURIAN DAUN",75400,MELAKA,MELAKA TENGAH,BUKA,AWAM,KLINIK PERGIGIAN,KLINIK PERGIGIAN SEKOLAH RENDAH
21-04030237,KLINIK PERGIGIAN SEKOLAH D/A SEKOLAH JENIS KEBANGSAAN (CINA) PING MING,"NO. 78, JALAN. TUN SRI LANANG",75100,MELAKA,MELAKA TENGAH,BUKA,AWAM,KLINIK PERGIGIAN,KLINIK PERGIGIAN SEKOLAH RENDAH
21-04030236,KLINIK PERGIGIAN SEKOLAH D/A SEKOLAH JENIS KEBANGSAAN (CINA) PAY FONG 2,"NO. 225, JALAN PARAMESWARA",75000,MELAKA,MELAKA TENGAH,BUKA,AWAM,KLINIK PERGIGIAN,KLINIK PERGIGIAN SEKOLAH RENDAH
21-04030235,KLINIK PERGIGIAN SEKOLAH D/A SEKOLAH KEBANGSAAN CONVENT OF THE INFANT JESUS 1,"NO. 144, JALAN PARAMESWARA",75000,MELAKA,MELAKA TENGAH,BUKA,AWAM,KLINIK PERGIGIAN,KLINIK PERGIGIAN SEKOLAH RENDAH
21-04030234,KLINIK PERGIGIAN SEKOLAH D/A SEKOLAH KEBANGSAAN KEM TERENDAK 1,KEM TERENDAK,76200,MELAKA,MELAKA TENGAH,BUKA,AWAM,KLINIK PERGIGIAN,KLINIK PERGIGIAN SEKOLAH RENDAH
21-04030233,KLINIK PERGIGIAN SEKOLAH D/A SEKOLAH KEBANGSAAN METHODIST ACS,JALAN. TENGKERA,75200,MELAKA,MELAKA TENGAH,BUKA,AWAM,KLINIK PERGIGIAN,KLINIK PERGIGIAN SEKOLAH RENDAH
21-04030230,KLINIK PERGIGIAN SEKOLAH D/A SEKOLAH KEBANGSAAN JLN DATUK PALEMBANG,BUKIT BARU,75150,MELAKA,MELAKA TENGAH,BUKA,AWAM,KLINIK PERGIGIAN,KLINIK PERGIGIAN SEKOLAH RENDAH
21-04030254,KLINIK PERGIGIAN SEKOLAH D/A SEKOLAH MENENGAH KEBANGSAAN MUNSHI ABDULLAH,BATU BERENDAM,75350,MELAKA,MELAKA TENGAH,BUKA,AWAM,KLINIK PERGIGIAN,KLINIK PERGIGIAN SEKOLAH MENENGAH
21-04030252,KLINIK PERGIGIAN SEKOLAH D/A SEKOLAH MENENGAH KEBANGSAAN TINGGI PEREMPUAN,"LORONG TUN FATIMAH, JALAN DURIAN DAUN",75400,MELAKA,MELAKA TENGAH,BUKA,AWAM,KLINIK PERGIGIAN,KLINIK PERGIGIAN SEKOLAH MENENGAH
21-04030232,KLINIK PERGIGIAN SEKOLAH D/A SEKOLAH MENENGAH KEBANGSAAN ST FRANCIS,JALAN. PARAMESWARA,75000,MELAKA,MELAKA TENGAH,BUKA,AWAM,KLINIK PERGIGIAN,KLINIK PERGIGIAN SEKOLAH MENENGAH
21-04030194D,KLINIK PERGIGIAN DI KLINIK KESIHATAN UTC MELAKA,"BANGUNAN UTC, JALAN HANG TUAH",75300,MELAKA,MELAKA TENGAH,BUKA,AWAM,KLINIK PERGIGIAN,KLINIK PERGIGIAN DI UTC
21-05010027D,KLINIK PERGIGIAN DI KLINIK KESIHATAN JELEBU,TINGKAT 1,71600,NEGERI SEMBILAN,JELEBU,BUKA,AWAM,KLINIK PERGIGIAN,KLINIK PERGIGIAN DI KLINIK KESIHATAN
21-05070938D,KLINIK PERGIGIAN DI KLINIK KESIHATAN ROMPIN JEMPOL,KAMPNG BARU ROMPIN,73500,NEGERI SEMBILAN,JEMPOL,BUKA,AWAM,KLINIK PERGIGIAN,KLINIK PERGIGIAN DI KLINIK KESIHATAN
21-05020289,KLINIK PERGIGIAN SEKOLAH D/A SEKOLAH JENIS KEBANGSAAN (CINA) BAHAU,KM 2,72100,NEGERI SEMBILAN,JEMPOL,BUKA,AWAM,KLINIK PERGIGIAN,KLINIK PERGIGIAN SEKOLAH RENDAH
21-05020259,KLINIK PERGIGIAN SEKOLAH D/A SEKOLAH KEBANGSAAN SERTING HILIR KOMPLEKS,FELDA SERTING HILIR,72120,NEGERI SEMBILAN,JEMPOL,BUKA,AWAM,KLINIK PERGIGIAN,KLINIK PERGIGIAN SEKOLAH RENDAH
11-05030014D,KLINIK PERGIGIAN DI HOSPITAL TUNKU AMPUAN NAJIHAH,KM 3 JALAN MELANG,72000,NEGERI SEMBILAN,KUALA PILAH,BUKA,AWAM,KLINIK PERGIGIAN,KLINIK PERGIGIAN DI HOSPITAL
21-05040130D,KLINIK PERGIGIAN DI KLINIK KESIHATAN LUKUT,"KM 10, JALAN SEREMBAN",71010,NEGERI SEMBILAN,PORT DICKSON,BUKA,AWAM,KLINIK PERGIGIAN,KLINIK PERGIGIAN DI KLINIK KESIHATAN
21-05040044D,KLINIK PERGIGIAN DI KLINIK KESIHATAN PORT DICKSON,"KM 1, JALAN SEREMBAN",71000,NEGERI SEMBILAN,PORT DICKSON,BUKA,AWAM,KLINIK PERGIGIAN,KLINIK PERGIGIAN DI KLINIK KESIHATAN
21-05040041D,KLINIK PERGIGIAN DI KLINIK KESIHATAN PASIR PANJANG,TAMAN PASIR PANJANG,71250,NEGERI SEMBILAN,PORT DICKSON,BUKA,AWAM,KLINIK PERGIGIAN,KLINIK PERGIGIAN DI KLINIK KESIHATAN
21-05040022D,KLINIK PERGIGIAN DI KLINIK KESIHATAN BUKIT PELANDUK,KAMPUNG SAWAH,71960,NEGERI SEMBILAN,PORT DICKSON,BUKA,AWAM,KLINIK PERGIGIAN,KLINIK PERGIGIAN DI KLINIK KESIHATAN
21-05040290,KLINIK PERGIGIAN SEKOLAH D/A SEKOLAH MENENGAH KEBANGSAAN DATUK MUHAMMAD YUSOF,"KM 2, JALAN SEREMBAN",71150,NEGERI SEMBILAN,PORT DICKSON,BUKA,AWAM,KLINIK PERGIGIAN,KLINIK PERGIGIAN SEKOLAH MENENGAH
21-05040278,KLINIK PERGIGIAN SEKOLAH D/A SEKOLAH MENENGAH KEBANGSAAN DATUK HAJI ABDUL SAMAD,"BATU 11/2, JALAN ESSO",71000,NEGERI SEMBILAN,PORT DICKSON,BUKA,AWAM,KLINIK PERGIGIAN,KLINIK PERGIGIAN SEKOLAH MENENGAH
21-05050047D,KLINIK PERGIGIAN DI KLINIK KESIHATAN REMBAU,JALAN BATU HAMPAR,71300,NEGERI SEMBILAN,REMBAU,BUKA,AWAM,KLINIK PERGIGIAN,KLINIK PERGIGIAN DI KLINIK KESIHATAN
21-05050042D,KLINIK PERGIGIAN DI KLINIK KESIHATAN PEDAS,PEKAN PEDAS,71400,NEGERI SEMBILAN,REMBAU,BUKA,AWAM,KLINIK PERGIGIAN,KLINIK PERGIGIAN DI KLINIK KESIHATAN
21-05060184,KLINIK PERGIGIAN SEREMBAN,JALAN RASAH,70300,NEGERI SEMBILAN,SEREMBAN,BUKA,AWAM,KLINIK PERGIGIAN,KLINIK PERGIGIAN (STANDALONE)
21-05050679,PUSAT PAKAR PERGIGIAN NEGERI SEMBILAN,JALAN RASAH,70300,NEGERI SEMBILAN,SEREMBAN,BUKA,AWAM,KLINIK PERGIGIAN,KLINIK PERGIGIAN (STANDALONE)
21-05060206D,KLINIK PERGIGIAN DI KLINIK KESIHATAN SIKAMAT,JALAN TUANKU KURSHIAH,70400,NEGERI SEMBILAN,SEREMBAN,BUKA,AWAM,KLINIK PERGIGIAN,KLINIK PERGIGIAN DI KLINIK KESIHATAN
21-05060180D,KLINIK PERGIGIAN DI KLINIK KESIHATAN SEREMBAN 2,JALAN S2A2,70200,NEGERI SEMBILAN,SEREMBAN,BUKA,AWAM,KLINIK PERGIGIAN,KLINIK PERGIGIAN DI KLINIK KESIHATAN
21-05060179D,KLINIK PERGIGIAN DI KLINIK KESIHATAN SENAWANG,PESIARAN SENAWANG 2,70450,NEGERI SEMBILAN,SEREMBAN,BUKA,AWAM,KLINIK PERGIGIAN,KLINIK PERGIGIAN DI KLINIK KESIHATAN
21-05060046D,KLINIK PERGIGIAN DI KLINIK KESIHATAN RANTAU,JALAN BESAR RANTAU,71200,NEGERI SEMBILAN,SEREMBAN,BUKA,AWAM,KLINIK PERGIGIAN,KLINIK PERGIGIAN DI KLINIK KESIHATAN
21-05060019D,KLINIK PERGIGIAN DI KLINIK KESIHATAN AMPANGAN,JALAN KUALA PILAH,70400,NEGERI SEMBILAN,SEREMBAN,BUKA,AWAM,KLINIK PERGIGIAN,KLINIK PERGIGIAN DI KLINIK KESIHATAN
21-05060291,KLINIK PERGIGIAN SEKOLAH D/A SEKOLAH JENIS KEBANGSAAN (CINA) CHI HWA,JALAN TEMIANG,70200,NEGERI SEMBILAN,SEREMBAN,BUKA,AWAM,KLINIK PERGIGIAN,KLINIK PERGIGIAN SEKOLAH RENDAH
21-05060288,KLINIK PERGIGIAN SEKOLAH D/A SEKOLAH KEBANGSAAN DATO KLANA MAAMOR,JALAN MUTHU CUMARU,70200,NEGERI SEMBILAN,SEREMBAN,BUKA,AWAM,KLINIK PERGIGIAN,KLINIK PERGIGIAN SEKOLAH RENDAH
21-05060286,KLINIK PERGIGIAN SEKOLAH D/A SEKOLAH JENIS KEBANGSAAN (CINA) CHUNG HUA,JALAN TUANKU MUNAWIR,70000,NEGERI SEMBILAN,SEREMBAN,BUKA,AWAM,KLINIK PERGIGIAN,KLINIK PERGIGIAN SEKOLAH RENDAH
21-05060266,KLINIK PERGIGIAN SEKOLAH D/A SEKOLAH KEBANGSAAN ST PAUL,JALAN SUNGAI UJUNG,70200,NEGERI SEMBILAN,SEREMBAN,BUKA,AWAM,KLINIK PERGIGIAN,KLINIK PERGIGIAN SEKOLAH RENDAH
21-05060265,KLINIK PERGIGIAN SEKOLAH D/A SEKOLAH JENIS KEBANGSAAN (CINA) PEI HUA,JALAN TUN DR. ISMAIL,70200,NEGERI SEMBILAN,SEREMBAN,BUKA,AWAM,KLINIK PERGIGIAN,KLINIK PERGIGIAN SEKOLAH RENDAH
21-05060263,KLINIK PERGIGIAN SEKOLAH D/A SEKOLAH JENIS KEBANGSAAN (CINA) CHUNG HUA,PEKAN RANTAU,71200,NEGERI SEMBILAN,SEREMBAN,BUKA,AWAM,KLINIK PERGIGIAN,KLINIK PERGIGIAN SEKOLAH RENDAH
21-05060260,KLINIK PERGIGIAN SEKOLAH D/A SEKOLAH KEBANGSAAN KING GEORGE V,"KM 4, JALAN KUALA PILAH- AMPANGAN",70400,NEGERI SEMBILAN,SEREMBAN,BUKA,AWAM,KLINIK PERGIGIAN,KLINIK PERGIGIAN SEKOLAH RENDAH
21-05060258,KLINIK PERGIGIAN SEKOLAH D/A SEKOLAH KEBANGSAAN PUTERI,JALAN LABU LAMA,70200,NEGERI SEMBILAN,SEREMBAN,BUKA,AWAM,KLINIK PERGIGIAN,KLINIK PERGIGIAN SEKOLAH RENDAH
21-05060257,KLINIK PERGIGIAN SEKOLAH D/A SEKOLAH JENIS KEBANGSAAN (CINA) CHAN WA,"NO. 46, JALAN TAN SRI MANICKAVASAGAM",70200,NEGERI SEMBILAN,SEREMBAN,BUKA,AWAM,KLINIK PERGIGIAN,KLINIK PERGIGIAN SEKOLAH RENDAH
21-05060282,KLINIK PERGIGIAN SEKOLAH D/A SEKOLAH MENENGAH KEBANGSAAN PUTERI,JALAN LABU LAMA,70200,NEGERI SEMBILAN,SEREMBAN,BUKA,AWAM,KLINIK PERGIGIAN,KLINIK PERGIGIAN SEKOLAH MENENGAH
21-05060296D,KLINIK PERGIGIAN DI KLINIK KESIHATAN UTC SEREMBAN,"UDA MALL SDN BHD, NO. G-05 & G-06, TINGKAT GF (GROUND FLOOR)",70400,NEGERI SEMBILAN,SEREMBAN,BUKA,AWAM,KLINIK PERGIGIAN,KLINIK PERGIGIAN DI UTC
21-05070131,KLINIK PERGIGIAN TAMPIN,JALAN HAJI AHMAD ZAINUDDIN,73000,NEGERI SEMBILAN,TAMPIN,BUKA,AWAM,KLINIK PERGIGIAN,KLINIK PERGIGIAN (STANDALONE)
21-05070024D,KLINIK PERGIGIAN DI KLINIK KESIHATAN GEMENCHEH,JALAN GEMENCHEH LAMA,73200,NEGERI SEMBILAN,TAMPIN,BUKA,AWAM,KLINIK PERGIGIAN,KLINIK PERGIGIAN DI KLINIK KESIHATAN
21-05070293,KLINIK PERGIGIAN SEKOLAH D/A SEKOLAH KEBANGSAAN TUNKU BESAR TAMPIN,JALAN SEREMBAN,73000,NEGERI SEMBILAN,TAMPIN,BUKA,AWAM,KLINIK PERGIGIAN,KLINIK PERGIGIAN SEKOLAH RENDAH
21-05070275,KLINIK PERGIGIAN SEKOLAH D/A SEKOLAH KEBANGSAAN TENGKU ZAINUN,JALAN SEREMBAN-TAMPIN,73000,NEGERI SEMBILAN,TAMPIN,BUKA,AWAM,KLINIK PERGIGIAN,KLINIK PERGIGIAN SEKOLAH RENDAH
21-05070268,KLINIK PERGIGIAN SEKOLAH D/A SEKOLAH JENIS KEBANGSAAN (CINA) PAY CHEE,PULAU SEBANG,78000,NEGERI SEMBILAN,TAMPIN,BUKA,AWAM,KLINIK PERGIGIAN,KLINIK PERGIGIAN SEKOLAH RENDAH
21-05070272,KLINIK PERGIGIAN SEKOLAH D/A SEKOLAH MENENGAH KEBANGSAAN TUNKU BESAR,"KM 2, JALAN SEREMBAN",73000,NEGERI SEMBILAN,TAMPIN,BUKA,AWAM,KLINIK PERGIGIAN,KLINIK PERGIGIAN SEKOLAH MENENGAH
21-06010050D,KLINIK PERGIGIAN DI KLINIK KESIHATAN KARAK,JALAN BESAR,28600,PAHANG,BENTONG,BUKA,AWAM,KLINIK PERGIGIAN,KLINIK PERGIGIAN DI KLINIK KESIHATAN
21-06010486,KLINIK PERGIGIAN SEKOLAH D/A SEKOLAH KEBANGSAAN SULAIMAN,JALAN ANNUAR,28700,PAHANG,BENTONG,BUKA,AWAM,KLINIK PERGIGIAN,KLINIK PERGIGIAN SEKOLAH RENDAH
21-06010508,KLINIK PERGIGIAN SEKOLAH D/A SEKOLAH MENENGAH KEBANGSAAN SULAIMAN,"KM 4, JALAN KUALA LUMPUR",27800,PAHANG,BENTONG,BUKA,AWAM,KLINIK PERGIGIAN,KLINIK PERGIGIAN SEKOLAH MENENGAH
21-06010504,KLINIK PERGIGIAN SEKOLAH D/A SEKOLAH MENENGAH KEBANGSAAN KARAK,JALAN BESAR KARAK,28600,PAHANG,BENTONG,BUKA,AWAM,KLINIK PERGIGIAN,KLINIK PERGIGIAN SEKOLAH MENENGAH
21-06010519,PUSAT PERGIGIAN SEKOLAH D/A SEKOLAH KEBANGSAAN FELDA LURAH BILUT,LURAH BILUT,28800,PAHANG,BENTONG,BUKA,AWAM,KLINIK PERGIGIAN,KLINIK PERGIGIAN SEKOLAH (PUSAT PERGIGIAN SEKOLAH)
21-06020494,KLINIK PERGIGIAN SEKOLAH D/A SEKOLAH KEBANGSAAN (FELDA) TEMENTI,BANDAR 32,28300,PAHANG,BERA,BUKA,AWAM,KLINIK PERGIGIAN,KLINIK PERGIGIAN SEKOLAH RENDAH
21-06020469,KLINIK PERGIGIAN SEKOLAH D/A SEKOLAH MENENGAH KEBANGSAAN BERA,BANDAR 32,28300,PAHANG,BERA,BUKA,AWAM,KLINIK PERGIGIAN,KLINIK PERGIGIAN SEKOLAH MENENGAH
11-06030015D,KLINIK PERGIGIAN DI HOSPITAL SULTANAH HAJJAH KALSOM,PERSIARAN DAYANG ENDAH,39000,PAHANG,CAMERON HIGHLANDS,BUKA,AWAM,KLINIK PERGIGIAN,KLINIK PERGIGIAN DI HOSPITAL
21-06040076D,KLINIK PERGIGIAN DI KLINIK KESIHATAN SUNGAI TEKAM UTARA,KAMPUNG SUNGAI. TEKAM UTARA,26400,PAHANG,JERANTUT,BUKA,AWAM,KLINIK PERGIGIAN,KLINIK PERGIGIAN DI KLINIK KESIHATAN
21-06040057D,KLINIK PERGIGIAN DI KLINIK KESIHATAN LEPAR UTARA 4,LEPAR UTARA 4,28070,PAHANG,JERANTUT,BUKA,AWAM,KLINIK PERGIGIAN,KLINIK PERGIGIAN DI KLINIK KESIHATAN
21-06040047D,KLINIK PERGIGIAN DI KLINIK KESIHATAN JENGKA 8,FELDA JENGKA 8,26400,PAHANG,JERANTUT,BUKA,AWAM,KLINIK PERGIGIAN,KLINIK PERGIGIAN DI KLINIK KESIHATAN
21-06040458,KLINIK PERGIGIAN SEKOLAH D/A SEKOLAH KEBANGSAAN JERANTUT,JALAN BENTA,27000,PAHANG,JERANTUT,BUKA,AWAM,KLINIK PERGIGIAN,KLINIK PERGIGIAN SEKOLAH RENDAH
21-06040457,KLINIK PERGIGIAN SEKOLAH D/A SEKOLAH JENIS KEBANGSAAN (CINA) SG JAN,JALAN BOMBA,27000,PAHANG,JERANTUT,BUKA,AWAM,KLINIK PERGIGIAN,KLINIK PERGIGIAN SEKOLAH RENDAH
21-06040495,KLINIK PERGIGIAN SEKOLAH D/A SEKOLAH MENENGAH KEBANGSAAN JERANTUT,JALAN TEMBELING,27000,PAHANG,JERANTUT,BUKA,AWAM,KLINIK PERGIGIAN,KLINIK PERGIGIAN SEKOLAH MENENGAH
21-06040456,KLINIK PERGIGIAN SEKOLAH D/A SEKOLAH MENENGAH KEBANGSAAN AGAMA TENGKU AMPUAN HAJJAH AFZAN PAHANG,"KM 4, JALAN JERANTUT -TEMERLOH",27000,PAHANG,JERANTUT,BUKA,AWAM,KLINIK PERGIGIAN,KLINIK PERGIGIAN SEKOLAH MENENGAH
21-06050392D,KLINIK PERGIGIAN DI KLINIK KESIHATAN INDERA MAHKOTA,"JALAN INDERA MAHKOTA 4, BANDAR INDERA MAHKOTA",25582,PAHANG,KUANTAN,BUKA,AWAM,KLINIK PERGIGIAN,KLINIK PERGIGIAN DI KLINIK KESIHATAN
21-06050376D,KLINIK PERGIGIAN DI KLINIK KESIHATAN PAYA BESAR,"JALAN PINTASAN KUANTAN - GAMBANG, PAYA BESAR",25150,PAHANG,KUANTAN,BUKA,AWAM,KLINIK PERGIGIAN,KLINIK PERGIGIAN DI KLINIK KESIHATAN
21-06050375D,KLINIK PERGIGIAN DI KLINIK KESIHATAN KURNIA,"BATU 3, JALAN GAMBANG",25100,PAHANG,KUANTAN,BUKA,AWAM,KLINIK PERGIGIAN,KLINIK PERGIGIAN DI KLINIK KESIHATAN
21-06050075D,KLINIK PERGIGIAN DI KLINIK KESIHATAN SUNGAI LEMBING,KAMPUNG SUNGAI LEMBING,26070,PAHANG,KUANTAN,BUKA,AWAM,KLINIK PERGIGIAN,KLINIK PERGIGIAN DI KLINIK KESIHATAN
21-06050044D,KLINIK PERGIGIAN DI KLINIK KESIHATAN JAYA GADING,JALAN GAMBANG,26070,PAHANG,KUANTAN,BUKA,AWAM,KLINIK PERGIGIAN,KLINIK PERGIGIAN DI KLINIK KESIHATAN
21-06050034D,KLINIK PERGIGIAN DI KLINIK KESIHATAN BUKIT GOH (FELDA),BUKIT GOH,26050,PAHANG,KUANTAN,BUKA,AWAM,KLINIK PERGIGIAN,KLINIK PERGIGIAN DI KLINIK KESIHATAN
21-06050028D,KLINIK PERGIGIAN DI KLINIK KESIHATAN BANDAR KUANTAN,JALAN DATO LIM HOE LEK,25200,PAHANG,KUANTAN,BUKA,AWAM,KLINIK PERGIGIAN,KLINIK PERGIGIAN DI KLINIK KESIHATAN
21-06050333D,KLINIK PERGIGIAN DI KLINIK KESIHATAN IBU DAN ANAK KUANTAN,JALAN GAMBUT,25000,PAHANG,KUANTAN,BUKA,AWAM,KLINIK PERGIGIAN,KLINIK PERGIGIAN DI KLINIK KESIHATAN IBU DAN ANAK (KKIA)
11-06050013D,KLINIK PERGIGIAN DI HOSPITAL TENGKU AMPUAN AFZAN,JALAN TANAH PUTIH,25100,PAHANG,KUANTAN,BUKA,AWAM,KLINIK PERGIGIAN,KLINIK PERGIGIAN DI HOSPITAL
21-06050517,KLINIK PERGIGIAN SEKOLAH D/A SEKOLAH JENIS KEBANGSAAN (CINA) CHUNG CHING,TANAH PUTIH,25100,PAHANG,KUANTAN,BUKA,AWAM,KLINIK PERGIGIAN,KLINIK PERGIGIAN SEKOLAH RENDAH
21-06050516,KLINIK PERGIGIAN SEKOLAH D/A SEKOLAH KEBANGSAAN ST THOMAS,JALAN BUKIT SEKILAU,25000,PAHANG,KUANTAN,BUKA,AWAM,KLINIK PERGIGIAN,KLINIK PERGIGIAN SEKOLAH RENDAH
21-06050515,KLINIK PERGIGIAN SEKOLAH D/A SEKOLAH KEBANGSAAN SULTAN ABDULLAH,JALAN DATO' WONG AH JANG,25100,PAHANG,KUANTAN,BUKA,AWAM,KLINIK PERGIGIAN,KLINIK PERGIGIAN SEKOLAH RENDAH
21-06050510,KLINIK PERGIGIAN SEKOLAH D/A SEKOLAH JENIS KEBANGSAAN (CINA) KUANG HWA,INDERA MAHKOTA,25200,PAHANG,KUANTAN,BUKA,AWAM,KLINIK PERGIGIAN,KLINIK PERGIGIAN SEKOLAH RENDAH
21-06050509,KLINIK PERGIGIAN SEKOLAH D/A SEKOLAH JENIS KEBANGSAAN (CINA) PEI CHAI,JALAN AIR PUTIH,25300,PAHANG,KUANTAN,BUKA,AWAM,KLINIK PERGIGIAN,KLINIK PERGIGIAN SEKOLAH RENDAH
21-06050503,KLINIK PERGIGIAN SEKOLAH D/A SEKOLAH KEBANGSAAN TERUNTUM,JALAN GAMBUT,25000,PAHANG,KUANTAN,BUKA,AWAM,KLINIK PERGIGIAN,KLINIK PERGIGIAN SEKOLAH RENDAH
21-06050501,KLINIK PERGIGIAN SEKOLAH D/A SEKOLAH KEBANGSAAN BALOK,JALAN KEMAMAN,26100,PAHANG,KUANTAN,BUKA,AWAM,KLINIK PERGIGIAN,KLINIK PERGIGIAN SEKOLAH RENDAH
21-06050500,KLINIK PERGIGIAN SEKOLAH D/A SEKOLAH KEBANGSAAN CENDERAWASIH,"LORONG BUKIT SETONGKOL 13, TAMAN CENDERAWASIH",25200,PAHANG,KUANTAN,BUKA,AWAM,KLINIK PERGIGIAN,KLINIK PERGIGIAN SEKOLAH RENDAH
21-06050498,KLINIK PERGIGIAN SEKOLAH D/A SEKOLAH KEBANGSAAN PEREMPUAN METHODIST,JALAN GAMBUT,25000,PAHANG,KUANTAN,BUKA,AWAM,KLINIK PERGIGIAN,KLINIK PERGIGIAN SEKOLAH RENDAH
21-06050492,KLINIK PERGIGIAN SEKOLAH D/A SEKOLAH KEBANGSAAN FAKEH ABD. SAMAD,JALAN GAMBANG,25150,PAHANG,KUANTAN,BUKA,AWAM,KLINIK PERGIGIAN,KLINIK PERGIGIAN SEKOLAH RENDAH
21-06050489,KLINIK PERGIGIAN SEKOLAH D/A SEKOLAH JENIS KEBANGSAAN (CINA) SUNGAI LEMBING,SUNGAI LEMBING,26200,PAHANG,KUANTAN,BUKA,AWAM,KLINIK PERGIGIAN,KLINIK PERGIGIAN SEKOLAH RENDAH
21-06050484,KLINIK PERGIGIAN SEKOLAH D/A SEKOLAH KEBANGSAAN ASSUNTA CONVENT,"JALAN TENGKU MUHAMMAD, ALOR AKAR",25050,PAHANG,KUANTAN,BUKA,AWAM,KLINIK PERGIGIAN,KLINIK PERGIGIAN SEKOLAH RENDAH
21-06050465,KLINIK PERGIGIAN SEKOLAH D/A SEKOLAH KEBANGSAAN SUNGAI LEMBING,JALAN SUNGAI LEMBING,25200,PAHANG,KUANTAN,BUKA,AWAM,KLINIK PERGIGIAN,KLINIK PERGIGIAN SEKOLAH RENDAH
21-06050464,KLINIK PERGIGIAN SEKOLAH D/A SEKOLAH KEBANGSAAN PERMATANG BADAK,KAMPUNG PERMATANG BADAK,25150,PAHANG,KUANTAN,BUKA,AWAM,KLINIK PERGIGIAN,KLINIK PERGIGIAN SEKOLAH RENDAH
21-06050453,KLINIK PERGIGIAN SEKOLAH D/A SEKOLAH KEBANGSAAN (LKTP) BUKIT GOH,(LKTP) BUKIT GOH,26050,PAHANG,KUANTAN,BUKA,AWAM,KLINIK PERGIGIAN,KLINIK PERGIGIAN SEKOLAH RENDAH
21-06050514,KLINIK PERGIGIAN SEKOLAH D/A SEKOLAH MENENGAH KEBANGSAAN ABDUL RAHMAN TALIB,JALAN ALOR AKAR,25250,PAHANG,KUANTAN,BUKA,AWAM,KLINIK PERGIGIAN,KLINIK PERGIGIAN SEKOLAH MENENGAH
21-06050513,KLINIK PERGIGIAN SEKOLAH D/A SEKOLAH MENENGAH SAINS SULTAN HAJI AHMAD SHAH,"KM 12, JALAN GAMBANG",25150,PAHANG,KUANTAN,BUKA,AWAM,KLINIK PERGIGIAN,KLINIK PERGIGIAN SEKOLAH MENENGAH
21-06050455,KLINIK PERGIGIAN SEKOLAH D/A MAKTAB RENDAH SAINS MARA KUANTAN,"JALAN TOK SIRA, KAMPUNG ALOR AKAR",25250,PAHANG,KUANTAN,BUKA,AWAM,KLINIK PERGIGIAN,KLINIK PERGIGIAN SEKOLAH MENENGAH
21-06050454,KLINIK PERGIGIAN SEKOLAH D/A SEKOLAH MENENGAH KEBANGSAAN TANAH PUTEH,JALAN TANAH PUTIH,25100,PAHANG,KUANTAN,BUKA,AWAM,KLINIK PERGIGIAN,KLINIK PERGIGIAN SEKOLAH MENENGAH
21-06050518,PUSAT PERGIGIAN SEKOLAH D/A SEKOLAH MENENGAH ALOR AKAR,SEKOLAH MENENGAH ALOR AKAR,25000,PAHANG,KUANTAN,BUKA,AWAM,KLINIK PERGIGIAN,KLINIK PERGIGIAN SEKOLAH (PUSAT PERGIGIAN SEKOLAH)
21-06050399D,KLINIK PERGIGIAN DI KLINIK KESIHATAN UTC PAHANG,ARAS BAWAH BANGUNAN UTC,25000,PAHANG,KUANTAN,BUKA,AWAM,KLINIK PERGIGIAN,KLINIK PERGIGIAN DI UTC
21-06060511,KLINIK PERGIGIAN SEKOLAH D/A SEKOLAH KEBANGSAAN CLIFFORD,JALAN PEKELILING,27200,PAHANG,LIPIS,BUKA,AWAM,KLINIK PERGIGIAN,KLINIK PERGIGIAN SEKOLAH RENDAH
21-06060460,KLINIK PERGIGIAN SEKOLAH D/A SEKOLAH KEBANGSAAN (FELDA) SG KOYAN,"JALAN KETUALANG, FELDA SUNGAI KOYAN 1",27650,PAHANG,LIPIS,BUKA,AWAM,KLINIK PERGIGIAN,KLINIK PERGIGIAN SEKOLAH RENDAH
21-06060506,KLINIK PERGIGIAN SEKOLAH D/A SEKOLAH MENENGAH KEBANGSAAN PADANG TENGKU,PADANG TENGKU,27100,PAHANG,LIPIS,BUKA,AWAM,KLINIK PERGIGIAN,KLINIK PERGIGIAN SEKOLAH MENENGAH
21-06070522D,KLINIK PERGIGIAN DI KLINIK KESIHATAN SRI JAYA,"KLINIK PERGIGIAN DI KLINIK KESIHATAN SRI JAYA, SRI JAYA",26500,PAHANG,MARAN,BUKA,AWAM,KLINIK PERGIGIAN,KLINIK PERGIGIAN DI KLINIK KESIHATAN
21-06070059D,KLINIK PERGIGIAN DI KLINIK KESIHATAN MARAN,JALAN MARAN,26500,PAHANG,MARAN,BUKA,AWAM,KLINIK PERGIGIAN,KLINIK PERGIGIAN DI KLINIK KESIHATAN
21-06070046D,KLINIK PERGIGIAN DI KLINIK KESIHATAN JENGKA 22,FELDA JENGKA 22,26400,PAHANG,MARAN,BUKA,AWAM,KLINIK PERGIGIAN,KLINIK PERGIGIAN DI KLINIK KESIHATAN
21-06070045D,KLINIK PERGIGIAN DI KLINIK KESIHATAN JENGKA 2,FELDA JENGKA,26400,PAHANG,MARAN,BUKA,AWAM,KLINIK PERGIGIAN,KLINIK PERGIGIAN DI KLINIK KESIHATAN
21-06070491,KLINIK PERGIGIAN SEKOLAH D/A SEKOLAH KEBANGSAAN JENGKA PUSAT 2,LINTASAN SEMARAK,26400,PAHANG,MARAN,BUKA,AWAM,KLINIK PERGIGIAN,KLINIK PERGIGIAN SEKOLAH RENDAH
21-06070470,KLINIK PERGIGIAN SEKOLAH D/A SEKOLAH MENENGAH KEBANGSAAN JENGKA PUSAT,BANDAR JENGKA,26400,PAHANG,MARAN,BUKA,AWAM,KLINIK PERGIGIAN,KLINIK PERGIGIAN SEKOLAH MENENGAH
21-06080068D,KLINIK PERGIGIAN DI KLINIK KESIHATAN PERAMU JAYA,PERAMU JAYA,26600,PAHANG,PEKAN,BUKA,AWAM,KLINIK PERGIGIAN,KLINIK PERGIGIAN DI KLINIK KESIHATAN
21-06080064D,KLINIK PERGIGIAN DI KLINIK KESIHATAN PADANG RUMBIA,KAMPUNG PADANG RUMBIA,26600,PAHANG,PEKAN,BUKA,AWAM,KLINIK PERGIGIAN,KLINIK PERGIGIAN DI KLINIK KESIHATAN
21-06080063D,KLINIK PERGIGIAN DI KLINIK KESIHATAN NENASI,KAMPUNG NENASI,26680,PAHANG,PEKAN,BUKA,AWAM,KLINIK PERGIGIAN,KLINIK PERGIGIAN DI KLINIK KESIHATAN
21-06080040D,KLINIK PERGIGIAN DI KLINIK KESIHATAN CHINI,FELDA CHINI 1,26690,PAHANG,PEKAN,BUKA,AWAM,KLINIK PERGIGIAN,KLINIK PERGIGIAN DI KLINIK KESIHATAN
21-06080493,KLINIK PERGIGIAN SEKOLAH D/A SEKOLAH KEBANGSAAN INDERA SHAHBANDAR,KAMPUNG KUALA PAHANG,26660,PAHANG,PEKAN,BUKA,AWAM,KLINIK PERGIGIAN,KLINIK PERGIGIAN SEKOLAH RENDAH
21-06080483,KLINIK PERGIGIAN SEKOLAH D/A SEKOLAH KEBANGSAAN SULTAN AHMAD,JALAN ROMPIN LAMA,26600,PAHANG,PEKAN,BUKA,AWAM,KLINIK PERGIGIAN,KLINIK PERGIGIAN SEKOLAH RENDAH
21-06080466,KLINIK PERGIGIAN SEKOLAH D/A SEKOLAH KEBANGSAAN TANAH PUTEH,KAMPUNG TANAH PUTEH,26600,PAHANG,PEKAN,BUKA,AWAM,KLINIK PERGIGIAN,KLINIK PERGIGIAN SEKOLAH RENDAH
21-06080462,KLINIK PERGIGIAN SEKOLAH D/A SEKOLAH KEBANGSAA CHINI 1 & 4,FELDA CHINI 1,26690,PAHANG,PEKAN,BUKA,AWAM,KLINIK PERGIGIAN,KLINIK PERGIGIAN SEKOLAH RENDAH
21-06080480,KLINIK PERGIGIAN SEKOLAH D/A SEKOLAH MENENGAH KEBANGSAAN PALOH HINAI,PALOH HINAI,26650,PAHANG,PEKAN,BUKA,AWAM,KLINIK PERGIGIAN,KLINIK PERGIGIAN SEKOLAH MENENGAH
21-06080473,KLINIK PERGIGIAN SEKOLAH D/A SEKOLAH SULTAN HAJI AHMAD SHAH,JALAN SULTAN ABU BAKAR,26600,PAHANG,PEKAN,BUKA,AWAM,KLINIK PERGIGIAN,KLINIK PERGIGIAN SEKOLAH MENENGAH
21-06080471,KLINIK PERGIGIAN SEKOLAH D/A SEKOLAH MENENGAH DATO' MAHMUD MAT,TANAH PUTEH,26600,PAHANG,PEKAN,BUKA,AWAM,KLINIK PERGIGIAN,KLINIK PERGIGIAN SEKOLAH MENENGAH
21-06070560D,KLINIK PERGIGIAN DI KLINIK KESIHATAN BANDAR RAUB,JALAN CHEROH LAMA,27600,PAHANG,RAUB,BUKA,AWAM,KLINIK PERGIGIAN,KLINIK PERGIGIAN DI KLINIK KESIHATAN
21-06090497,KLINIK PERGIGIAN SEKOLAH D/A SEKOLAH KEBANGSAAN (CINA) CHUNG CHING,JALAN LIPIS,27600,PAHANG,RAUB,BUKA,AWAM,KLINIK PERGIGIAN,KLINIK PERGIGIAN SEKOLAH RENDAH
21-06090496,KLINIK PERGIGIAN SEKOLAH D/A SEKOLAH KEBANGSAAN MAHMUD,JALAN CHEROH,27600,PAHANG,RAUB,BUKA,AWAM,KLINIK PERGIGIAN,KLINIK PERGIGIAN SEKOLAH RENDAH
21-06090463,KLINIK PERGIGIAN SEKOLAH D/A SEKOLAH KEBANGSAAN LKTP TERSANG SATU,FELDA TERSANG 1,27600,PAHANG,RAUB,BUKA,AWAM,KLINIK PERGIGIAN,KLINIK PERGIGIAN SEKOLAH RENDAH
21-06090481,KLINIK PERGIGIAN SEKOLAH D/A SEKOLAH MENENGAH KEBANGSAAN LKTP TERSANG,FELDA TERSANG 2,27610,PAHANG,RAUB,BUKA,AWAM,KLINIK PERGIGIAN,KLINIK PERGIGIAN SEKOLAH MENENGAH
21-06090478,KLINIK PERGIGIAN SEKOLAH D/A SEKOLAH MENENGAH MAHMUD,JALAN TRAS,27600,PAHANG,RAUB,BUKA,AWAM,KLINIK PERGIGIAN,KLINIK PERGIGIAN SEKOLAH MENENGAH
21-06090477,KLINIK PERGIGIAN SEKOLAH D/A SEKOLAH MENENGAH TENGKU KUDIN,JALAN CHEROH,27600,PAHANG,RAUB,BUKA,AWAM,KLINIK PERGIGIAN,KLINIK PERGIGIAN SEKOLAH MENENGAH
21-06090474,KLINIK PERGIGIAN SEKOLAH D/A SEKOLAH MENENGAH SAINS TENGKU ABDULLAH,"KM 6, JALAN LIPIS",27600,PAHANG,RAUB,BUKA,AWAM,KLINIK PERGIGIAN,KLINIK PERGIGIAN SEKOLAH MENENGAH
21-06100079D,KLINIK PERGIGIAN DI KLINIK KESIHATAN TEKEK,"TEKEK, PULAU TIOMAN",86800,PAHANG,ROMPIN,BUKA,AWAM,KLINIK PERGIGIAN,KLINIK PERGIGIAN DI KLINIK KESIHATAN
21-06100070D,KLINIK PERGIGIAN DI KLINIK KESIHATAN PERWIRA JAYA,"WAKIL POS, BANDAR 19",26700,PAHANG,ROMPIN,BUKA,AWAM,KLINIK PERGIGIAN,KLINIK PERGIGIAN DI KLINIK KESIHATAN
21-06100035D,KLINIK PERGIGIAN DI KLINIK KESIHATAN BUKIT IBAM,MUADZAM SHAH,26700,PAHANG,ROMPIN,BUKA,AWAM,KLINIK PERGIGIAN,KLINIK PERGIGIAN DI KLINIK KESIHATAN
21-06100502,KLINIK PERGIGIAN SEKOLAH D/A SEKOLAH KEBANGSAAN BUKIT RIDAN,JALAN SEKOLAH,26000,PAHANG,ROMPIN,BUKA,AWAM,KLINIK PERGIGIAN,KLINIK PERGIGIAN SEKOLAH RENDAH
21-06100499,KLINIK PERGIGIAN SEKOLAH D/A SEKOLAH KEBANGSAAN (LKTP) KERATONG 4,JALAN MAKTAB,26900,PAHANG,ROMPIN,BUKA,AWAM,KLINIK PERGIGIAN,KLINIK PERGIGIAN SEKOLAH RENDAH
21-06100468,KLINIK PERGIGIAN SEKOLAH D/A SEKOLAH KEBAGSAAN ROMPIN,BANDAR KUALA ROMPIN,26800,PAHANG,ROMPIN,BUKA,AWAM,KLINIK PERGIGIAN,KLINIK PERGIGIAN SEKOLAH RENDAH
21-06100507,KLINIK PERGIGIAN SEKOLAH D/A SEKOLAH MENENGAH KEBANGSAAN ROMPIN,JALAN TUN SYED OTHMAN,26800,PAHANG,ROMPIN,BUKA,AWAM,KLINIK PERGIGIAN,KLINIK PERGIGIAN SEKOLAH MENENGAH
21-06100479,KLINIK PERGIGIAN SEKOLAH D/A SEKOLAH MENENGAH KEBANGSAAN MUADZAM SHAH,JALAN SEKOLAH,26700,PAHANG,ROMPIN,BUKA,AWAM,KLINIK PERGIGIAN,KLINIK PERGIGIAN SEKOLAH MENENGAH
21-06100472,KLINIK PERGIGIAN SEKOLAH D/A SEKOLAH MENENGAH KEBANGSAAN KERATONG,JALAN SEKOLAH,26900,PAHANG,ROMPIN,BUKA,AWAM,KLINIK PERGIGIAN,KLINIK PERGIGIAN SEKOLAH MENENGAH
21-06110080D,KLINIK PERGIGIAN DI KLINIK KESIHATAN TEMERLOH,JALAN TRIANG,28000,PAHANG,TEMERLOH,BUKA,AWAM,KLINIK PERGIGIAN,KLINIK PERGIGIAN DI KLINIK KESIHATAN
21-06110029D,KLINIK PERGIGIAN DI KLINIK KESIHATAN BANDAR MENTAKAB,JALAN KARAK,28400,PAHANG,TEMERLOH,BUKA,AWAM,KLINIK PERGIGIAN,KLINIK PERGIGIAN DI KLINIK KESIHATAN
11-06110022D,KLINIK PERGIGIAN DI HOSPITAL SULTAN HAJI AHMAD SHAH,JALAN MARAN,28500,PAHANG,TEMERLOH,BUKA,AWAM,KLINIK PERGIGIAN,KLINIK PERGIGIAN DI HOSPITAL
21-06110490,KLINIK PERGIGIAN SEKOLAH D/A SEKOLAH KEBANGSAAN ABU BAKAR,JALAN SIANTAN,28400,PAHANG,TEMERLOH,BUKA,AWAM,KLINIK PERGIGIAN,KLINIK PERGIGIAN SEKOLAH RENDAH
21-06110485,KLINIK PERGIGIAN SEKOLAH D/A SEKOLAH KEBANGSAAN JALAN BAHAGIA,JALAN BAHAGIA,28000,PAHANG,TEMERLOH,BUKA,AWAM,KLINIK PERGIGIAN,KLINIK PERGIGIAN SEKOLAH RENDAH
21-06110482,KLINIK PERGIGIAN SEKOLAH D/A SEKOLAH JENIS KEBANGSAAN (CINA) MENTAKAB 1 & 2,JALAN TEMERLOH,28000,PAHANG,TEMERLOH,BUKA,AWAM,KLINIK PERGIGIAN,KLINIK PERGIGIAN SEKOLAH RENDAH
21-06110467,KLINIK PERGIGIAN SEKOLAH D/A SEKOLAH KEBANGSAAN PAYA PULAI,"KM 6, JALAN MARAN",28000,PAHANG,TEMERLOH,BUKA,AWAM,KLINIK PERGIGIAN,KLINIK PERGIGIAN SEKOLAH RENDAH
21-06110461,KLINIK PERGIGIAN SEKOLAH D/A SEKOLAH KEBANGSAAN BANDAR MENTAKAB,KM 2 JALAN TEMERLOH,28400,PAHANG,TEMERLOH,BUKA,AWAM,KLINIK PERGIGIAN,KLINIK PERGIGIAN SEKOLAH RENDAH
21-06110476,KLINIK PERGIGIAN SEKOLAH D/A SEKOLAH MENENGAH KEBANGSAAN SERI BAHAGIA,JALAN BAHAGIA,28000,PAHANG,TEMERLOH,BUKA,AWAM,KLINIK PERGIGIAN,KLINIK PERGIGIAN SEKOLAH MENENGAH
21-06110475,KLINIK PERGIGIAN SEKOLAH D/A SEKOLAH MENENGAH KEBANGSAAN SEBERANG TEMERLOH,JALAN MARAN,28000,PAHANG,TEMERLOH,BUKA,AWAM,KLINIK PERGIGIAN,KLINIK PERGIGIAN SEKOLAH MENENGAH
21-08020090D,KLINIK PERGIGIAN DI KLINIK KESIHATAN SG.SUMUN,JALAN BAGAN DATOH,36300,PERAK,BAGAN DATUK,BUKA,AWAM,KLINIK PERGIGIAN,KLINIK PERGIGIAN DI KLINIK KESIHATAN
21-08020083D,KLINIK PERGIGIAN DI KLINIK KESIHATAN SELEKOH,JALAN BAGAN DATOH,36200,PERAK,BAGAN DATUK,BUKA,AWAM,KLINIK PERGIGIAN,KLINIK PERGIGIAN DI KLINIK KESIHATAN
21-08020594,KLINIK PERGIGIAN SEKOLAH D/A SEKOLAH KEBANGSAAN KHIR JOHARI,"BATU 17, SUNGAI SUMUN",36300,PERAK,BAGAN DATUK,BUKA,AWAM,KLINIK PERGIGIAN,KLINIK PERGIGIAN SEKOLAH RENDAH
21-08010095D,KLINIK PERGIGIAN DI KLINIK KESIHATAN TAPAH,JALAN DAMAI,35000,PERAK,BATANG PADANG,BUKA,AWAM,KLINIK PERGIGIAN,KLINIK PERGIGIAN DI KLINIK KESIHATAN
21-08010091D,KLINIK PERGIGIAN DI KLINIK KESIHATAN SUNGKAI,JALAN PEJABAT POS,35600,PERAK,BATANG PADANG,BUKA,AWAM,KLINIK PERGIGIAN,KLINIK PERGIGIAN DI KLINIK KESIHATAN
21-08010034D,KLINIK PERGIGIAN DI KLINIK KESIHATAN BIDOR,JALAN BESAR,35000,PERAK,BATANG PADANG,BUKA,AWAM,KLINIK PERGIGIAN,KLINIK PERGIGIAN DI KLINIK KESIHATAN
21-08010542,KLINIK PERGIGIAN SEKOLAH D/A SEKOLAH KEBANGSAAN SERI BESOUT,FELDA GUNUNG BESOUT 01,35600,PERAK,BATANG PADANG,BUKA,AWAM,KLINIK PERGIGIAN,KLINIK PERGIGIAN SEKOLAH RENDAH
21-08020400,KLINIK PERGIGIAN PAKAR JALAN PUTRA,JALAN PUTRA,36000,PERAK,HILIR PERAK,BUKA,AWAM,KLINIK PERGIGIAN,KLINIK PERGIGIAN (STANDALONE)
21-08020360D,KLINIK PERGIGIAN DI KLINIK KESIHATAN TELUK INTAN,JALAN BANDAR,36000,PERAK,HILIR PERAK,BUKA,AWAM,KLINIK PERGIGIAN,KLINIK PERGIGIAN DI KLINIK KESIHATAN
21-08020062D,KLINIK PERGIGIAN DI KLINIK KESIHATAN LANGKAP,JALAN DEGONG,36700,PERAK,HILIR PERAK,BUKA,AWAM,KLINIK PERGIGIAN,KLINIK PERGIGIAN DI KLINIK KESIHATAN
21-08020042D,KLINIK PERGIGIAN DI KLINIK KESIHATAN CHENDERONG BALAI,JALAN LABU KUBONG,36600,PERAK,HILIR PERAK,BUKA,AWAM,KLINIK PERGIGIAN,KLINIK PERGIGIAN DI KLINIK KESIHATAN
11-08020024D,KLINIK PERGIGIAN DI HOSPITAL TELUK INTAN,JALAN CHANGKAT JONG,36000,PERAK,HILIR PERAK,BUKA,AWAM,KLINIK PERGIGIAN,KLINIK PERGIGIAN DI HOSPITAL
21-08020601,KLINIK PERGIGIAN SEKOLAH D/A SEKOLAH KEBANGSAAN CONVENT,JALAN SUNGAI. NIBONG,36000,PERAK,HILIR PERAK,BUKA,AWAM,KLINIK PERGIGIAN,KLINIK PERGIGIAN SEKOLAH RENDAH
21-08020595,KLINIK PERGIGIAN SEKOLAH D/A SEKOLAH KEBANGSAAN SULTAN ABDUL AZIZ,JALAN PADANG TEMBAK,36000,PERAK,HILIR PERAK,BUKA,AWAM,KLINIK PERGIGIAN,KLINIK PERGIGIAN SEKOLAH RENDAH
21-08020593,KLINIK PERGIGIAN SEKOLAH D/A SEKOLAH KEBANGSAAN DATO' YAHYA SUBBAN,JALAN LABU KUBONG,36600,PERAK,HILIR PERAK,BUKA,AWAM,KLINIK PERGIGIAN,KLINIK PERGIGIAN SEKOLAH RENDAH
21-08020531,KLINIK PERGIGIAN SEKOLAH D/A SEKOLAH MENENGAH KEBANGSAAN ABDUL RAHMAN TALIB,JALAN CHANGKAT JONG,36000,PERAK,HILIR PERAK,BUKA,AWAM,KLINIK PERGIGIAN,KLINIK PERGIGIAN SEKOLAH MENENGAH
21-08030354D,KLINIK PERGIGIAN DI KLINIK KESIHATAN IBU & ANAK GERIK,JALAN INTAN,33300,PERAK,HULU PERAK,BUKA,AWAM,KLINIK PERGIGIAN,KLINIK PERGIGIAN DI KLINIK KESIHATAN IBU DAN ANAK (KKIA)
21-08030554,KLINIK PERGIGIAN SEKOLAH D/A SEKOLAH KEBANGSAAN (FELDA) PAPULUT,FELDA PAPULUT,33300,PERAK,HULU PERAK,BUKA,AWAM,KLINIK PERGIGIAN,KLINIK PERGIGIAN SEKOLAH RENDAH
21-08030553,KLINIK PERGIGIAN SEKOLAH D/A SEKOLAH KEBANGSAAN (FELDA) LEPANG NENERING,FELDA LEPANG NENERING,33100,PERAK,HULU PERAK,BUKA,AWAM,KLINIK PERGIGIAN,KLINIK PERGIGIAN SEKOLAH RENDAH
21-08030552,KLINIK PERGIGIAN SEKOLAH D/A SEKOLAH KEBANGSAAN (FELDA) LAWIN UTARA,FELDA LAWIN UTARA,33300,PERAK,HULU PERAK,BUKA,AWAM,KLINIK PERGIGIAN,KLINIK PERGIGIAN SEKOLAH RENDAH
21-08030549,KLINIK PERGIGIAN SEKOLAH D/A SEKOLAH KEBANGSAAN BATU 4,"BATU 4, JALAN KUALA RUI",33300,PERAK,HULU PERAK,BUKA,AWAM,KLINIK PERGIGIAN,KLINIK PERGIGIAN SEKOLAH RENDAH
21-08030575,KLINIK PERGIGIAN SEKOLAH D/A SEKOLAH MENENGAH KEBANGSAAN SULTAN IDRIS SHAH II,KAMPUNG AIR PANAS,33300,PERAK,HULU PERAK,BUKA,AWAM,KLINIK PERGIGIAN,KLINIK PERGIGIAN SEKOLAH MENENGAH
21-08110052D,KLINIK PERGIGIAN DI KLINIK KESIHATAN KAMPAR,JALAN DEGONG,31900,PERAK,KAMPAR,BUKA,AWAM,KLINIK PERGIGIAN,KLINIK PERGIGIAN DI KLINIK KESIHATAN
21-08110604,KLINIK PERGIGIAN SEKOLAH D/A SEKOLAH JENIS KEBANGSAAN (CINA) PEI YUAN,"NO 9, JALAN DIPANG",31907,PERAK,KAMPAR,BUKA,AWAM,KLINIK PERGIGIAN,KLINIK PERGIGIAN SEKOLAH RENDAH
21-08110602,KLINIK PERGIGIAN SEKOLAH D/A SEKOLAH KEBANGSAAN METHODIST (ACS),"NO. 1, JALAN KUALA DIPANG",31900,PERAK,KAMPAR,BUKA,AWAM,KLINIK PERGIGIAN,KLINIK PERGIGIAN SEKOLAH RENDAH
21-08040374,KLINIK PERGIGIAN PARIT BUNTAR,JALAN SEMPADAN,34200,PERAK,KERIAN,BUKA,AWAM,KLINIK PERGIGIAN,KLINIK PERGIGIAN (STANDALONE)
21-08040600,KLINIK PERGIGIAN SEKOLAH D/A SEKOLAH JENIS KEBANGSAAN (CINA) SIN HWA,JALAN ABD RAOF,34200,PERAK,KERIAN,BUKA,AWAM,KLINIK PERGIGIAN,KLINIK PERGIGIAN SEKOLAH RENDAH
21-08040599,KLINIK PERGIGIAN SEKOLAH D/A SEKOLAH JENIS KEBANGSAAN (CINA) NAM HUA,JALAN BESAR,34250,PERAK,KERIAN,BUKA,AWAM,KLINIK PERGIGIAN,KLINIK PERGIGIAN SEKOLAH RENDAH
21-08040596,KLINIK PERGIGIAN SEKOLAH D/A SEKOLAH KEBANGSAAN BARU PARIT BUNTAR,JALAN SEKOLAH,34200,PERAK,KERIAN,BUKA,AWAM,KLINIK PERGIGIAN,KLINIK PERGIGIAN SEKOLAH RENDAH
21-08040592,KLINIK PERGIGIAN SEKOLAH D/A SEKOLAH KEBANGSAAN ALOR PONGSU,JALAN SELAMA ALOR PONGSU,34300,PERAK,KERIAN,BUKA,AWAM,KLINIK PERGIGIAN,KLINIK PERGIGIAN SEKOLAH RENDAH
21-08040536,KLINIK PERGIGIAN SEKOLAH D/A SEKOLAH JENIS KEBANGSAAN (CINA) YU CHAI,JALAN PANTAI,34350,PERAK,KERIAN,BUKA,AWAM,KLINIK PERGIGIAN,KLINIK PERGIGIAN SEKOLAH RENDAH
21-08040533,KLINIK PERGIGIAN SEKOLAH D/A SEKOLAH KEBANGSAAN TANJONG PIANDANG,JALAN ATAS,34250,PERAK,KERIAN,BUKA,AWAM,KLINIK PERGIGIAN,KLINIK PERGIGIAN SEKOLAH RENDAH
21-08040535,KLINIK PERGIGIAN SEKOLAH D/A SEKOLAH MENENGAH KEBANGSAAN PEKAN BARU,"JALAN MERBOK, TAMAN PEKAN BARU",34200,PERAK,KERIAN,BUKA,AWAM,KLINIK PERGIGIAN,KLINIK PERGIGIAN SEKOLAH MENENGAH
21-08040534,KLINIK PERGIGIAN SEKOLAH D/A SEKOLAH MENENGAH KEBANGSAAN KRIAN,JALAN SEKOLAH,34200,PERAK,KERIAN,BUKA,AWAM,KLINIK PERGIGIAN,KLINIK PERGIGIAN SEKOLAH MENENGAH
21-08050376,KLINIK PERGIGIAN IPOH,JALAN PANGLIMA BUKIT GANTANG WAHAB,30590,PERAK,KINTA,BUKA,AWAM,KLINIK PERGIGIAN,KLINIK PERGIGIAN (STANDALONE)
21-08030693,KLINIK PERGIGIAN TRONOH,JALAN TRONOH,31750,PERAK,KINTA,BUKA,AWAM,KLINIK PERGIGIAN,KLINIK PERGIGIAN (STANDALONE)
21-08050383D,KLINIK PERGIGIAN DI KLINIK KESIHATAN BUNTONG,"PERSIARAN DESA RISHAH 2, TAMAN DESA RISHAH",30100,PERAK,KINTA,BUKA,AWAM,KLINIK PERGIGIAN,KLINIK PERGIGIAN DI KLINIK KESIHATAN
21-08050075D,KLINIK PERGIGIAN DI KLINIK KESIHATAN PASIR PINJI,JALAN BUNGA RAYA,31650,PERAK,KINTA,BUKA,AWAM,KLINIK PERGIGIAN,KLINIK PERGIGIAN DI KLINIK KESIHATAN
21-08050070D,KLINIK PERGIGIAN DI KLINIK KESIHATAN MENGLEMBU,JALAN MENGLEMBU TIMUR 16,31450,PERAK,KINTA,BUKA,AWAM,KLINIK PERGIGIAN,KLINIK PERGIGIAN DI KLINIK KESIHATAN
21-08050068D,KLINIK PERGIGIAN DI KLINIK KESIHATAN MANJOI,DEWAN JALAN FATIMAH,30200,PERAK,KINTA,BUKA,AWAM,KLINIK PERGIGIAN,KLINIK PERGIGIAN DI KLINIK KESIHATAN
21-08050054D,KLINIK PERGIGIAN DI KLINIK KESIHATAN KG. SIMEE,JALAN KOMPLEKS SUKAN,31400,PERAK,KINTA,BUKA,AWAM,KLINIK PERGIGIAN,KLINIK PERGIGIAN DI KLINIK KESIHATAN
21-08050051D,KLINIK PERGIGIAN DI KLINIK KESIHATAN JELAPANG,JALAN JELAPANG,30020,PERAK,KINTA,BUKA,AWAM,KLINIK PERGIGIAN,KLINIK PERGIGIAN DI KLINIK KESIHATAN
21-08050047D,KLINIK PERGIGIAN DI KLINIK KESIHATAN GUNUNG RAPAT,JALAN RAJA DR. NAZRIN SHAH,31350,PERAK,KINTA,BUKA,AWAM,KLINIK PERGIGIAN,KLINIK PERGIGIAN DI KLINIK KESIHATAN
21-08050045D,KLINIK PERGIGIAN DI KLINIK KESIHATAN GREENTOWN,JALAN RAJA MUSA AZIZ,30450,PERAK,KINTA,BUKA,AWAM,KLINIK PERGIGIAN,KLINIK PERGIGIAN DI KLINIK KESIHATAN
21-08050041D,KLINIK PERGIGIAN DI KLINIK KESIHATAN CHEMOR,JALAN TANAH HITAM,31200,PERAK,KINTA,BUKA,AWAM,KLINIK PERGIGIAN,KLINIK PERGIGIAN DI KLINIK KESIHATAN
11-08050012D,KLINIK PERGIGIAN DI HOSPITAL BATU GAJAH,JALAN CHANGKAT,31000,PERAK,KINTA,BUKA,AWAM,KLINIK PERGIGIAN,KLINIK PERGIGIAN DI HOSPITAL
11-08050011D,KLINIK PERGIGIAN DI HOSPITAL RAJA PERMAISURI BAINUN,JALAN RAJA ASHMAN SHAH,30450,PERAK,KINTA,BUKA,AWAM,KLINIK PERGIGIAN,KLINIK PERGIGIAN DI HOSPITAL
21-08050584,KLINIK PERGIGIAN SEKOLAH D/A SEKOLAH KEBANGSAAN SULTAN YUSSUF,JALAN PUSING,31007,PERAK,KINTA,BUKA,AWAM,KLINIK PERGIGIAN,KLINIK PERGIGIAN SEKOLAH RENDAH
21-08050583,KLINIK PERGIGIAN SEKOLAH D/A SEKOLAH KEBANGSAAN RAJA PEREMPUAN,JALAN CHUNG THYE PHIN,30250,PERAK,KINTA,BUKA,AWAM,KLINIK PERGIGIAN,KLINIK PERGIGIAN SEKOLAH RENDAH
21-08050582,KLINIK PERGIGIAN SEKOLAH D/A SEKOLAH KEBANGSAAN PEREMPUAN METHODIST,"NO. 69, JALAN CHAMBERLAIN HULU",30250,PERAK,KINTA,BUKA,AWAM,KLINIK PERGIGIAN,KLINIK PERGIGIAN SEKOLAH RENDAH
21-08050581,KLINIK PERGIGIAN SEKOLAH D/A SEKOLAH KEBANGSAAN METHODIST (ACS),JALAN LAHAT,30200,PERAK,KINTA,BUKA,AWAM,KLINIK PERGIGIAN,KLINIK PERGIGIAN SEKOLAH RENDAH
21-08050580,KLINIK PERGIGIAN SEKOLAH D/A SEKOLAH KEBANGSAAN CATOR AVENUE,LEBUH CATOR,30450,PERAK,KINTA,BUKA,AWAM,KLINIK PERGIGIAN,KLINIK PERGIGIAN SEKOLAH RENDAH
21-08050579,KLINIK PERGIGIAN SEKOLAH D/A SEKOLAH JENIS KEBANGSAAN (CINA) YUK CHOY,"NO. 195, JALAN SULTAN ISKANDAR",30000,PERAK,KINTA,BUKA,AWAM,KLINIK PERGIGIAN,KLINIK PERGIGIAN SEKOLAH RENDAH
21-08050578,KLINIK PERGIGIAN SEKOLAH D/A SEKOLAH JENIS KEBANGSAAN (CINA) SAM TET,"NO. 22, JALAN GEREJA",30300,PERAK,KINTA,BUKA,AWAM,KLINIK PERGIGIAN,KLINIK PERGIGIAN SEKOLAH RENDAH
21-08050577,KLINIK PERGIGIAN SEKOLAH D/A SEKOLAH JENIS KEBANGSAAN (CINA) AVE MARIA CONVENT,JALAN CHUNG THYE PHIN,30250,PERAK,KINTA,BUKA,AWAM,KLINIK PERGIGIAN,KLINIK PERGIGIAN SEKOLAH RENDAH
21-08050576,KLINIK PERGIGIAN SEKOLAH D/A SEKOLAH JENIS KEBANGSAAN (CINA) WAN HWA (1),"NO 1, JALAN LEE LOY SENG MENGLEMBU",31450,PERAK,KINTA,BUKA,AWAM,KLINIK PERGIGIAN,KLINIK PERGIGIAN SEKOLAH RENDAH
21-08050551,KLINIK PERGIGIAN SEKOLAH D/A SEKOLAH KEBANGSAAN DATO' AHMAD SAID TAMBAHAN,LEBUH RAJAWALI,30020,PERAK,KINTA,BUKA,AWAM,KLINIK PERGIGIAN,KLINIK PERGIGIAN SEKOLAH RENDAH
21-08050540,KLINIK PERGIGIAN SEKOLAH D/A SEKOLAH KEBANGSAAN ST. MICHEAL,JALAN KOMPLEKS ISLAM,30000,PERAK,KINTA,BUKA,AWAM,KLINIK PERGIGIAN,KLINIK PERGIGIAN SEKOLAH RENDAH
21-08050539,KLINIK PERGIGIAN SEKOLAH D/A SEKOLAH KEBANGSAAN RAJA DIHILIR EKRAM,JALAN PASIR PUTEH,31650,PERAK,KINTA,BUKA,AWAM,KLINIK PERGIGIAN,KLINIK PERGIGIAN SEKOLAH RENDAH
21-08050567,KLINIK PERGIGIAN SEKOLAH D/A SEKOLAH MENENGAH KEBANGSAAN YUK CHOY,"NO 6, JALAN KUALA KANGSAR",30010,PERAK,KINTA,BUKA,AWAM,KLINIK PERGIGIAN,KLINIK PERGIGIAN SEKOLAH MENENGAH
21-08050566,KLINIK PERGIGIAN SEKOLAH D/A SEKOLAH MENENGAH KEBANGSAAN ULU KINTA,JALAN PASUKAN POLIS HUTAN,31150,PERAK,KINTA,BUKA,AWAM,KLINIK PERGIGIAN,KLINIK PERGIGIAN SEKOLAH MENENGAH
21-08050565,KLINIK PERGIGIAN SEKOLAH D/A SEKOLAH MENENGAH KEBANGSAAN JALAN TASEK,"JALAN SULTAN AZLAN SHAH (U), TAMAN TASEK INDRA",31400,PERAK,KINTA,BUKA,AWAM,KLINIK PERGIGIAN,KLINIK PERGIGIAN SEKOLAH MENENGAH
21-08050564,KLINIK PERGIGIAN SEKOLAH D/A SEKOLAH MENENGAH KEBANGSAAN POI LAM,"NO. 4, JALAN SRI KLEBANG D/2, BANDAR BARU SRI KLEBANG",31200,PERAK,KINTA,BUKA,AWAM,KLINIK PERGIGIAN,KLINIK PERGIGIAN SEKOLAH MENENGAH
21-08050560,KLINIK PERGIGIAN SEKOLAH D/A SEKOLAH MENENGAH KEBANGSAAN SERI AMPANG,JALAN GUNUNG RAPAT,31350,PERAK,KINTA,BUKA,AWAM,KLINIK PERGIGIAN,KLINIK PERGIGIAN SEKOLAH MENENGAH
21-08050538,KLINIK PERGIGIAN SEKOLAH D/A SEKOLAH TUANKU ABDUL RAHMAN,JALAN SULTAN AZLAN SHAH,31400,PERAK,KINTA,BUKA,AWAM,KLINIK PERGIGIAN,KLINIK PERGIGIAN SEKOLAH MENENGAH
21-08050407D,KLINIK PERGIGIAN DI KLINIK KESIHATAN UTC IPOH,"LB 21, UTC PERAK, JALAN ONN JAAFAR",30300,PERAK,KINTA,BUKA,AWAM,KLINIK PERGIGIAN,KLINIK PERGIGIAN DI UTC
21-08060416,KLINK PERGIGIAN PEKAN,JALAN BENDAHARA,33000,PERAK,KUALA KANGSAR,BUKA,AWAM,KLINIK PERGIGIAN,KLINIK PERGIGIAN (STANDALONE)
21-08060612D,KLINIK PERGIGIAN DI KLINIK KESIHATAN KUALA KANGSAR,JALAN RAJA IDRIS,33000,PERAK,KUALA KANGSAR,BUKA,AWAM,KLINIK PERGIGIAN,KLINIK PERGIGIAN DI KLINIK KESIHATAN
11-08060016D,KLINIK PERGIGIAN DI HOSPITAL KUALA KANGSAR,JALAN RAJA IDRIS,33000,PERAK,KUALA KANGSAR,BUKA,AWAM,KLINIK PERGIGIAN,KLINIK PERGIGIAN DI HOSPITAL
21-08060607,KLINIK PERGIGIAN SEKOLAH D/A SEKOLAH KEBANGSAAN SULTAN IDRIS II,"NO. 646, JALAN TUN ABDUL RAZAK",33000,PERAK,KUALA KANGSAR,BUKA,AWAM,KLINIK PERGIGIAN,KLINIK PERGIGIAN SEKOLAH RENDAH
21-08060606,KLINIK PERGIGIAN SEKOLAH D/A SEKOLAH KEBANGSAAN DATIN KHADIJAH,JALAN RAJA PEREMPUAN TAAYAH,33000,PERAK,KUALA KANGSAR,BUKA,AWAM,KLINIK PERGIGIAN,KLINIK PERGIGIAN SEKOLAH RENDAH
21-08060605,KLINIK PERGIGIAN SEKOLAH D/A SEKOLAH KEBANGSAAN CLIFFORD,JALAN RAJA PEREMPUAN TAAYAH,33000,PERAK,KUALA KANGSAR,BUKA,AWAM,KLINIK PERGIGIAN,KLINIK PERGIGIAN SEKOLAH RENDAH
21-08060547,KLINIK PERGIGIAN SEKOLAH D/A SEKOLAH JENIS KEBANGSAAN (CINA) TSUNG WAH,JALAN KANGSAR,33000,PERAK,KUALA KANGSAR,BUKA,AWAM,KLINIK PERGIGIAN,KLINIK PERGIGIAN SEKOLAH RENDAH
21-08060530,KLINIK PERGIGIAN SEKOLAH D/A SEKOLAH JENIS KEBANGSAAN (CINA) SHING CHUNG,BELAKANG PEKAN,31100,PERAK,KUALA KANGSAR,BUKA,AWAM,KLINIK PERGIGIAN,KLINIK PERGIGIAN SEKOLAH RENDAH
21-08060569,KLINIK PERGIGIAN SEKOLAH D/A SEKOLAH MENENGAH KEBANGSAAN SHING CHUNG,JALAN BESAR,31100,PERAK,KUALA KANGSAR,BUKA,AWAM,KLINIK PERGIGIAN,KLINIK PERGIGIAN SEKOLAH MENENGAH
21-08060568,KLINIK PERGIGIAN SEKOLAH D/A SEKOLAH MENENGAH KEBANGSAAN TSUNG WAH,"66-B, JALAN DATO SAGOR",33000,PERAK,KUALA KANGSAR,BUKA,AWAM,KLINIK PERGIGIAN,KLINIK PERGIGIAN SEKOLAH MENENGAH
21-08060537,KLINIK PERGIGIAN SEKOLAH D/A KOLEJ MELAYU KUALA KANGSAR,JALAN TUN ABDUL RAZAK,33000,PERAK,KUALA KANGSAR,BUKA,AWAM,KLINIK PERGIGIAN,KLINIK PERGIGIAN SEKOLAH MENENGAH
21-08070417D,KLINIK PERGIGIAN DI KLINIK KESIHATAN SIMPANG,JALAN KUALA KANGSAR,34700,PERAK,LARUT DAN MATANG,BUKA,AWAM,KLINIK PERGIGIAN,KLINIK PERGIGIAN DI KLINIK KESIHATAN
21-08070384D,KLINIK PERGIGIAN DI KLINIK KESIHATAN TAIPING,JALAN TUPAI,34000,PERAK,LARUT DAN MATANG,BUKA,AWAM,KLINIK PERGIGIAN,KLINIK PERGIGIAN DI KLINIK KESIHATAN
21-08070098D,KLINIK PERGIGIAN DI KLINIK KESIHATAN TRONG,"LARUT, MATANG & SELAMA",34800,PERAK,LARUT DAN MATANG,BUKA,AWAM,KLINIK PERGIGIAN,KLINIK PERGIGIAN DI KLINIK KESIHATAN
21-08070079D,KLINIK PERGIGIAN DI KLINIK KESIHATAN REDANG PANJANG,"JALAN BATU KURAU, IJOK",34510,PERAK,LARUT DAN MATANG,BUKA,AWAM,KLINIK PERGIGIAN,KLINIK PERGIGIAN DI KLINIK KESIHATAN
21-08070078D,KLINIK PERGIGIAN DI KLINIK KESIHATAN POKOK ASSAM,JALAN MENTERI BESAR,34000,PERAK,LARUT DAN MATANG,BUKA,AWAM,KLINIK PERGIGIAN,KLINIK PERGIGIAN DI KLINIK KESIHATAN
21-08070055D,KLINIK PERGIGIAN DI KLINIK KESIHATAN KAMUNTING,"JALAN EXPO, PEKAN KAMPUNG",34600,PERAK,LARUT DAN MATANG,BUKA,AWAM,KLINIK PERGIGIAN,KLINIK PERGIGIAN DI KLINIK KESIHATAN
21-08070038D,KLINIK PERGIGIAN DI KLINIK KESIHATAN CHANGKAT JERING,JALAN KUALA KANGSAR,34850,PERAK,LARUT DAN MATANG,BUKA,AWAM,KLINIK PERGIGIAN,KLINIK PERGIGIAN DI KLINIK KESIHATAN
21-08070033D,KLINIK PERGIGIAN DI KLINIK KESIHATAN BATU KURAU,JALAN BESAR,34500,PERAK,LARUT DAN MATANG,BUKA,AWAM,KLINIK PERGIGIAN,KLINIK PERGIGIAN DI KLINIK KESIHATAN
11-08070022D,KLINIK PERGIGIAN DI HOSPITAL TAIPING,JALAN TAMING SARI,34000,PERAK,LARUT DAN MATANG,BUKA,AWAM,KLINIK PERGIGIAN,KLINIK PERGIGIAN DI HOSPITAL
21-08070559,KLINIK PERGIGIAN SEKOLAH D/A SEKOLAH KEBANGSAAN (P) TREACHER METHODIST,JALAN LUMBA KUDA,34000,PERAK,LARUT DAN MATANG,BUKA,AWAM,KLINIK PERGIGIAN,KLINIK PERGIGIAN SEKOLAH RENDAH
21-08070558,KLINIK PERGIGIAN SEKOLAH D/A SEKOLAH KEBANGSAAN ST GEORGE 1,"NO 2, JALAN MUZIUM HULU",34000,PERAK,LARUT DAN MATANG,BUKA,AWAM,KLINIK PERGIGIAN,KLINIK PERGIGIAN SEKOLAH RENDAH
21-08070557,KLINIK PERGIGIAN SEKOLAH D/A SEKOLAH KEBANGSAAN LONG JAAFAR,"LOT 331, JALAN KAMPUNG JANA",34600,PERAK,LARUT DAN MATANG,BUKA,AWAM,KLINIK PERGIGIAN,KLINIK PERGIGIAN SEKOLAH RENDAH
21-08070556,KLINIK PERGIGIAN SEKOLAH D/A SEKOLAH KEBANGSAAN KING EDWARD VII(2),JALAN LUMBA KUDA,34000,PERAK,LARUT DAN MATANG,BUKA,AWAM,KLINIK PERGIGIAN,KLINIK PERGIGIAN SEKOLAH RENDAH
21-08070555,KLINIK PERGIGIAN SEKOLAH D/A SEKOLAH KEBANGSAAN KING EDWARD VII (1),JALAN STESEN,34000,PERAK,LARUT DAN MATANG,BUKA,AWAM,KLINIK PERGIGIAN,KLINIK PERGIGIAN SEKOLAH RENDAH
21-08070550,KLINIK PERGIGIAN SEKOLAH D/A SEKOLAH KEBANGSAAN CONVENT KOTA,JALAN CONVENT,34000,PERAK,LARUT DAN MATANG,BUKA,AWAM,KLINIK PERGIGIAN,KLINIK PERGIGIAN SEKOLAH RENDAH
21-08070548,KLINIK PERGIGIAN SEKOLAH D/A SEKOLAH KEBANGSAAN ALL SAINTS',JALAN KAMUNTING,34600,PERAK,LARUT DAN MATANG,BUKA,AWAM,KLINIK PERGIGIAN,KLINIK PERGIGIAN SEKOLAH RENDAH
21-08070546,KLINIK PERGIGIAN SEKOLAH D/A SEKOLAH JENIS KEBANGSAAN (CINA) SIN MIN,KAMPUNG SIMPANG MAKMUR,34700,PERAK,LARUT DAN MATANG,BUKA,AWAM,KLINIK PERGIGIAN,KLINIK PERGIGIAN SEKOLAH RENDAH
21-08070545,KLINIK PERGIGIAN SEKOLAH D/A SEKOLAH JENIS KEBANGSAAN (CINA) HUA LIAN (3),"JALAN CEMPEDAK, KAMPUNG JAMBU",34000,PERAK,LARUT DAN MATANG,BUKA,AWAM,KLINIK PERGIGIAN,KLINIK PERGIGIAN SEKOLAH RENDAH
21-08070544,KLINIK PERGIGIAN SEKOLAH D/A SEKOLAH JENIS KEBANGSAAN (CINA) HUA LIAN (1),JALAN IZZUDIN SHAH,34000,PERAK,LARUT DAN MATANG,BUKA,AWAM,KLINIK PERGIGIAN,KLINIK PERGIGIAN SEKOLAH RENDAH
21-08070574,KLINIK PERGIGIAN SEKOLAH D/A SEKOLAH MENENGAH KEBANGSAAN SAINS RAJA TUN AZLAN SHAH,PETI SURAT 79,34000,PERAK,LARUT DAN MATANG,BUKA,AWAM,KLINIK PERGIGIAN,KLINIK PERGIGIAN SEKOLAH MENENGAH
21-08070573,KLINIK PERGIGIAN SEKOLAH D/A SEKOLAH MENENGAH KEBANGSAAN KAMUNTING,JALAN KAMPUNG EXPO,34600,PERAK,LARUT DAN MATANG,BUKA,AWAM,KLINIK PERGIGIAN,KLINIK PERGIGIAN SEKOLAH MENENGAH
21-08070572,KLINIK PERGIGIAN SEKOLAH D/A SEKOLAH MENENGAH KEBANGSAAN HUA LIAN,"NO. 10, JALAN LUMBA KUDA",34008,PERAK,LARUT DAN MATANG,BUKA,AWAM,KLINIK PERGIGIAN,KLINIK PERGIGIAN SEKOLAH MENENGAH
21-08070570,KLINIK PERGIGIAN SEKOLAH D/A SEKOLAH MENENGAH KEBANGSAAN SIMPANG,JALAN MATANG,34700,PERAK,LARUT DAN MATANG,BUKA,AWAM,KLINIK PERGIGIAN,KLINIK PERGIGIAN SEKOLAH MENENGAH
21-08070541,KLINIK PERGIGIAN SEKOLAH D/A MAKTAB RENDAH SAINS MARA TAIPING,JALAN BUKIT LARUT,34000,PERAK,LARUT DAN MATANG,BUKA,AWAM,KLINIK PERGIGIAN,KLINIK PERGIGIAN SEKOLAH MENENGAH
21-08070532,KLINIK PERGIGIAN SEKOLAH D/A SEKOLAH MENENGAH KEBANGSAAN BUKIT JANA,JALAN BATU 4 1/2,34600,PERAK,LARUT DAN MATANG,BUKA,AWAM,KLINIK PERGIGIAN,KLINIK PERGIGIAN SEKOLAH MENENGAH
21-08080378,KLINIK PERGIGIAN SERI MANJUNG,JALAN LUMUT,32000,PERAK,MANJUNG,BUKA,AWAM,KLINIK PERGIGIAN,KLINIK PERGIGIAN (STANDALONE)
21-08080085D,KLINIK PERGIGIAN DI KLINIK KESIHATAN SITIAWAN,JALAN DATO'AHMAD YUNOS,32000,PERAK,MANJUNG,BUKA,AWAM,KLINIK PERGIGIAN,KLINIK PERGIGIAN DI KLINIK KESIHATAN
21-08080064D,KLINIK PERGIGIAN DI KLINIK KESIHATAN LEKIR,BATU 8,32020,PERAK,MANJUNG,BUKA,AWAM,KLINIK PERGIGIAN,KLINIK PERGIGIAN DI KLINIK KESIHATAN
11-08080019D,KLINIK PERGIGIAN DI HOSPITAL SERI MANJUNG,SERI MANJUNG,32040,PERAK,MANJUNG,BUKA,AWAM,KLINIK PERGIGIAN,KLINIK PERGIGIAN DI HOSPITAL
21-08080603,KLINIK PERGIGIAN SEKOLAH D/A SEKOLAH KEBANGSAAN SERI MANJUNG,BANDAR BARU SERI MANJUNG,32040,PERAK,MANJUNG,BUKA,AWAM,KLINIK PERGIGIAN,KLINIK PERGIGIAN SEKOLAH RENDAH
21-08080589,KLINIK PERGIGIAN SEKOLAH D/A SEKOLAH JENIS KEBANGSAAN (CINA) HWA LIAN (1),JALAN PASIR BOGAK,32300,PERAK,MANJUNG,BUKA,AWAM,KLINIK PERGIGIAN,KLINIK PERGIGIAN SEKOLAH RENDAH
21-08080586,KLINIK PERGIGIAN SEKOLAH D/A SEKOLAH JENIS KEBANGSAAN (TAMIL) BERUAS,JALAN BERUAS,32700,PERAK,MANJUNG,BUKA,AWAM,KLINIK PERGIGIAN,KLINIK PERGIGIAN SEKOLAH RENDAH
21-08080585,KLINIK PERGIGIAN SEKOLAH D/A SEKOLAH JENIS KEBANGSAAN (CINA) CHUNG CHENG,JALAN RAJA OMAR,32000,PERAK,MANJUNG,BUKA,AWAM,KLINIK PERGIGIAN,KLINIK PERGIGIAN SEKOLAH RENDAH
21-08080588,KLINIK PERGIGIAN SEKOLAH D/A SEKOLAH MENENGAH KEBANGSAAN METHODIST (ACS),JALAN LIN CHEN MEI,32000,PERAK,MANJUNG,BUKA,AWAM,KLINIK PERGIGIAN,KLINIK PERGIGIAN SEKOLAH MENENGAH
21-08080571,KLINIK PERGIGIAN SEKOLAH D/A SEKOLAH MENENGAH KEBANGSAAN AMBROSE,JALAN AYER TAWAR,32400,PERAK,MANJUNG,BUKA,AWAM,KLINIK PERGIGIAN,KLINIK PERGIGIAN SEKOLAH MENENGAH
21-08080563,KLINIK PERGIGIAN SEKOLAH D/A SEKOLAH MENENGAH PANTAI REMIS,JALAN TAMAN BINTANG,34900,PERAK,MANJUNG,BUKA,AWAM,KLINIK PERGIGIAN,KLINIK PERGIGIAN SEKOLAH MENENGAH
21-08080562,KLINIK PERGIGIAN SEKOLAH D/A SEKOLAH MENENGAH KEBANGSAAN DATO' IDRIS,PENGKALAN BHARU,34900,PERAK,MANJUNG,BUKA,AWAM,KLINIK PERGIGIAN,KLINIK PERGIGIAN SEKOLAH MENENGAH
21-08100092D,KLINIK PERGIGIAN DI KLINIK KESIHATAN TANJONG MALIM,JALAN BESAR,35900,PERAK,MUALLIM,BUKA,AWAM,KLINIK PERGIGIAN,KLINIK PERGIGIAN DI KLINIK KESIHATAN
21-08100086D,KLINIK PERGIGIAN DI KLINIK KESIHATAN SLIM RIVER,"JALAN INDAH, BANDAR BARU SLIM RIVER",35800,PERAK,MUALLIM,BUKA,AWAM,KLINIK PERGIGIAN,KLINIK PERGIGIAN DI KLINIK KESIHATAN
11-08010020D,KLINIK PERGIGIAN DI HOSPITAL SLIM RIVER,JALAN HOSPITAL,35800,PERAK,MUALLIM,BUKA,AWAM,KLINIK PERGIGIAN,KLINIK PERGIGIAN DI HOSPITAL
21-08100590,KLINIK PERGIGIAN SEKOLAH D/A SEKOLAH JENIS KEBANGSAAN (CINA) CHUNG SIN,"121-122, JALAN KETOYONG",35900,PERAK,MUALLIM,BUKA,AWAM,KLINIK PERGIGIAN,KLINIK PERGIGIAN SEKOLAH RENDAH
21-08090610D,KLINIK PERGIGIAN DI KLINIK KESIHATAN SERI ISKANDAR,"ARAS 1, BANDAR SERI ISKANDAR",32610,PERAK,PERAK TENGAH,BUKA,AWAM,KLINIK PERGIGIAN,KLINIK PERGIGIAN DI KLINIK KESIHATAN
21-08090074D,KLINIK PERGIGIAN DI KLINIK KESIHATAN PARIT,JALAN PEJABAT POS,32800,PERAK,PERAK TENGAH,BUKA,AWAM,KLINIK PERGIGIAN,KLINIK PERGIGIAN DI KLINIK KESIHATAN
21-08070087D,KLINIK PERGIGIAN DI KLINIK KESIHATAN SG. BAYOR,PEKAN SUNGAI BAYOR,34140,PERAK,SELAMA,BUKA,AWAM,KLINIK PERGIGIAN,KLINIK PERGIGIAN DI KLINIK KESIHATAN
21-08070082D,KLINIK PERGIGIAN DI KLINIK KESIHATAN SELAMA,JALAN BESAR,34100,PERAK,SELAMA,BUKA,AWAM,KLINIK PERGIGIAN,KLINIK PERGIGIAN DI KLINIK KESIHATAN
21-09010093D,KLINIK PERGIGIAN DI KLINIK KESIHATAN PAUH,JALAN PAUH,02600,PERLIS,PERLIS,BUKA,AWAM,KLINIK PERGIGIAN,KLINIK PERGIGIAN DI KLINIK KESIHATAN
21-09010049D,KLINIK PERGIGIAN DI KLINIK KESIHATAN JEJAWI,"JALAN JEJAWI SEMATANG, KAWASAN PERINDUSTRIAN JEJAWI, ARAU",02600,PERLIS,PERLIS,BUKA,AWAM,KLINIK PERGIGIAN,KLINIK PERGIGIAN DI KLINIK KESIHATAN
21-09010047D,KLINIK PERGIGIAN DI KLINIK KESIHATAN KAKI BUKIT,JALAN KAKI BUKIT,02200,PERLIS,PERLIS,BUKA,AWAM,KLINIK PERGIGIAN,KLINIK PERGIGIAN DI KLINIK KESIHATAN
21-09010046D,KLINIK PERGIGIAN DI KLINIK KESIHATAN KUALA SANGLANG,PEKAN KUALA SANGLANG,02800,PERLIS,PERLIS,BUKA,AWAM,KLINIK PERGIGIAN,KLINIK PERGIGIAN DI KLINIK KESIHATAN
21-09010045D,KLINIK PERGIGIAN DI KLINIK KESIHATAN ARAU,JALAN BESAR ARAU,02600,PERLIS,PERLIS,BUKA,AWAM,KLINIK PERGIGIAN,KLINIK PERGIGIAN DI KLINIK KESIHATAN
21-09010009D,KLINIK PERGIGIAN DI KLINIK KESIHATAN SIMPANG EMPAT,PEKAN SIMPANG EMPAT,02700,PERLIS,PERLIS,BUKA,AWAM,KLINIK PERGIGIAN,KLINIK PERGIGIAN DI KLINIK KESIHATAN
21-09010008D,KLINIK PERGIGIAN DI KLINIK KESIHATAN PADANG BESAR,JALAN PADANG BESAR,02100,PERLIS,PERLIS,BUKA,AWAM,KLINIK PERGIGIAN,KLINIK PERGIGIAN DI KLINIK KESIHATAN
21-09010007D,KLINIK PERGIGIAN DI KLINIK KESIHATAN KUALA PERLIS,JALAN KUALA PERLIS,02000,PERLIS,PERLIS,BUKA,AWAM,KLINIK PERGIGIAN,KLINIK PERGIGIAN DI KLINIK KESIHATAN
21-09010006D,KLINIK PERGIGIAN DI KLINIK KESIHATAN KANGAR,JALAN KOLAM,01000,PERLIS,PERLIS,BUKA,AWAM,KLINIK PERGIGIAN,KLINIK PERGIGIAN DI KLINIK KESIHATAN
21-09010005D,KLINIK PERGIGIAN DI KLINIK KESIHATAN KAMPUNG GIAL,KAMPUNG GIAL,02500,PERLIS,PERLIS,BUKA,AWAM,KLINIK PERGIGIAN,KLINIK PERGIGIAN DI KLINIK KESIHATAN
21-09010004D,KLINIK PERGIGIAN DI KLINIK KESIHATAN BESERI,PEKAN BESERI,02400,PERLIS,PERLIS,BUKA,AWAM,KLINIK PERGIGIAN,KLINIK PERGIGIAN DI KLINIK KESIHATAN
11-09010003D,KLINIK PERGIGIAN DI HOSPITAL TUANKU FAUZIAH,JALAN KOLAM,01000,PERLIS,PERLIS,BUKA,AWAM,KLINIK PERGIGIAN,KLINIK PERGIGIAN DI HOSPITAL
21-09010080,KLINIK PERGIGIAN SEKOLAH D/A SEKOLAH KEBANGSAAN SERI INDERA,JALAN SEKOLAH DERMA,01000,PERLIS,PERLIS,BUKA,AWAM,KLINIK PERGIGIAN,KLINIK PERGIGIAN SEKOLAH RENDAH
21-09010079,KLINIK PERGIGIAN SEKOLAH D/A SEKOLAH KEBANGSAAN STELLA MARIS,JALAN RAJA SYED SAFFI,01000,PERLIS,PERLIS,BUKA,AWAM,KLINIK PERGIGIAN,KLINIK PERGIGIAN SEKOLAH RENDAH
21-09010078,KLINIK PERGIGIAN SEKOLAH D/A SEKOLAH KEBANGSAAN SERI TUNJONG,"KM. 10, JALAN BUKIT KETERI",02400,PERLIS,PERLIS,BUKA,AWAM,KLINIK PERGIGIAN,KLINIK PERGIGIAN SEKOLAH RENDAH
21-09010077,KLINIK PERGIGIAN SEKOLAH D/A SEKOLAH KEBANGSAAN SERI PERLIS,JALAN RAJA SYED ALWI,01000,PERLIS,PERLIS,BUKA,AWAM,KLINIK PERGIGIAN,KLINIK PERGIGIAN SEKOLAH RENDAH
21-09010076,KLINIK PERGIGIAN SEKOLAH D/A SEKOLAH KEBANGSAAN SENA,JALAN KAMPUNG BAKAU,01000,PERLIS,PERLIS,BUKA,AWAM,KLINIK PERGIGIAN,KLINIK PERGIGIAN SEKOLAH RENDAH
21-09010075,KLINIK PERGIGIAN SEKOLAH D/A SEKOLAH KEBANGSAAN PUTRA,JALAN PADANG KATONG,01000,PERLIS,PERLIS,BUKA,AWAM,KLINIK PERGIGIAN,KLINIK PERGIGIAN SEKOLAH RENDAH
21-09010074,KLINIK PERGIGIAN SEKOLAH D/A SEKOLAH KEBANGSAAN PAYA,"KM. 8, JALAN KAKI BUKIT",02400,PERLIS,PERLIS,BUKA,AWAM,KLINIK PERGIGIAN,KLINIK PERGIGIAN SEKOLAH RENDAH
21-09010073,KLINIK PERGIGIAN SEKOLAH D/A SEKOLAH KEBANGSAAN JEJAWI,JALAN KANGAR-ARAU,01000,PERLIS,PERLIS,BUKA,AWAM,KLINIK PERGIGIAN,KLINIK PERGIGIAN SEKOLAH RENDAH
21-09010072,KLINIK PERGIGIAN SEKOLAH D/A SEKOLAH KEBANGSAAN BESERI,"KM. 12, JALAN KAKI BUKIT",02400,PERLIS,PERLIS,BUKA,AWAM,KLINIK PERGIGIAN,KLINIK PERGIGIAN SEKOLAH RENDAH
21-09010071,KLINIK PERGIGIAN SEKOLAH D/A SEKOLAH JENIS KEBANGSAAN (CINA) KONG HWA,KAKI BUKIT,02200,PERLIS,PERLIS,BUKA,AWAM,KLINIK PERGIGIAN,KLINIK PERGIGIAN SEKOLAH RENDAH
21-09010070,KLINIK PERGIGIAN SEKOLAH D/A SEKOLAH JENIS KEBANGSAAN (CINA) KHOON AIK,JALAN. RAJA SYED ALWI,01000,PERLIS,PERLIS,BUKA,AWAM,KLINIK PERGIGIAN,KLINIK PERGIGIAN SEKOLAH RENDAH
21-09010064,KLINIK PERGIGIAN SEKOLAH D/A SEKOLAH KEBANGSAAN TENGKU BUDRIAH,JALAN BESAR ARAU,02600,PERLIS,PERLIS,BUKA,AWAM,KLINIK PERGIGIAN,KLINIK PERGIGIAN SEKOLAH RENDAH
21-09010063,KLINIK PERGIGIAN SEKOLAH D/A SEKOLAH KEBANGSAAN TAMBUN TULANG,"KM 7, JALAN BN",02600,PERLIS,PERLIS,BUKA,AWAM,KLINIK PERGIGIAN,KLINIK PERGIGIAN SEKOLAH RENDAH
21-09010062,KLINIK PERGIGIAN SEKOLAH D/A SEKOLAH KEBANGSAAN SIMPANG AMPAT,JALAN DATO' AHMAD MUSA,02700,PERLIS,PERLIS,BUKA,AWAM,KLINIK PERGIGIAN,KLINIK PERGIGIAN SEKOLAH RENDAH
21-09010061,KLINIK PERGIGIAN SEKOLAH D/A SEKOLAH KEBANGSAAN KUALA PERLIS,JALAN KUALA PERLIS,02000,PERLIS,PERLIS,BUKA,AWAM,KLINIK PERGIGIAN,KLINIK PERGIGIAN SEKOLAH RENDAH
21-09010060,KLINIK PERGIGIAN SEKOLAH D/A SEKOLAH KEBANGSAAN JELEMPOK,KAMPUNG JELEMPOK,02600,PERLIS,PERLIS,BUKA,AWAM,KLINIK PERGIGIAN,KLINIK PERGIGIAN SEKOLAH RENDAH
21-09010089,KLINIK PERGIGIAN SEKOLAH D/A SEKOLAH MENENGAH KEBANGSAAN TENGKU SULAIMAN,JALAN BUKIT KETERI,02400,PERLIS,PERLIS,BUKA,AWAM,KLINIK PERGIGIAN,KLINIK PERGIGIAN SEKOLAH MENENGAH
21-09010088,KLINIK PERGIGIAN SEKOLAH D/A SEKOLAH MENENGAH KEBANGSAAN SYED SIRAJUDDIN,"JEJAWI, JALAN BESAR KANGAR ARAU",02600,PERLIS,PERLIS,BUKA,AWAM,KLINIK PERGIGIAN,KLINIK PERGIGIAN SEKOLAH MENENGAH
21-09010087,KLINIK PERGIGIAN SEKOLAH D/A SEKOLAH MENENGAH SAINS TUANKU SYED PUTRA,JALAN BEHOR PULAI,01000,PERLIS,PERLIS,BUKA,AWAM,KLINIK PERGIGIAN,KLINIK PERGIGIAN SEKOLAH MENENGAH
21-09010086,KLINIK PERGIGIAN SEKOLAH D/A SEKOLAH MENENGAH KEBANGSAAN RAJA PUAN MUDA TENGKU FAUZIAH,JALAN PADANG BESAR (U),02200,PERLIS,PERLIS,BUKA,AWAM,KLINIK PERGIGIAN,KLINIK PERGIGIAN SEKOLAH MENENGAH
21-09010085,KLINIK PERGIGIAN SEKOLAH D/A SEKOLAH MENENGAH KEBANGSAAN PUTRA,JALAN PADANG KATONG,01000,PERLIS,PERLIS,BUKA,AWAM,KLINIK PERGIGIAN,KLINIK PERGIGIAN SEKOLAH MENENGAH
21-09010084,KLINIK PERGIGIAN SEKOLAH D/A SEKOLAH MENENGAH KEBANGSAAN PERLIS,JALAN RAJA SYED ALWI,01000,PERLIS,PERLIS,BUKA,AWAM,KLINIK PERGIGIAN,KLINIK PERGIGIAN SEKOLAH MENENGAH
21-09010083,KLINIK PERGIGIAN SEKOLAH D/A SEKOLAH MENENGAH KEBANGSAAN SYED HASSAN,JALAN SEKOLAH DERMA,01000,PERLIS,PERLIS,BUKA,AWAM,KLINIK PERGIGIAN,KLINIK PERGIGIAN SEKOLAH MENENGAH
21-09010082,KLINIK PERGIGIAN SEKOLAH D/A SEKOLAH MENENGAH KEBANGSAAN DERMA,JALAN PENJARA,01000,PERLIS,PERLIS,BUKA,AWAM,KLINIK PERGIGIAN,KLINIK PERGIGIAN SEKOLAH MENENGAH
21-09010081,KLINIK PERGIGIAN SEKOLAH D/A SEKOLAH MENENGAH KEBANGSAAN DATUK JAAFAR HASSAN,JALAN KILANG GULA,02450,PERLIS,PERLIS,BUKA,AWAM,KLINIK PERGIGIAN,KLINIK PERGIGIAN SEKOLAH MENENGAH
21-09010069,KLINIK PERGIGIAN SEKOLAH D/A SEKOLAH MENENGAH KEBANGSAAN SYED SAFFI,"KM 12, JALAN KANGAR-ALOR SETAR",02700,PERLIS,PERLIS,BUKA,AWAM,KLINIK PERGIGIAN,KLINIK PERGIGIAN SEKOLAH MENENGAH
21-09010067,KLINIK PERGIGIAN SEKOLAH D/A SEKOLAH MENENGAH KEBANGSAAN SANGLANG,KAMPUNG RAMA,02800,PERLIS,PERLIS,BUKA,AWAM,KLINIK PERGIGIAN,KLINIK PERGIGIAN SEKOLAH MENENGAH
21-09010066,KLINIK PERGIGIAN SEKOLAH D/A SEKOLAH MENENGAH KEBANGSAAN KUALA PERLIS,JALAN KUALA PERLIS,02000,PERLIS,PERLIS,BUKA,AWAM,KLINIK PERGIGIAN,KLINIK PERGIGIAN SEKOLAH MENENGAH
21-09010065,KLINIK PERGIGIAN SEKOLAH D/A SEKOLAH MENENGAH KEBANGSAAN ARAU,JALAN BESAR ARAU,02600,PERLIS,PERLIS,BUKA,AWAM,KLINIK PERGIGIAN,KLINIK PERGIGIAN SEKOLAH MENENGAH
21-09010059,KLINIK PERGIGIAN SEKOLAH D/A MAKTAB RENDAH SAINS MARA BESERI,"BATU 8 1/2, JALAN KAKI BUKIT",01000,PERLIS,PERLIS,BUKA,AWAM,KLINIK PERGIGIAN,KLINIK PERGIGIAN SEKOLAH MENENGAH
21-09010091D,KLINIK PERGIGIAN DI KLINIK KESIHATAN UTC KANGAR,"NO. 1 ARAS 1, BLOK A , PUSAT TRANSFORMASI BANDAR (UTC)",01000,PERLIS,PERLIS,BUKA,AWAM,KLINIK PERGIGIAN,KLINIK PERGIGIAN DI UTC
21-07051356D,KLINIK PERGIGIAN DI KLINIK KESIHATAN AIR PUTIH,"LOT 483, KLINIK KESIHATAN JENIS (KK3), JALAN AIR PUTIH, MUKIM E",11000,PULAU PINANG,BARAT DAYA,BUKA,AWAM,KLINIK PERGIGIAN,KLINIK PERGIGIAN DI KLINIK KESIHATAN
21-07010043D,KLINIK PERGIGIAN DI KLINIK KESIHATAN TELUK BAHANG,TELUK BAHANG TANJUNG BUNGAH,11050,PULAU PINANG,BARAT DAYA,BUKA,AWAM,KLINIK PERGIGIAN,KLINIK PERGIGIAN DI KLINIK KESIHATAN
21-07010020D,KLINIK PERGIGIAN DI KLINIK KESIHATAN BAYAN LEPAS,"LOT 1157 MUKIM 12, JALAN DATO ISMAIL HASHIM, BAYAN LEPAS",11900,PULAU PINANG,BARAT DAYA,BUKA,AWAM,KLINIK PERGIGIAN,KLINIK PERGIGIAN DI KLINIK KESIHATAN
21-07010019D,KLINIK PERGIGIAN DI KLINIK KESIHATAN BAYAN BARU,"JALAN TENGAH, BAYAN BARU",11900,PULAU PINANG,BARAT DAYA,BUKA,AWAM,KLINIK PERGIGIAN,KLINIK PERGIGIAN DI KLINIK KESIHATAN
11-07010010D,KLINIK PERGIGIAN DI HOSPITAL BALIK PULAU,"JALAN HOSPITAL, BALIK PULAU",11000,PULAU PINANG,BARAT DAYA,BUKA,AWAM,KLINIK PERGIGIAN,KLINIK PERGIGIAN DI HOSPITAL
21-07010265,KLINIK PERGIGIAN SEKOLAH D/A SEKOLAH KEBANGSAAN BAYAN LEPAS,"JALAN DATO ISMAIL HASHIM, BAYAN LEPAS",11900,PULAU PINANG,BARAT DAYA,BUKA,AWAM,KLINIK PERGIGIAN,KLINIK PERGIGIAN SEKOLAH RENDAH
21-07010264,KLINIK PERGIGIAN SEKOLAH D/A SEKOLAH JENIS KEBANGSAAN (CINA) CHONG CHENG,JALAN DATO ISMAIL HASHIM,11900,PULAU PINANG,BARAT DAYA,BUKA,AWAM,KLINIK PERGIGIAN,KLINIK PERGIGIAN SEKOLAH RENDAH
21-07010263,KLINIK PERGIGIAN SEKOLAH D/A SEKOLAH KEBANGSAAN TELUK KUMBAR,"NO. 22, JALAN TELUK KUMBAR, BANDAR BARU TELOK KUMBAR, BAYAN LEPAS",11920,PULAU PINANG,BARAT DAYA,BUKA,AWAM,KLINIK PERGIGIAN,KLINIK PERGIGIAN SEKOLAH RENDAH
21-07010262,KLINIK PERGIGIAN SEKOLAH D/A SEKOLAH KEBANGSAAN SERI PERMAI,"JALAN TENGAH, BAYAN BARU",11950,PULAU PINANG,BARAT DAYA,BUKA,AWAM,KLINIK PERGIGIAN,KLINIK PERGIGIAN SEKOLAH RENDAH
21-07010266,KLINIK PERGIGIAN SEKOLAH D/A SEKOLAH MENENGAH KEBANGSAAN TELOK KUMBAR,JALAN TELUK KUMBAR,11920,PULAU PINANG,BARAT DAYA,BUKA,AWAM,KLINIK PERGIGIAN,KLINIK PERGIGIAN SEKOLAH MENENGAH
21-07031360,KLINIK PERGIGIAN SUNGAI BAKAP,"JALAN BESAR, KAMPUNG MAKU SUAH, SUNGAI BAKAP",14200,PULAU PINANG,SEBERANG PERAI SELATAN,BUKA,AWAM,KLINIK PERGIGIAN,KLINIK PERGIGIAN (STANDALONE)
21-07020038D,KLINIK PERGIGIAN DI KLINIK KESIHATAN SUNGAI ACHEH,JALAN SUNGAI UDANG,14300,PULAU PINANG,SEBERANG PERAI SELATAN,BUKA,AWAM,KLINIK PERGIGIAN,KLINIK PERGIGIAN DI KLINIK KESIHATAN
21-07020037D,KLINIK PERGIGIAN DI KLINIK KESIHATAN BANDAR TASEK MUTIARA,"LOT 8767, LORONG TASEK MUTIARA 19/SS2, BANDAR TASEK MUTIARA",14100,PULAU PINANG,SEBERANG PERAI SELATAN,BUKA,AWAM,KLINIK PERGIGIAN,KLINIK PERGIGIAN DI KLINIK KESIHATAN
21-07020033D,KLINIK PERGIGIAN DI KLINIK KESIHATAN NIBONG TEBAL,JALAN KLINIK,14300,PULAU PINANG,SEBERANG PERAI SELATAN,BUKA,AWAM,KLINIK PERGIGIAN,KLINIK PERGIGIAN DI KLINIK KESIHATAN
21-07020025D,KLINIK PERGIGIAN DI KLINIK KESIHATAN BUKIT PANCHOR,"LOT 1866, MUKIM 7 JALAN BUKIT PANCHOR, NIBONG TEBAL",14300,PULAU PINANG,SEBERANG PERAI SELATAN,BUKA,AWAM,KLINIK PERGIGIAN,KLINIK PERGIGIAN DI KLINIK KESIHATAN
21-07020271,KLINIK PERGIGIAN SEKOLAH D/A SEKOLAH KEBANGSAAN METHODIST,JALAN SUNGAI DAUN,14300,PULAU PINANG,SEBERANG PERAI SELATAN,BUKA,AWAM,KLINIK PERGIGIAN,KLINIK PERGIGIAN SEKOLAH RENDAH
21-07020270,KLINIK PERGIGIAN SEKOLAH D/A SEKOLAH JENIS KEBANGSAAN (CINA) PAI TEIK,JALAN OOI KAR SENG,14300,PULAU PINANG,SEBERANG PERAI SELATAN,BUKA,AWAM,KLINIK PERGIGIAN,KLINIK PERGIGIAN SEKOLAH RENDAH
21-07020267,KLINIK PERGIGIAN SEKOLAH D/A SEKOLAH KEBANGSAAN SUNGAI ACHEH,SUNGAI ACHEH,14320,PULAU PINANG,SEBERANG PERAI SELATAN,BUKA,AWAM,KLINIK PERGIGIAN,KLINIK PERGIGIAN SEKOLAH RENDAH
21-07020269,KLINIK PERGIGIAN SEKOLAH D/A SEKOLAH MENENGAH KEBANGSAAN MUTIARA IMPIAN,JALAN BESAR,14100,PULAU PINANG,SEBERANG PERAI SELATAN,BUKA,AWAM,KLINIK PERGIGIAN,KLINIK PERGIGIAN SEKOLAH MENENGAH
21-07020268,KLINIK PERGIGIAN SEKOLAH D/A SEKOLAH MENENGAH KEBANGSAAN TUNKU ABDUL RAHMAN,JALAN BUKIT PANCHOR,14300,PULAU PINANG,SEBERANG PERAI SELATAN,BUKA,AWAM,KLINIK PERGIGIAN,KLINIK PERGIGIAN SEKOLAH MENENGAH
21-07030335D,KLINIK PERGIGIAN DI KLINIK KESIHATAN BANDAR PERDA,"JALAN PERDA BARAT, BANDAR BARU PERDA",14000,PULAU PINANG,SEBERANG PERAI TENGAH,BUKA,AWAM,KLINIK PERGIGIAN,KLINIK PERGIGIAN DI KLINIK KESIHATAN
21-07030036D,KLINIK PERGIGIAN DI KLINIK KESIHATAN SEBERANG JAYA,"LOT 340 MUKIM 1, JALAN PERPUSTAKAAN, BANDAR SUNWAY",13700,PULAU PINANG,SEBERANG PERAI TENGAH,BUKA,AWAM,KLINIK PERGIGIAN,KLINIK PERGIGIAN DI KLINIK KESIHATAN
21-07030030D,KLINIK PERGIGIAN DI KLINIK KESIHATAN KUBANG SEMANG,LOT 807 MUKIM 5,14400,PULAU PINANG,SEBERANG PERAI TENGAH,BUKA,AWAM,KLINIK PERGIGIAN,KLINIK PERGIGIAN DI KLINIK KESIHATAN
21-07030021D,KLINIK PERGIGIAN DI KLINIK KESIHATAN BERAPIT,"LOT 89 MUKIM 17, BERAPIT",14000,PULAU PINANG,SEBERANG PERAI TENGAH,BUKA,AWAM,KLINIK PERGIGIAN,KLINIK PERGIGIAN DI KLINIK KESIHATAN
11-07030013D,KLINIK PERGIGIAN DI HOSPITAL SEBERANG JAYA,JALAN TUN HUSSEIN ONN,13700,PULAU PINANG,SEBERANG PERAI TENGAH,BUKA,AWAM,KLINIK PERGIGIAN,KLINIK PERGIGIAN DI HOSPITAL
11-07030011D,KLINIK PERGIGIAN DI HOSPITAL BUKIT MERTAJAM,JALAN KULIM,14000,PULAU PINANG,SEBERANG PERAI TENGAH,BUKA,AWAM,KLINIK PERGIGIAN,KLINIK PERGIGIAN DI HOSPITAL
21-07030292,KLINIK PERGIGIAN SEKOLAH D/A SEKOLAH KEBANGSAAN TANAH LIAT,JALAN ABDUL KADIR,14000,PULAU PINANG,SEBERANG PERAI TENGAH,BUKA,AWAM,KLINIK PERGIGIAN,KLINIK PERGIGIAN SEKOLAH RENDAH
21-07030291,KLINIK PERGIGIAN SEKOLAH D/A SEKOLAH KEBANGSAAN STOWELL,JALAN REES,14000,PULAU PINANG,SEBERANG PERAI TENGAH,BUKA,AWAM,KLINIK PERGIGIAN,KLINIK PERGIGIAN SEKOLAH RENDAH
21-07030290,KLINIK PERGIGIAN SEKOLAH D/A SEKOLAH KEBANGSAAN SERI PENANTI,KUBANG SEMANG,14400,PULAU PINANG,SEBERANG PERAI TENGAH,BUKA,AWAM,KLINIK PERGIGIAN,KLINIK PERGIGIAN SEKOLAH RENDAH
21-07030289,KLINIK PERGIGIAN SEKOLAH D/A SEKOLAH KEBANGSAAN SEBERANG JAYA 2,LENGKOK TENGGIRI,13700,PULAU PINANG,SEBERANG PERAI TENGAH,BUKA,AWAM,KLINIK PERGIGIAN,KLINIK PERGIGIAN SEKOLAH RENDAH
21-07030288,KLINIK PERGIGIAN SEKOLAH D/A SEKOLAH KEBANGSAAN SEBERANG JAYA,PERSIARAN SIAKAP,13700,PULAU PINANG,SEBERANG PERAI TENGAH,BUKA,AWAM,KLINIK PERGIGIAN,KLINIK PERGIGIAN SEKOLAH RENDAH
21-07030287,KLINIK PERGIGIAN SEKOLAH D/A SEKOLAH KEBANGSAAN PERMATANG TOK KANDU,JALAN PERMATANG PAUH,13500,PULAU PINANG,SEBERANG PERAI TENGAH,BUKA,AWAM,KLINIK PERGIGIAN,KLINIK PERGIGIAN SEKOLAH RENDAH
21-07030286,KLINIK PERGIGIAN SEKOLAH D/A SEKOLAH KEBANGSAAN BANDAR BARU PERDA,"JALAN PERDA BARAT, BANDAR BARU PERDA",14000,PULAU PINANG,SEBERANG PERAI TENGAH,BUKA,AWAM,KLINIK PERGIGIAN,KLINIK PERGIGIAN SEKOLAH RENDAH
21-07030285,KLINIK PERGIGIAN SEKOLAH D/A SEKOLAH KEBANGSAAN ALMA JAYA,LORONG ALMA JAYA 11,14000,PULAU PINANG,SEBERANG PERAI TENGAH,BUKA,AWAM,KLINIK PERGIGIAN,KLINIK PERGIGIAN SEKOLAH RENDAH
21-07030283,KLINIK PERGIGIAN SEKOLAH D/A SEKOLAH JENIS KEBANGSAAN (CINA) PENG BIN,"PERSIARAN KRYSTAL, BUKIT TENGAH",14000,PULAU PINANG,SEBERANG PERAI TENGAH,BUKA,AWAM,KLINIK PERGIGIAN,KLINIK PERGIGIAN SEKOLAH RENDAH
21-07030282,KLINIK PERGIGIAN SEKOLAH D/A SEKOLAH JENIS KEBANGSAAN (CINA) KIM SEN,JALAN KULIM,14000,PULAU PINANG,SEBERANG PERAI TENGAH,BUKA,AWAM,KLINIK PERGIGIAN,KLINIK PERGIGIAN SEKOLAH RENDAH
21-07030281,KLINIK PERGIGIAN SEKOLAH D/A SEKOLAH JENIS KEBANGSAAN (CINA) KEOW KUANG,"NO. 1864, MUKIM 10",14000,PULAU PINANG,SEBERANG PERAI TENGAH,BUKA,AWAM,KLINIK PERGIGIAN,KLINIK PERGIGIAN SEKOLAH RENDAH
21-07030280,KLINIK PERGIGIAN SEKOLAH D/A SEKOLAH JENIS KEBANGSAAN (CINA) JIT SIN 'A',JALAN BERAPIT,14000,PULAU PINANG,SEBERANG PERAI TENGAH,BUKA,AWAM,KLINIK PERGIGIAN,KLINIK PERGIGIAN SEKOLAH RENDAH
21-07030261,KLINIK PERGIGIAN SEKOLAH D/A SEKOLAH KEBANGSAAN JALAN BAHARU PERAI,JALAN BARU,13700,PULAU PINANG,SEBERANG PERAI TENGAH,BUKA,AWAM,KLINIK PERGIGIAN,KLINIK PERGIGIAN SEKOLAH RENDAH
21-07030260,KLINIK PERGIGIAN SEKOLAH D/A SEKOLAH JENIS KEBANGSAAN (CINA) CHUNG HWA 3,LORANG SENANGIN 3,13600,PULAU PINANG,SEBERANG PERAI TENGAH,BUKA,AWAM,KLINIK PERGIGIAN,KLINIK PERGIGIAN SEKOLAH RENDAH
21-07030298,KLINIK PERGIGIAN SEKOLAH D/A SEKOLAH MENENGAH KEBANGSAAN TAMAN INDERAWASIH,"JALAN KIKIK ,TAMAN INDERAWASIH",13600,PULAU PINANG,SEBERANG PERAI TENGAH,BUKA,AWAM,KLINIK PERGIGIAN,KLINIK PERGIGIAN SEKOLAH MENENGAH
21-07030297,KLINIK PERGIGIAN SEKOLAH D/A SEKOLAH MENENGAH KEBANGSAAN PENANTI,KUBANG SEMANG,14400,PULAU PINANG,SEBERANG PERAI TENGAH,BUKA,AWAM,KLINIK PERGIGIAN,KLINIK PERGIGIAN SEKOLAH MENENGAH
21-07030296,KLINIK PERGIGIAN SEKOLAH D/A SEKOLAH MENENGAH KEBANGSAAN JIT SIN,"JALAN BINJAI, TAMAN SRI RAMBAI",14000,PULAU PINANG,SEBERANG PERAI TENGAH,BUKA,AWAM,KLINIK PERGIGIAN,KLINIK PERGIGIAN SEKOLAH MENENGAH
21-07030272,KLINIK PERGIGIAN SEKOLAH D/A SEKOLAH MENENGAH SAINS TUN SYED SHEH SHAHABUDDIN,JALAN DAMAI,14000,PULAU PINANG,SEBERANG PERAI TENGAH,BUKA,AWAM,KLINIK PERGIGIAN,KLINIK PERGIGIAN SEKOLAH MENENGAH
21-07040042D,KLINIK PERGIGIAN DI KLINIK KESIHATAN TASEK GELUGOR,LOT 1944 MUKIM 12,13300,PULAU PINANG,SEBERANG PERAI UTARA,BUKA,AWAM,KLINIK PERGIGIAN,KLINIK PERGIGIAN DI KLINIK KESIHATAN
21-07040039D,KLINIK PERGIGIAN DI KLINIK KESIHATAN SUNGAI DUA,JALAN PENGKALAN MACHANG,13800,PULAU PINANG,SEBERANG PERAI UTARA,BUKA,AWAM,KLINIK PERGIGIAN,KLINIK PERGIGIAN DI KLINIK KESIHATAN
21-07040034D,KLINIK PERGIGIAN DI KLINIK KESIHATAN PENAGA,"LOT 3001 MUKIM 5, PENAGA",13100,PULAU PINANG,SEBERANG PERAI UTARA,BUKA,AWAM,KLINIK PERGIGIAN,KLINIK PERGIGIAN DI KLINIK KESIHATAN
21-07040032D,KLINIK PERGIGIAN DI KLINIK KESIHATAN MAK MANDIN,"LOT 2882, SEKSYEN 3, JALAN MAK MANDIN",13400,PULAU PINANG,SEBERANG PERAI UTARA,BUKA,AWAM,KLINIK PERGIGIAN,KLINIK PERGIGIAN DI KLINIK KESIHATAN
21-07040029D,KLINIK PERGIGIAN DI KLINIK KESIHATAN KEPALA BATAS,LOT 1466 MUKIM 6,13200,PULAU PINANG,SEBERANG PERAI UTARA,BUKA,AWAM,KLINIK PERGIGIAN,KLINIK PERGIGIAN DI KLINIK KESIHATAN
21-07040026D,KLINIK PERGIGIAN DI KLINIK KESIHATAN BUTTERWORTH,JALAN PANTAI,12000,PULAU PINANG,SEBERANG PERAI UTARA,BUKA,AWAM,KLINIK PERGIGIAN,KLINIK PERGIGIAN DI KLINIK KESIHATAN
21-07040321,KLINIK PERGIGIAN SEKOLAH D/A SEKOLAH KEBANGSAAN TELOK AYER TAWAR,TELOK AYER TAWAR,13050,PULAU PINANG,SEBERANG PERAI UTARA,BUKA,AWAM,KLINIK PERGIGIAN,KLINIK PERGIGIAN SEKOLAH RENDAH
21-07040320,KLINIK PERGIGIAN SEKOLAH D/A SEKOLAH KEBANGSAAN SUNGAI DUA,SUNGAI DUA,13800,PULAU PINANG,SEBERANG PERAI UTARA,BUKA,AWAM,KLINIK PERGIGIAN,KLINIK PERGIGIAN SEKOLAH RENDAH
21-07040318,KLINIK PERGIGIAN SEKOLAH D/A SEKOLAH KEBANGSAAN PERMATANG BERTAM,PERMATANG BERTAM,13200,PULAU PINANG,SEBERANG PERAI UTARA,BUKA,AWAM,KLINIK PERGIGIAN,KLINIK PERGIGIAN SEKOLAH RENDAH
21-07040317,KLINIK PERGIGIAN SEKOLAH D/A SEKOLAH KEBANGSAAN PENGKALAN JAYA,JALAN PENGKALAN BATU,13310,PULAU PINANG,SEBERANG PERAI UTARA,BUKA,AWAM,KLINIK PERGIGIAN,KLINIK PERGIGIAN SEKOLAH RENDAH
21-07040316,KLINIK PERGIGIAN SEKOLAH D/A SEKOLAH KEBANGSAAN PADANG MENORA,PADANG MENORA,13310,PULAU PINANG,SEBERANG PERAI UTARA,BUKA,AWAM,KLINIK PERGIGIAN,KLINIK PERGIGIAN SEKOLAH RENDAH
21-07040314,KLINIK PERGIGIAN SEKOLAH D/A SEKOLAH KEBANGSAAN ARA RENDANG,JALAN POKOK SENA,13200,PULAU PINANG,SEBERANG PERAI UTARA,BUKA,AWAM,KLINIK PERGIGIAN,KLINIK PERGIGIAN SEKOLAH RENDAH
21-07040279,KLINIK PERGIGIAN SEKOLAH D/A SEKOLAH KEBANGSAAN CONVENT 1,JALAN SUNGAI NYIOR,12100,PULAU PINANG,SEBERANG PERAI UTARA,BUKA,AWAM,KLINIK PERGIGIAN,KLINIK PERGIGIAN SEKOLAH RENDAH
21-07040278,KLINIK PERGIGIAN SEKOLAH D/A SEKOLAH JENIS KEBANGSAAN (CINA) LI HWA,PERMATANG TENGAH,13000,PULAU PINANG,SEBERANG PERAI UTARA,BUKA,AWAM,KLINIK PERGIGIAN,KLINIK PERGIGIAN SEKOLAH RENDAH
21-07040277,KLINIK PERGIGIAN SEKOLAH D/A SEKOLAH JENIS KEBANGSAAN (CINA) CHUNG HWA 1,JALAN TELAGA AIR,12200,PULAU PINANG,SEBERANG PERAI UTARA,BUKA,AWAM,KLINIK PERGIGIAN,KLINIK PERGIGIAN SEKOLAH RENDAH
21-07040276,KLINIK PERGIGIAN SEKOLAH D/A SEKOLAH JENIS KEBANGSAAN (CINA) KWANG HWA,JALAN RAJA UDA,12300,PULAU PINANG,SEBERANG PERAI UTARA,BUKA,AWAM,KLINIK PERGIGIAN,KLINIK PERGIGIAN SEKOLAH RENDAH
21-07040274,KLINIK PERGIGIAN SEKOLAH D/A SEKOLAH MENENGAH KEBANGSAAN DATUK HAJI AHMAD BADAWI,JALAN DATUK HAJI AHMAD BADAWI,13200,PULAU PINANG,SEBERANG PERAI UTARA,BUKA,AWAM,KLINIK PERGIGIAN,KLINIK PERGIGIAN SEKOLAH MENENGAH
21-07040273,KLINIK PERGIGIAN SEKOLAH D/A SEKOLAH MENENGAH DATUK ONN,"JALAN GANGSA, MUKIM 9",13000,PULAU PINANG,SEBERANG PERAI UTARA,BUKA,AWAM,KLINIK PERGIGIAN,KLINIK PERGIGIAN SEKOLAH MENENGAH
21-07040322,PUSAT PERGIGIAN SEKOLAH D/A KLINIK KESIHATAN PENAGA,JALAN BESAR PENAGA,13100,PULAU PINANG,SEBERANG PERAI UTARA,BUKA,AWAM,KLINIK PERGIGIAN,KLINIK PERGIGIAN SEKOLAH (PUSAT PERGIGIAN SEKOLAH)
21-07020619D,KLINIK PERGIGIAN DI KLINIK KESIHATAN UTC SEBERANG PERAI,"ARAS 3, PENANG SENTRAL, 6, JALAN PANTAI, BUTTERWORTH",12000,PULAU PINANG,SEBERANG PERAI UTARA,BUKA,AWAM,KLINIK PERGIGIAN,KLINIK PERGIGIAN DI UTC
21-07050125D,KLINIK PERGIGIAN DI KLINIK KESIHATAN JALAN ANGSANA,"LOT 10094 & 2584, MUKIM 13, NO 8 JALAN ANGSANA, BANDAR BARU AIR ITAM",11500,PULAU PINANG,TIMUR LAUT,BUKA,AWAM,KLINIK PERGIGIAN,KLINIK PERGIGIAN DI KLINIK KESIHATAN
21-07050041D,KLINIK PERGIGIAN DI KLINIK KESIHATAN TANJUNG BUNGAH,"LOT 1835, JALAN LEMBAH PERMAI, BANDAR TANJUNG BUNGA",11200,PULAU PINANG,TIMUR LAUT,BUKA,AWAM,KLINIK PERGIGIAN,KLINIK PERGIGIAN DI KLINIK KESIHATAN
21-07050040D,KLINIK PERGIGIAN DI KLINIK KESIHATAN SUNGAI DUA,"LOT 2554, MUKIM 13, SUNGAI. DUA",11700,PULAU PINANG,TIMUR LAUT,BUKA,AWAM,KLINIK PERGIGIAN,KLINIK PERGIGIAN DI KLINIK KESIHATAN
21-07050028D,KLINIK PERGIGIAN DI KLINIK KESIHATAN JALAN PERAK,"LOT 174 & 175 & 648 JALAN PERAK, BANDAR JELUTONG",11600,PULAU PINANG,TIMUR LAUT,BUKA,AWAM,KLINIK PERGIGIAN,KLINIK PERGIGIAN DI KLINIK KESIHATAN
21-07050027D,KLINIK PERGIGIAN DI KLINIK KESIHATAN JALAN MACALISTER,"LOT 1762, SEKSYEN 12 TIMUR LAUT, JALAN MACALISTER",11400,PULAU PINANG,TIMUR LAUT,BUKA,AWAM,KLINIK PERGIGIAN,KLINIK PERGIGIAN DI KLINIK KESIHATAN
21-07050023D,KLINIK PERGIGIAN DI KLINIK KESIHATAN BUKIT JAMBUL,"BLOK D, NO. 2759 & 2758, TINGKAT BAWAH TAMAN BUKIT JAMBUL",11900,PULAU PINANG,TIMUR LAUT,BUKA,AWAM,KLINIK PERGIGIAN,KLINIK PERGIGIAN DI KLINIK KESIHATAN
21-07050018D,KLINIK PERGIGIAN DI KLINIK KESIHATAN AIR ITAM,"LOT 322, SEKSYEN 3 JALAN BUKIT BENDERA, AIR ITAM",11500,PULAU PINANG,TIMUR LAUT,BUKA,AWAM,KLINIK PERGIGIAN,KLINIK PERGIGIAN DI KLINIK KESIHATAN
11-07050009D,KLINIK PERGIGIAN DI HOSPITAL PULAU PINANG,JALAN RESIDENSI,10450,PULAU PINANG,TIMUR LAUT,BUKA,AWAM,KLINIK PERGIGIAN,KLINIK PERGIGIAN DI HOSPITAL
21-07050315,KLINIK PERGIGIAN SEKOLAH D/A SEKOLAH KEBANGSAAN BUKIT GELUGOR,"JALAN YEAP CHOR EE, GELUGOR",11700,PULAU PINANG,TIMUR LAUT,BUKA,AWAM,KLINIK PERGIGIAN,KLINIK PERGIGIAN SEKOLAH RENDAH
21-07050313,KLINIK PERGIGIAN SEKOLAH D/A SEKOLAH JENIS KEBANGSAAN (CINA) PEREMPUAN CHINA,"2-D, JALAN GOTTLIEB, AIR ITAM",10350,PULAU PINANG,TIMUR LAUT,BUKA,AWAM,KLINIK PERGIGIAN,KLINIK PERGIGIAN SEKOLAH RENDAH
21-07050312,KLINIK PERGIGIAN SEKOLAH D/A SEKOLAH JENIS KEBANGSAAN (CINA) KONG MIN CAWANGAN KEDUA,"JALAN PAYA TERUBONG, AIR ITAM",11500,PULAU PINANG,TIMUR LAUT,BUKA,AWAM,KLINIK PERGIGIAN,KLINIK PERGIGIAN SEKOLAH RENDAH
21-07050311,KLINIK PERGIGIAN SEKOLAH D/A SEKOLAH JENIS KEBANGSAAN (CINA) JELUTONG,"99-A, JALAN TAN SRI TEH EWE LIM",11600,PULAU PINANG,TIMUR LAUT,BUKA,AWAM,KLINIK PERGIGIAN,KLINIK PERGIGIAN SEKOLAH RENDAH
21-07050310,KLINIK PERGIGIAN SEKOLAH D/A SEKOLAH JENIS KEBANGSAAN (CINA) UNION,"NO. 219, JALAN BURMA",10050,PULAU PINANG,TIMUR LAUT,BUKA,AWAM,KLINIK PERGIGIAN,KLINIK PERGIGIAN SEKOLAH RENDAH
21-07050309,KLINIK PERGIGIAN SEKOLAH D/A SEKOLAH JENIS KEBANGSAAN (CINA) PHOR TAY,"19A, JALAN BAGAN JERMAL",10250,PULAU PINANG,TIMUR LAUT,BUKA,AWAM,KLINIK PERGIGIAN,KLINIK PERGIGIAN SEKOLAH RENDAH
21-07050308,KLINIK PERGIGIAN SEKOLAH D/A SEKOLAH JENIS KEBANGSAAN (CINA) HAN CHIANG,"NO. 3, JALAN LIM LEAN TENG",11600,PULAU PINANG,TIMUR LAUT,BUKA,AWAM,KLINIK PERGIGIAN,KLINIK PERGIGIAN SEKOLAH RENDAH
21-07050307,KLINIK PERGIGIAN SEKOLAH D/A SEKOLAH KEBANGSAAN ST XAVIER CAWANGAN,"NO. 4, BROTHER JAMES ROAD, AIR ITAM",10350,PULAU PINANG,TIMUR LAUT,BUKA,AWAM,KLINIK PERGIGIAN,KLINIK PERGIGIAN SEKOLAH RENDAH
21-07050306,KLINIK PERGIGIAN SEKOLAH D/A SEKOLAH KEBANGSAAN PEREMPUAN METHODIST,"NO. 42, JALAN ANSON",10400,PULAU PINANG,TIMUR LAUT,BUKA,AWAM,KLINIK PERGIGIAN,KLINIK PERGIGIAN SEKOLAH RENDAH
21-07050305,KLINIK PERGIGIAN SEKOLAH D/A SEKOLAH KEBANGSAAN PEREMPUAN ISLAND,JALAN SULTAN AHMAD SHAH,10050,PULAU PINANG,TIMUR LAUT,BUKA,AWAM,KLINIK PERGIGIAN,KLINIK PERGIGIAN SEKOLAH RENDAH
21-07050304,KLINIK PERGIGIAN SEKOLAH D/A SEKOLAH KEBANGSAAN JELUTONG BARAT,LORONG SEKOLAH,11600,PULAU PINANG,TIMUR LAUT,BUKA,AWAM,KLINIK PERGIGIAN,KLINIK PERGIGIAN SEKOLAH RENDAH
21-07050303,KLINIK PERGIGIAN SEKOLAH D/A SEKOLAH KEBANGSAAN HUTCHINGS,LEBUH FARQUHAR,10200,PULAU PINANG,TIMUR LAUT,BUKA,AWAM,KLINIK PERGIGIAN,KLINIK PERGIGIAN SEKOLAH RENDAH
21-07050302,KLINIK PERGIGIAN SEKOLAH D/A SEKOLAH KEBANGSAAN FRANCIS LIGHT,JALAN PERAK,10150,PULAU PINANG,TIMUR LAUT,BUKA,AWAM,KLINIK PERGIGIAN,KLINIK PERGIGIAN SEKOLAH RENDAH
21-07050301,KLINIK PERGIGIAN SEKOLAH D/A SEKOLAH JENIS KEBANGSAAN (CINA) CONVENT DATUK KERAMAT,"NO. 421, JALAN DATUK KERAMAT, JALAN PERAK",10150,PULAU PINANG,TIMUR LAUT,BUKA,AWAM,KLINIK PERGIGIAN,KLINIK PERGIGIAN SEKOLAH RENDAH
21-07050299,KLINIK PERGIGIAN SEKOLAH D/A SEKOLAH KEBANGSAAN CONVENT GREEN LANE,"JALAN HAMILTON, TAMAN GREEN LANE, JELUTONG",11600,PULAU PINANG,TIMUR LAUT,BUKA,AWAM,KLINIK PERGIGIAN,KLINIK PERGIGIAN SEKOLAH RENDAH
21-07050275,KLINIK PERGIGIAN SEKOLAH D/A SEKOLAH JENIS KEBANGSAAN (C) BENG TEIK CAWANGAN,"244-P, JELUTONG BARAT, TAMAN ARA",11600,PULAU PINANG,TIMUR LAUT,BUKA,AWAM,KLINIK PERGIGIAN,KLINIK PERGIGIAN SEKOLAH RENDAH
21-07050295,KLINIK PERGIGIAN SEKOLAH D/A SEKOLAH MENENGAH KEBANGSAAN (P) ST. GEORGE,JALAN MACALISTER,10450,PULAU PINANG,TIMUR LAUT,BUKA,AWAM,KLINIK PERGIGIAN,KLINIK PERGIGIAN SEKOLAH MENENGAH
21-07050294,KLINIK PERGIGIAN SEKOLAH D/A SEKOLAH MENENGAH KEBANGSAAN ST XAVIER,"LEBUH FARQUHAR, TIMUR LAUT",10200,PULAU PINANG,TIMUR LAUT,BUKA,AWAM,KLINIK PERGIGIAN,KLINIK PERGIGIAN SEKOLAH MENENGAH
21-07050293,KLINIK PERGIGIAN SEKOLAH D/A PENANG FREE SCHOOL,"12A, JALAN MASJID NEGERI, JELUTONG",11600,PULAU PINANG,TIMUR LAUT,BUKA,AWAM,KLINIK PERGIGIAN,KLINIK PERGIGIAN SEKOLAH MENENGAH
41-07050017,PUSAT PERGIGIAN KANAK-KANAK & INSTITUT LATIHAN KKM (PERGIGIAN),"NO.3, JALAN SEPOY LINES",10450,PULAU PINANG,TIMUR LAUT,BUKA,AWAM,KLINIK PERGIGIAN,KLINIK PERGIGIAN DI INSTITUSI LAIN
21-07050332D,KLINIK PERGIGIAN DI KLINIK KESIHATAN UTC PULAU PINANG,"2B-2-06, UTC KOMTAR, GEORGETOWN",10450,PULAU PINANG,TIMUR LAUT,BUKA,AWAM,KLINIK PERGIGIAN,KLINIK PERGIGIAN DI UTC
21-12010698,KLINIK PERGIGIAN BEAUFORT,"D/A PEJABAT KESIHATAN KAWASAN BEAUFORT, PETI SURAT 1152 89808 BEAUFORT, SABAH",89808,SABAH,BEAUFORT,BUKA,AWAM,KLINIK PERGIGIAN,KLINIK PERGIGIAN (STANDALONE)
21-12010090D,KLINIK PERGIGIAN DI KLINIK KESIHATAN PADAS DAMIT,"KLINIK PERGIGIAN DI KLINIK KESIHATAN PADAS DAMIT, KAMPUNG PADAS DAMIT",89807,SABAH,BEAUFORT,BUKA,AWAM,KLINIK PERGIGIAN,KLINIK PERGIGIAN DI KLINIK KESIHATAN
21-12010570,KLINIK PERGIGIAN SEKOLAH D/A SEKOLAH KEBANGSAAN PEKAN BEAUFORT,PETI SURAT 157,89807,SABAH,BEAUFORT,BUKA,AWAM,KLINIK PERGIGIAN,KLINIK PERGIGIAN SEKOLAH RENDAH
11-12020027D,KLINIK PERGIGIAN DI HOSPITAL BELURAN,BEG BERKUNCI NO. 02,90109,SABAH,BELURAN,BUKA,AWAM,KLINIK PERGIGIAN,KLINIK PERGIGIAN DI HOSPITAL
21-12170571,KLINIK PERGIGIAN SEKOLAH D/A SEKOLAH KEBANGSAAN PEKAN BELURAN,PETI SURAT 8,90100,SABAH,BELURAN,BUKA,AWAM,KLINIK PERGIGIAN,KLINIK PERGIGIAN SEKOLAH RENDAH
21-12030387,KLINIK PERGIGIAN KENINGAU,PETI SURAT 1451,89009,SABAH,KENINGAU,BUKA,AWAM,KLINIK PERGIGIAN,KLINIK PERGIGIAN (STANDALONE)
21-12030107D,KLINIK PERGIGIAN DI KLINIK KESIHATAN SOOK,"JALAN TULID- MANSIAT, PETI SURAT 94",89007,SABAH,KENINGAU,BUKA,AWAM,KLINIK PERGIGIAN,KLINIK PERGIGIAN DI KLINIK KESIHATAN
11-12030029D,KLINIK PERGIGIAN DI HOSPITAL KENINGAU,PETI SURAT 11,89007,SABAH,KENINGAU,BUKA,AWAM,KLINIK PERGIGIAN,KLINIK PERGIGIAN DI HOSPITAL
21-12030573,KLINIK PERGIGIAN SEKOLAH D/A SEKOLAH KEBANGSAAN PEKAN KENINGAU,PETI SURAT 108,89007,SABAH,KENINGAU,BUKA,AWAM,KLINIK PERGIGIAN,KLINIK PERGIGIAN SEKOLAH RENDAH
21-12030566,KLINIK PERGIGIAN SEKOLAH D/A SEKOLAH KEBANGSAAN LUAGAN,PETI SURAT 193,89008,SABAH,KENINGAU,BUKA,AWAM,KLINIK PERGIGIAN,KLINIK PERGIGIAN SEKOLAH RENDAH
21-12030554,KLINIK PERGIGIAN SEKOLAH D/A SEKOLAH KEBANGSAAN BINGKOR,PETI SURAT 121,89007,SABAH,KENINGAU,BUKA,AWAM,KLINIK PERGIGIAN,KLINIK PERGIGIAN SEKOLAH RENDAH
21-12030541,KLINIK PERGIGIAN SEKOLAH D/A SEKOLAH KEBANGSAAN ST. FRANCIS XAVIER KENINGAU,PETI SURAT 24,89007,SABAH,KENINGAU,BUKA,AWAM,KLINIK PERGIGIAN,KLINIK PERGIGIAN SEKOLAH RENDAH
21-12030519,KLINIK PERGIGIAN SEKOLAH D/A SEKOLAH JENIS KEBANGSAAN (CINA) YUK YIN,PETI SURAT 16,89007,SABAH,KENINGAU,BUKA,AWAM,KLINIK PERGIGIAN,KLINIK PERGIGIAN SEKOLAH RENDAH
21-12030400D,KLINIK PERGIGIAN DI KLINIK KESIHATAN UTC KENINGAU,"LOT 1, BANGUNAN UTC, JALAN MARKET",89008,SABAH,KENINGAU,BUKA,AWAM,KLINIK PERGIGIAN,KLINIK PERGIGIAN DI UTC
21-12040109D,KLINIK PERGIGIAN DI KLINIK KESIHATAN SUKAU,"W.D.T. 40, JALAN SUKAU",90200,SABAH,KINABATANGAN,BUKA,AWAM,KLINIK PERGIGIAN,KLINIK PERGIGIAN DI KLINIK KESIHATAN
21-12040337D,KLINIK PERGIGIAN DI KLINIK KESIHATAN IBU DAN ANAK KOTA KINABATANGAN,W.D.T. 40,90200,SABAH,KINABATANGAN,BUKA,AWAM,KLINIK PERGIGIAN,KLINIK PERGIGIAN DI KLINIK KESIHATAN IBU DAN ANAK (KKIA)
21-12050285D,KLINIK PERGIGIAN DI KLINIK KESIHATAN ROSOK,"D/A KLINIK KESIHATAN ROSOK, KAMPUNG ROSOK",89150,SABAH,KOTA BELUD,BUKA,AWAM,KLINIK PERGIGIAN,KLINIK PERGIGIAN DI KLINIK KESIHATAN
21-12050113D,KLINIK PERGIGIAN DI KLINIK KESIHATAN TAGINAMBUR KOTA BELUD,"PEKAN TAGINAMBUR, JALAN RANAU BYPASS, PETI SURAT 159",89150,SABAH,KOTA BELUD,BUKA,AWAM,KLINIK PERGIGIAN,KLINIK PERGIGIAN DI KLINIK KESIHATAN
11-12050031D,KLINIK PERGIGIAN DI HOSPITAL KOTA BELUD,"D/A HOSPITAL KOTA BELUD, PETI SURAT 159",89150,SABAH,KOTA BELUD,BUKA,AWAM,KLINIK PERGIGIAN,KLINIK PERGIGIAN DI HOSPITAL
21-12060578,KLINIK PERGIGIAN SEKOLAH D/A SEKOLAH KEBANGSAAN PEKAN KOTA BELUD,WDT 161,89150,SABAH,KOTA BELUD,BUKA,AWAM,KLINIK PERGIGIAN,KLINIK PERGIGIAN SEKOLAH RENDAH
21-12071150,PUSAT PAKAR PERGIGIAN SABAH,"PUSAT PAKAR PERGIGIAN SABAH, JALAN KEBAJIKAN",88300,SABAH,KOTA KINABALU,BUKA,AWAM,KLINIK PERGIGIAN,KLINIK PERGIGIAN (STANDALONE)
21-12060749,KLINIK PERGIGIAN KEPAYAN,"JKR NO.7642, JALAN PAHLAWAN, KEPAYAN",88200,SABAH,KOTA KINABALU,BUKA,AWAM,KLINIK PERGIGIAN,KLINIK PERGIGIAN (STANDALONE)
21-12060077D,KLINIK PERGIGIAN DI KLINIK KESIHATAN LUYANG,OFF JALAN LINTAS,88300,SABAH,KOTA KINABALU,BUKA,AWAM,KLINIK PERGIGIAN,KLINIK PERGIGIAN DI KLINIK KESIHATAN
11-12060388D,KLINIK PERGIGIAN DI HOSPITAL QUEEN ELIZABETH 2,"ARAS 8, LORONG BERSATU OFF JALAN DAMAI LUYANG",88200,SABAH,KOTA KINABALU,BUKA,AWAM,KLINIK PERGIGIAN,KLINIK PERGIGIAN DI HOSPITAL
11-12060045D,KLINIK PERGIGIAN DI HOSPITAL WANITA DAN KANAK-KANAK SABAH,KARUNG BERKUNCI 187,88890,SABAH,KOTA KINABALU,BUKA,AWAM,KLINIK PERGIGIAN,KLINIK PERGIGIAN DI HOSPITAL
11-12060025D,KLINIK PERGIGIAN DI HOSPITAL QUEEN ELIZABETH,KARUNG BERKUNCI 2029,88586,SABAH,KOTA KINABALU,BUKA,AWAM,KLINIK PERGIGIAN,KLINIK PERGIGIAN DI HOSPITAL
21-12060604,KLINIK PERGIGIAN SEKOLAH D/A SEKOLAH KEBANGSAAN ST FRANCIS CONVENT,PETI SURAT 10071,88801,SABAH,KOTA KINABALU,BUKA,AWAM,KLINIK PERGIGIAN,KLINIK PERGIGIAN SEKOLAH RENDAH
21-12060603,KLINIK PERGIGIAN SEKOLAH D/A SEKOLAH KEBANGSAAN ST AGNES,"PETI SURAT 224, JALAN TELUK LIKAS 88856 LIKAS, SABAH",88856,SABAH,KOTA KINABALU,BUKA,AWAM,KLINIK PERGIGIAN,KLINIK PERGIGIAN SEKOLAH RENDAH
21-12060602,KLINIK PERGIGIAN SEKOLAH D/A SEKOLAH KEBANGSAAN LOK YUK LIKAS,PETI SURAT 12122,88823,SABAH,KOTA KINABALU,BUKA,AWAM,KLINIK PERGIGIAN,KLINIK PERGIGIAN SEKOLAH RENDAH
21-12060600,KLINIK PERGIGIAN SEKOLAH D/A SEKOLAH JENIS KEBANGSAAN (CINA) YICK NAM,"PETI SURAT A-56, 89357 INANAM, SABAH",89357,SABAH,KOTA KINABALU,BUKA,AWAM,KLINIK PERGIGIAN,KLINIK PERGIGIAN SEKOLAH RENDAH
21-12060597,KLINIK PERGIGIAN SEKOLAH D/A SEKOLAH JENIS KEBANGSAAN (CINA) SHAN TAO,PETI SURAT 10026,88800,SABAH,KOTA KINABALU,BUKA,AWAM,KLINIK PERGIGIAN,KLINIK PERGIGIAN SEKOLAH RENDAH
21-12060594,KLINIK PERGIGIAN SEKOLAH D/A SEKOLAH JENIS KEBANGSAAN (CINA) CHUNG HWA LIKAS,PETI SURAT 4,89400,SABAH,KOTA KINABALU,BUKA,AWAM,KLINIK PERGIGIAN,KLINIK PERGIGIAN SEKOLAH RENDAH
21-12060593,KLINIK PERGIGIAN SEKOLAH D/A SEKOLAH JENIS KEBANGSAAN (CINA) CHUNG HWA KG AIR K KINABALU,PETI SURAT 10215,88802,SABAH,KOTA KINABALU,BUKA,AWAM,KLINIK PERGIGIAN,KLINIK PERGIGIAN SEKOLAH RENDAH
21-12060585,KLINIK PERGIGIAN SEKOLAH D/A SEKOLAH KEBANGSAAN TANJUNG ARU II,PETI SURAT 653,88858,SABAH,KOTA KINABALU,BUKA,AWAM,KLINIK PERGIGIAN,KLINIK PERGIGIAN SEKOLAH RENDAH
21-12060579,KLINIK PERGIGIAN SEKOLAH D/A SEKOLAH JENIS KEBANGSAAN (CINA) LOK YUK LIKAS,PETI SURAT 282,88856,SABAH,KOTA KINABALU,BUKA,AWAM,KLINIK PERGIGIAN,KLINIK PERGIGIAN SEKOLAH RENDAH
21-12060565,KLINIK PERGIGIAN SEKOLAH D/A SEKOLAH KEBANGSAAN LIKAS,PETI SURAT 11196,88813,SABAH,KOTA KINABALU,BUKA,AWAM,KLINIK PERGIGIAN,KLINIK PERGIGIAN SEKOLAH RENDAH
21-12060561,KLINIK PERGIGIAN SEKOLAH D/A SEKOLAH KEBANGSAAN KEPAYAN,PETI SURAT 395,88858,SABAH,KOTA KINABALU,BUKA,AWAM,KLINIK PERGIGIAN,KLINIK PERGIGIAN SEKOLAH RENDAH
21-12060559,KLINIK PERGIGIAN SEKOLAH D/A SEKOLAH KEBANGSAAN INANAM II,PETI SURAT 321,88450,SABAH,KOTA KINABALU,BUKA,AWAM,KLINIK PERGIGIAN,KLINIK PERGIGIAN SEKOLAH RENDAH
21-12060540,KLINIK PERGIGIAN SEKOLAH D/A SEKOLAH KEBANGSAAN STELLA MARIS,BEG BERKUNCI 2031,88858,SABAH,KOTA KINABALU,BUKA,AWAM,KLINIK PERGIGIAN,KLINIK PERGIGIAN SEKOLAH RENDAH
21-12060539,KLINIK PERGIGIAN SEKOLAH D/A SEKOLAH JENIS KEBANGSAAN (CINA) ST JAMES KOTA KINABALU,"PETI SURAT 10963, KOTA KINABALU, SABAH",88100,SABAH,KOTA KINABALU,BUKA,AWAM,KLINIK PERGIGIAN,KLINIK PERGIGIAN SEKOLAH RENDAH
21-12060533,KLINIK PERGIGIAN SEKOLAH D/A SEKOLAH KEBANGSAAN TOBOBON,"PETI SURAT A-171, 88857 INANAM, SABAH",88857,SABAH,KOTA KINABALU,BUKA,AWAM,KLINIK PERGIGIAN,KLINIK PERGIGIAN SEKOLAH RENDAH
21-12060532,KLINIK PERGIGIAN SEKOLAH D/A SEKOLAH KEBANGSAAN SACRED HEART,PETI SURAT 14690,88853,SABAH,KOTA KINABALU,BUKA,AWAM,KLINIK PERGIGIAN,KLINIK PERGIGIAN SEKOLAH RENDAH
21-12060530,KLINIK PERGIGIAN SEKOLAH D/A SEKOLAH KEBANGSAAN SRI GAYA,"LORONG SELADANG, OFF JALAN KEBAJIKAN",88300,SABAH,KOTA KINABALU,BUKA,AWAM,KLINIK PERGIGIAN,KLINIK PERGIGIAN SEKOLAH RENDAH
21-12060524,KLINIK PERGIGIAN SEKOLAH D/A SEKOLAH KEBANGSAAN DARAU,PETI SURAT 11881,88820,SABAH,KOTA KINABALU,BUKA,AWAM,KLINIK PERGIGIAN,KLINIK PERGIGIAN SEKOLAH RENDAH
21-12060431D,KLINIK PERGIGIAN DI KLINIK KESIHATAN UTC KOTA KINABALU,"PUSAT TRANSFORMASI BANDAR SABAH (UTC), JALAN BELIA",88100,SABAH,KOTA KINABALU,BUKA,AWAM,KLINIK PERGIGIAN,KLINIK PERGIGIAN DI UTC
21-12070116D,KLINIK PERGIGIAN DI KLINIK KESIHATAN TANDEK,"JALAN LOTONG, PETI SURAT 421",89108,SABAH,KOTA MARUDU,BUKA,AWAM,KLINIK PERGIGIAN,KLINIK PERGIGIAN DI KLINIK KESIHATAN
21-12070338D,KLINIK PERGIGIAN DI KLINIK KESIHATAN IBU DAN ANAK KOTA MARUDU,"D/A PEJABAT KESIHATAN KOTA MARUDU, (BHG.G), PETI SURAT 421 89108 KOTA MARUDU, SABAH",89108,SABAH,KOTA MARUDU,BUKA,AWAM,KLINIK PERGIGIAN,KLINIK PERGIGIAN DI KLINIK KESIHATAN IBU DAN ANAK (KKIA)
21-12070586,KLINIK PERGIGIAN SEKOLAH D/A SEKOLAH KEBANGSAAN PEKAN KOTA MARUDU,PETI SURAT 156,89108,SABAH,KOTA MARUDU,BUKA,AWAM,KLINIK PERGIGIAN,KLINIK PERGIGIAN SEKOLAH RENDAH
11-12080033D,KLINIK PERGIGIAN DI HOSPITAL KUALA PENYU,W.D.T 35,89747,SABAH,KUALA PENYU,BUKA,AWAM,KLINIK PERGIGIAN,KLINIK PERGIGIAN DI HOSPITAL
21-12090063D,KLINIK PERGIGIAN DI KLINIK KESIHATAN KARAKIT,"KAMPUNG KARAKIT, PULAU BANGGI, BEG BERKUNCI NO.6",89059,SABAH,KUDAT,BUKA,AWAM,KLINIK PERGIGIAN,KLINIK PERGIGIAN DI KLINIK KESIHATAN
21-12090339D,KLINIK PERGIGIAN DI KLINIK KESIHATAN IBU DAN ANAK KUDAT,"D/A PEJABAT KESIHATAN KAWASAN KUDAT, BEG BERKUNCI NO.6",89059,SABAH,KUDAT,BUKA,AWAM,KLINIK PERGIGIAN,KLINIK PERGIGIAN DI KLINIK KESIHATAN IBU DAN ANAK (KKIA)
21-12090587,KLINIK PERGIGIAN SEKOLAH D/A SEKOLAH KEBANGSAAN TUN DATU HJ MUSTAPHA,PETI SURAT 235,89058,SABAH,KUDAT,BUKA,AWAM,KLINIK PERGIGIAN,KLINIK PERGIGIAN SEKOLAH RENDAH
21-12090542,KLINIK PERGIGIAN SEKOLAH D/A SEKOLAH KEBANGSAAN ST PETER KUDAT,PETI SURAT 753,89058,SABAH,KUDAT,BUKA,AWAM,KLINIK PERGIGIAN,KLINIK PERGIGIAN SEKOLAH RENDAH
21-12090536,KLINIK PERGIGIAN SEKOLAH D/A SEKOLAH JENIS KEBANGSAAN (CINA) LOK YUK BATU 1 KUDAT,PETI SURAT 67,89057,SABAH,KUDAT,BUKA,AWAM,KLINIK PERGIGIAN,KLINIK PERGIGIAN SEKOLAH RENDAH
11-12100035D,KLINIK PERGIGIAN DI HOSPITAL KUNAK,WDT 150,91209,SABAH,KUNAK,BUKA,AWAM,KLINIK PERGIGIAN,KLINIK PERGIGIAN DI HOSPITAL
21-12100563,KLINIK PERGIGIAN SEKOLAH D/A SEKOLAH KEBANGSAAN KUNAK 1,PETI SURAT 9,91207,SABAH,KUNAK,BUKA,AWAM,KLINIK PERGIGIAN,KLINIK PERGIGIAN SEKOLAH RENDAH
21-12110360,KLINIK PERGIGIAN LAHAD DATU,PETI SURAT 60065,91120,SABAH,LAHAD DATU,BUKA,AWAM,KLINIK PERGIGIAN,KLINIK PERGIGIAN (STANDALONE)
21-12110127D,KLINIK PERGIGIAN DI KLINIK KESIHATAN TUNGKU LAHAD DATU,"PETI SURAT 61167, PEJABAT KESIHATAN LAHAD DATU 91120 LAHAD DATU, SABAH",91120,SABAH,LAHAD DATU,BUKA,AWAM,KLINIK PERGIGIAN,KLINIK PERGIGIAN DI KLINIK KESIHATAN
11-12110036D,KLINIK PERGIGIAN DI HOSPITAL LAHAD DATU,PETI SURAT 60065,91100,SABAH,LAHAD DATU,BUKA,AWAM,KLINIK PERGIGIAN,KLINIK PERGIGIAN DI HOSPITAL
21-12110608,KLINIK PERGIGIAN SEKOLAH D/A SEKOLAH KEBANGSAAN LAHAD DATU III,PETI SURAT 61087,91120,SABAH,LAHAD DATU,BUKA,AWAM,KLINIK PERGIGIAN,KLINIK PERGIGIAN SEKOLAH RENDAH
21-12110607,KLINIK PERGIGIAN SEKOLAH D/A SEKOLAH KEBANGSAAN LAHAD DATU II,PETI SURAT 61047,91119,SABAH,LAHAD DATU,BUKA,AWAM,KLINIK PERGIGIAN,KLINIK PERGIGIAN SEKOLAH RENDAH
21-12110598,KLINIK PERGIGIAN SEKOLAH D/A SEKOLAH JENIS KEBANGSAAN (CINA) SIEW CHING,PETI SURAT 60018,91110,SABAH,LAHAD DATU,BUKA,AWAM,KLINIK PERGIGIAN,KLINIK PERGIGIAN SEKOLAH RENDAH
21-12110557,KLINIK PERGIGIAN SEKOLAH D/A SEKOLAH KEBANGSAAN CENDERAWASIH,PETI SURAT 60035,91110,SABAH,LAHAD DATU,BUKA,AWAM,KLINIK PERGIGIAN,KLINIK PERGIGIAN SEKOLAH RENDAH
21-12120087D,KLINIK PERGIGIAN DI KLINIK KESIHATAN NABAWAN,"BANGUNAN KLINIK KESIHATAN NABAWAN, PETI SURAT 56",89957,SABAH,NABAWAN,BUKA,AWAM,KLINIK PERGIGIAN,KLINIK PERGIGIAN DI KLINIK KESIHATAN
21-12130361,KLINIK PERGIGIAN PAPAR,"JALAN HOSPITAL PAPAR, PETI SURAT 6",89607,SABAH,PAPAR,BUKA,AWAM,KLINIK PERGIGIAN,KLINIK PERGIGIAN (STANDALONE)
21-12060599,KLINIK PERGIGIAN SEKOLAH D/A SEKOLAH JENIS KEBANGSAAN (CINA) ST JOSEPH,PETI SURAT 150,89608,SABAH,PAPAR,BUKA,AWAM,KLINIK PERGIGIAN,KLINIK PERGIGIAN SEKOLAH RENDAH
21-12060535,KLINIK PERGIGIAN SEKOLAH D/A SEKOLAH JENIS KEBANGSAAN (CINA) CHENG HWA,PETI SURAT 27,89607,SABAH,PAPAR,BUKA,AWAM,KLINIK PERGIGIAN,KLINIK PERGIGIAN SEKOLAH RENDAH
21-12060528,KLINIK PERGIGIAN SEKOLAH D/A SEKOLAH KEBANGSAAN PEKAN PAPAR,PETI SURAT 50,89607,SABAH,PAPAR,BUKA,AWAM,KLINIK PERGIGIAN,KLINIK PERGIGIAN SEKOLAH RENDAH
21-12060527,KLINIK PERGIGIAN SEKOLAH D/A SEKOLAH KEBANGSAAN PEKAN KINARUT,PETI SURAT 622,89600,SABAH,PAPAR,BUKA,AWAM,KLINIK PERGIGIAN,KLINIK PERGIGIAN SEKOLAH RENDAH
21-12010572,KLINIK PERGIGIAN SEKOLAH D/A SEKOLAH KEBANGSAAN PEKAN BONGAWAN,PETI SURAT 7,89700,SABAH,PAPAR,BUKA,AWAM,KLINIK PERGIGIAN,KLINIK PERGIGIAN SEKOLAH RENDAH
21-12140095D,KLINIK PERGIGIAN DI KLINIK KESIHATAN PENAMPANG,"KM 12, JALAN TAMBUNAN, WDT 29",89509,SABAH,PENAMPANG,BUKA,AWAM,KLINIK PERGIGIAN,KLINIK PERGIGIAN DI KLINIK KESIHATAN
21-12140697,KLINIK PERGIGIAN SEKOLAH D/A SEKOLAH JENIS KEBANGSAAN (CINA) YUE MIN,PETI SURAT 13,89507,SABAH,PENAMPANG,BUKA,AWAM,KLINIK PERGIGIAN,KLINIK PERGIGIAN SEKOLAH RENDAH
21-12060590,KLINIK PERGIGIAN SEKOLAH D/A SEKOLAH MENENGAH ST MICHAEL,PETI SURAT 66,89507,SABAH,PENAMPANG,BUKA,AWAM,KLINIK PERGIGIAN,KLINIK PERGIGIAN SEKOLAH MENENGAH
21-12150344D,KLINIK PERGIGIAN DI KLINIK KESIHATAN IBU DAN ANAK PITAS,"PETI SURAT 298, POS MINI PITAS, 89100 PITAS, SABAH",89100,SABAH,PITAS,BUKA,AWAM,KLINIK PERGIGIAN,KLINIK PERGIGIAN DI KLINIK KESIHATAN IBU DAN ANAK (KKIA)
21-12250101D,KLINIK PERGIGIAN DI KLINIK KESIHATAN PUTATAN,"KM 11, JALAN PUTATAN",88200,SABAH,PUTATAN,BUKA,AWAM,KLINIK PERGIGIAN,KLINIK PERGIGIAN DI KLINIK KESIHATAN
21-12060596,KLINIK PERGIGIAN SEKOLAH D/A SEKOLAH JENIS KEBANGSAAN (CINA) HWA SHIONG,PETI SURAT 11212,88813,SABAH,PUTATAN,BUKA,AWAM,KLINIK PERGIGIAN,KLINIK PERGIGIAN SEKOLAH RENDAH
21-12060529,KLINIK PERGIGIAN SEKOLAH D/A SEKOLAH KEBANGSAAN PEKAN PUTATAN,PETI SURAT 147,88200,SABAH,PUTATAN,BUKA,AWAM,KLINIK PERGIGIAN,KLINIK PERGIGIAN SEKOLAH RENDAH
21-12060525,KLINIK PERGIGIAN SEKOLAH D/A SEKOLAH KEBANGSAAN KEM LOK KAWI,PETI SURAT 147,89507,SABAH,PUTATAN,BUKA,AWAM,KLINIK PERGIGIAN,KLINIK PERGIGIAN SEKOLAH RENDAH
21-12160362,KLINIK PERGIGIAN RANAU,"PETI SURAT 1408, JALAN HOSPITAL, 89300 RANAU, SABAH",89300,SABAH,RANAU,BUKA,AWAM,KLINIK PERGIGIAN,KLINIK PERGIGIAN (STANDALONE)
21-12160122D,KLINIK PERGIGIAN DI KLINIK KESIHATAN TIMBUA,D/A PEJABAT KESIHATAN DAERAH RANAU,89300,SABAH,RANAU,BUKA,AWAM,KLINIK PERGIGIAN,KLINIK PERGIGIAN DI KLINIK KESIHATAN
21-12160074D,KLINIK PERGIGIAN DI KLINIK KESIHATAN KUNDASANG,"JALAN KAMPUNG LEMBAH PERMAI, PETI SURAT 32",89308,SABAH,RANAU,BUKA,AWAM,KLINIK PERGIGIAN,KLINIK PERGIGIAN DI KLINIK KESIHATAN
21-12160575,KLINIK PERGIGIAN SEKOLAH D/A SEKOLAH KEBANGSAAN PEKAN RANAU,PETI SURAT 4,89307,SABAH,RANAU,BUKA,AWAM,KLINIK PERGIGIAN,KLINIK PERGIGIAN SEKOLAH RENDAH
21-12060564,KLINIK PERGIGIAN SEKOLAH D/A SEKOLAH KEBANGSAAN KUNDASANG,"PETI SURAT 91, KUNDASANG, 89308 RANAU, SABAH",89308,SABAH,RANAU,BUKA,AWAM,KLINIK PERGIGIAN,KLINIK PERGIGIAN SEKOLAH RENDAH
21-12170366D,KLINIK PERGIGIAN DI KLINIK KESIHATAN SANDAKAN,"KM 3-2, JALAN UTARA",90500,SABAH,SANDAKAN,BUKA,AWAM,KLINIK PERGIGIAN,KLINIK PERGIGIAN DI KLINIK KESIHATAN
11-12170028D,KLINIK PERGIGIAN DI HOSPITAL DUCHESS OF KENT,KM 3.2 JALAN UTARA,90000,SABAH,SANDAKAN,BUKA,AWAM,KLINIK PERGIGIAN,KLINIK PERGIGIAN DI HOSPITAL
21-12170605,KLINIK PERGIGIAN SEKOLAH D/A SEKOLAH KEBANGSAAN ST MARY CONVENT,PETI SURAT 1186,90713,SABAH,SANDAKAN,BUKA,AWAM,KLINIK PERGIGIAN,KLINIK PERGIGIAN SEKOLAH RENDAH
21-12170601,KLINIK PERGIGIAN SEKOLAH D/A SEKOLAH KEBANGSAAN KARAMUNTING,"WDT 25, JALAN BATU SAPI",90009,SABAH,SANDAKAN,BUKA,AWAM,KLINIK PERGIGIAN,KLINIK PERGIGIAN SEKOLAH RENDAH
21-12170589,KLINIK PERGIGIAN SEKOLAH D/A SEKOLAH KEBANGSAAN BUKIT GARAM,WDT 13,90200,SABAH,SANDAKAN,BUKA,AWAM,KLINIK PERGIGIAN,KLINIK PERGIGIAN SEKOLAH RENDAH
21-12170582,KLINIK PERGIGIAN SEKOLAH D/A SEKOLAH KEBANGSAAN SUNGAI ANIB 2,WDT 783,90009,SABAH,SANDAKAN,BUKA,AWAM,KLINIK PERGIGIAN,KLINIK PERGIGIAN SEKOLAH RENDAH
21-12170581,KLINIK PERGIGIAN SEKOLAH D/A SEKOLAH KEBEBANGSAAN SUNGAI ANIB 1,WDT 23,90009,SABAH,SANDAKAN,BUKA,AWAM,KLINIK PERGIGIAN,KLINIK PERGIGIAN SEKOLAH RENDAH
21-12170580,KLINIK PERGIGIAN SEKOLAH D/A SEKOLAH KEBANGSAAN SRI TANJUNG PAPAT 1,PETI SURAT 2653,90730,SABAH,SANDAKAN,BUKA,AWAM,KLINIK PERGIGIAN,KLINIK PERGIGIAN SEKOLAH RENDAH
21-12170550,KLINIK PERGIGIAN SEKOLAH D/A SEKOLAH KEBANGSAAN BANDAR,WDT 297,90009,SABAH,SANDAKAN,BUKA,AWAM,KLINIK PERGIGIAN,KLINIK PERGIGIAN SEKOLAH RENDAH
21-12170548,KLINIK PERGIGIAN SEKOLAH D/A SEKOLAH JENIS KEBANGSAAN (CINA) TAI TONG,PETI SURAT 403,90704,SABAH,SANDAKAN,BUKA,AWAM,KLINIK PERGIGIAN,KLINIK PERGIGIAN SEKOLAH RENDAH
21-12170543,KLINIK PERGIGIAN SEKOLAH D/A SEKOLAH KEBANGSAAN SUNG SIEW,PPM 250 ELOPURA,90000,SABAH,SANDAKAN,BUKA,AWAM,KLINIK PERGIGIAN,KLINIK PERGIGIAN SEKOLAH RENDAH
21-12170538,KLINIK PERGIGIAN SEKOLAH D/A SEKOLAH KEBANGSAAN ST MONICA,PETI SURAT 183,90702,SABAH,SANDAKAN,BUKA,AWAM,KLINIK PERGIGIAN,KLINIK PERGIGIAN SEKOLAH RENDAH
21-12170531,KLINIK PERGIGIAN SEKOLAH D/A SEKOLAH KEBANGSAAN SRI TANJUNG PAPAT 2,WDT 771,90009,SABAH,SANDAKAN,BUKA,AWAM,KLINIK PERGIGIAN,KLINIK PERGIGIAN SEKOLAH RENDAH
21-12170526,KLINIK PERGIGIAN SEKOLAH D/A SEKOLAH KEBANGSAAN MUHIBBAH,"BATU 4, JALAN CECILY UTARA",90000,SABAH,SANDAKAN,BUKA,AWAM,KLINIK PERGIGIAN,KLINIK PERGIGIAN SEKOLAH RENDAH
21-12170522,KLINIK PERGIGIAN SEKOLAH D/A SEKOLAH JENIS KEBANGSAAN (CINA) SYN HUA,PETI SURAT 368,90704,SABAH,SANDAKAN,BUKA,AWAM,KLINIK PERGIGIAN,KLINIK PERGIGIAN SEKOLAH RENDAH
21-12170521,KLINIK PERGIGIAN SEKOLAH D/A SEKOLAH JENIS KEBANGSAAN (CINA) CHI HWA,PETI SURAT 118,90701,SABAH,SANDAKAN,BUKA,AWAM,KLINIK PERGIGIAN,KLINIK PERGIGIAN SEKOLAH RENDAH
21-12170520,KLINIK PERGIGIAN SEKOLAH D/A SEKOLAH JENIS KEBANGSAAN (CINA) CHENG MIN,PETI SURAT 676,90707,SABAH,SANDAKAN,BUKA,AWAM,KLINIK PERGIGIAN,KLINIK PERGIGIAN SEKOLAH RENDAH
21-12170588,KLINIK PERGIGIAN SEKOLAH D/A SEKOLAH MENENGAH KEBANGSAAN ELOPURA,PETI SURAT 1091,90712,SABAH,SANDAKAN,BUKA,AWAM,KLINIK PERGIGIAN,KLINIK PERGIGIAN SEKOLAH MENENGAH
21-12180347D,KLINIK PERGIGIAN DI KLINIK KESIHATAN SEMPORNA,"PETI SURAT 80, TINGKAT 1, BANGUNAN KESIHATAN, 91308 SEMPORNA, SABAH",91308,SABAH,SEMPORNA,BUKA,AWAM,KLINIK PERGIGIAN,KLINIK PERGIGIAN DI KLINIK KESIHATAN
21-12180099D,KLINIK PERGIGIAN DI KLINIK KESIHATAN PULAU BUM-BUM,"TINGKAT 1, BANGUNAN KLINIK KESIHATAN, PETI SURAT 80",91307,SABAH,SEMPORNA,BUKA,AWAM,KLINIK PERGIGIAN,KLINIK PERGIGIAN DI KLINIK KESIHATAN
21-12180577,KLINIK PERGIGIAN SEKOLAH D/A SEKOLAH KEBANGSAAN PEKAN SEMPORNA,PETI SURAT 48,91307,SABAH,SEMPORNA,BUKA,AWAM,KLINIK PERGIGIAN,KLINIK PERGIGIAN SEKOLAH RENDAH
21-12180576,KLINIK PERGIGIAN SEKOLAH D/A SEKOLAH KEBANGSAAN PEKAN SEMPORNA II,PETI SURAT 319,91308,SABAH,SEMPORNA,BUKA,AWAM,KLINIK PERGIGIAN,KLINIK PERGIGIAN SEKOLAH RENDAH
21-12180555,KLINIK PERGIGIAN SEKOLAH D/A SEKOLAH KEBANGSAAN BUBUL,PETI SURAT 130,91308,SABAH,SEMPORNA,BUKA,AWAM,KLINIK PERGIGIAN,KLINIK PERGIGIAN SEKOLAH RENDAH
21-12180523,KLINIK PERGIGIAN SEKOLAH D/A SEKOLAH KEBANGSAAN BUGAYA,PETI SURAT 299,91308,SABAH,SEMPORNA,BUKA,AWAM,KLINIK PERGIGIAN,KLINIK PERGIGIAN SEKOLAH RENDAH
21-12200363,KLINIK PERGIGIAN TAMBUNAN,PETI SURAT 260,89657,SABAH,TAMBUNAN,BUKA,AWAM,KLINIK PERGIGIAN,KLINIK PERGIGIAN (STANDALONE)
21-12210684D,KLINIK PERGIGIAN DI KLINIK KESIHATAN TAWAU,"JALAN CHONG THIEAN VUN, SIN ONN, PETI SURAT NO.990",91008,SABAH,TAWAU,BUKA,AWAM,KLINIK PERGIGIAN,KLINIK PERGIGIAN DI KLINIK KESIHATAN
11-12210043D,KLINIK PERGIGIAN DI HOSPITAL TAWAU,"PETI SURAT 67, WDT 11, 91000 TAWAU, SABAH",91000,SABAH,TAWAU,BUKA,AWAM,KLINIK PERGIGIAN,KLINIK PERGIGIAN DI HOSPITAL
21-12210606,KLINIK PERGIGIAN SEKOLAH D/A SEKOLAH KEBANGSAAN ST PATRICK,PETI SURAT 510,91008,SABAH,TAWAU,BUKA,AWAM,KLINIK PERGIGIAN,KLINIK PERGIGIAN SEKOLAH RENDAH
21-12210584,KLINIK PERGIGIAN SEKOLAH D/A SEKOLAH KEBANGSAAN TAMAN TAWAU,PETI SURAT 62281,91032,SABAH,TAWAU,BUKA,AWAM,KLINIK PERGIGIAN,KLINIK PERGIGIAN SEKOLAH RENDAH
21-12210583,KLINIK PERGIGIAN SEKOLAH D/A SEKOLAH KEBANGSAAN TANJONG BATU,PETI SURAT 60494,91014,SABAH,TAWAU,BUKA,AWAM,KLINIK PERGIGIAN,KLINIK PERGIGIAN SEKOLAH RENDAH
21-12210569,KLINIK PERGIGIAN SEKOLAH D/A SEKOLAH KEBANGSAAN PASIR PUTIH,PETI SURAT 1116,91036,SABAH,TAWAU,BUKA,AWAM,KLINIK PERGIGIAN,KLINIK PERGIGIAN SEKOLAH RENDAH
21-12210568,KLINIK PERGIGIAN SEKOLAH D/A SEKOLAH KEBANGSAAN MUHIBBAH RAYA,PETI SURAT 61524,91025,SABAH,TAWAU,BUKA,AWAM,KLINIK PERGIGIAN,KLINIK PERGIGIAN SEKOLAH RENDAH
21-12210567,KLINIK PERGIGIAN SEKOLAH D/A SEKOLAH KEBANGSAAN MEROTAI BESAR,PETI SURAT 572,91008,SABAH,TAWAU,BUKA,AWAM,KLINIK PERGIGIAN,KLINIK PERGIGIAN SEKOLAH RENDAH
21-12210562,KLINIK PERGIGIAN SEKOLAH D/A SEKOLAH KEBANGSAAN KINABUTAN BESAR,PETI SURAT 763,91008,SABAH,TAWAU,BUKA,AWAM,KLINIK PERGIGIAN,KLINIK PERGIGIAN SEKOLAH RENDAH
21-12210560,KLINIK PERGIGIAN SEKOLAH D/A SEKOLAH KEBANGSAAN KEM KABOTA,PETI SURAT 1196,91036,SABAH,TAWAU,BUKA,AWAM,KLINIK PERGIGIAN,KLINIK PERGIGIAN SEKOLAH RENDAH
21-12210558,KLINIK PERGIGIAN SEKOLAH D/A SEKOLAH KEBANGSAAN HOLY TRINITY,PETI SURAT 60156,91011,SABAH,TAWAU,BUKA,AWAM,KLINIK PERGIGIAN,KLINIK PERGIGIAN SEKOLAH RENDAH
21-12210556,KLINIK PERGIGIAN SEKOLAH D/A SEKOLAH KEBANGSAAN BUKIT QUOIN,PETI SURAT 60468,91014,SABAH,TAWAU,BUKA,AWAM,KLINIK PERGIGIAN,KLINIK PERGIGIAN SEKOLAH RENDAH
21-12210553,KLINIK PERGIGIAN SEKOLAH D/A SEKOLAH KEBANGSAAN BATU 4 JALAN APAS,PETI SURAT 61660,91026,SABAH,TAWAU,BUKA,AWAM,KLINIK PERGIGIAN,KLINIK PERGIGIAN SEKOLAH RENDAH
21-12210552,KLINIK PERGIGIAN SEKOLAH D/A SEKOLAH KEBANGSAAN BANDAR TAWAU II,PETI SURAT 61364,91023,SABAH,TAWAU,BUKA,AWAM,KLINIK PERGIGIAN,KLINIK PERGIGIAN SEKOLAH RENDAH
21-12210551,KLINIK PERGIGIAN SEKOLAH D/A SEKOLAH KEBANGSAAN BANDAR TAWAU,PETI SURAT 214,91007,SABAH,TAWAU,BUKA,AWAM,KLINIK PERGIGIAN,KLINIK PERGIGIAN SEKOLAH RENDAH
21-12210549,KLINIK PERGIGIAN SEKOLAH D/A SEKOLAH KEBANGSAAN BALUNG,PETI SURAT 696,91008,SABAH,TAWAU,BUKA,AWAM,KLINIK PERGIGIAN,KLINIK PERGIGIAN SEKOLAH RENDAH
21-12210547,KLINIK PERGIGIAN SEKOLAH D/A SEKOLAH JENIS KEBANGSAAN (CINA) YUK CHIN,PETI SURAT 84,91007,SABAH,TAWAU,BUKA,AWAM,KLINIK PERGIGIAN,KLINIK PERGIGIAN SEKOLAH RENDAH
21-12210546,KLINIK PERGIGIAN SEKOLAH D/A SEKOLAH JENIS KEBANGSAAN (CINA) SIN HWA,PETI SURAT 17,91007,SABAH,TAWAU,BUKA,AWAM,KLINIK PERGIGIAN,KLINIK PERGIGIAN SEKOLAH RENDAH
21-12210545,KLINIK PERGIGIAN SEKOLAH D/A SEKOLAH JENIS KEBANGSAAN (CINA) HING HWA,PETI SURAT 142,91007,SABAH,TAWAU,BUKA,AWAM,KLINIK PERGIGIAN,KLINIK PERGIGIAN SEKOLAH RENDAH
21-12210544,KLINIK PERGIGIAN SEKOLAH D/A SEKOLAH JENIS KEBANGSAAN (CINA) CHUNG HWA,PETI SURAT 143,91007,SABAH,TAWAU,BUKA,AWAM,KLINIK PERGIGIAN,KLINIK PERGIGIAN SEKOLAH RENDAH
21-12210591,KLINIK PERGIGIAN SEKOLAH D/A SEKOLAH MENENGAH KEBANGSAAN TAWAU,PETI SURAT 295,91007,SABAH,TAWAU,BUKA,AWAM,KLINIK PERGIGIAN,KLINIK PERGIGIAN SEKOLAH MENENGAH
21-12210439D,KLINIK PERGIGIAN DI KLINIK KESIHATAN UTC TAWAU,"MAJLIS PERBANDARAN TAWAU, PETI SURAT 412",91007,SABAH,TAWAU,BUKA,AWAM,KLINIK PERGIGIAN,KLINIK PERGIGIAN DI UTC
21-12260120D,KLINIK PERGIGIAN DI KLINIK KESIHATAN TELUPID,PETI SURAT 11,89320,SABAH,TELUPID,BUKA,AWAM,KLINIK PERGIGIAN,KLINIK PERGIGIAN DI KLINIK KESIHATAN
21-12170592,KLINIK PERGIGIAN SEKOLAH D/A SEKOLAH MENENGAH KEBANGSAAN TELUPID,PETI SURAT 2,89320,SABAH,TELUPID,BUKA,AWAM,KLINIK PERGIGIAN,KLINIK PERGIGIAN SEKOLAH MENENGAH
21-12220696,KLINIK PERGIGIAN TENOM,PETI SURAT 97,89908,SABAH,TENOM,BUKA,AWAM,KLINIK PERGIGIAN,KLINIK PERGIGIAN (STANDALONE)
21-12220595,KLINIK PERGIGIAN SEKOLAH D/A SEKOLAH JENIS KEBANGSAAN (CINA) CHUNG HWA,PETI SURAT 106,89907,SABAH,TENOM,BUKA,AWAM,KLINIK PERGIGIAN,KLINIK PERGIGIAN SEKOLAH RENDAH
21-12230124D,KLINIK PERGIGIAN DI KLINIK KESIHATAN TONGOD,"KLINIK KESIHATAN TONGOD, PETI SURAT 42",89320,SABAH,TONGOD,BUKA,AWAM,KLINIK PERGIGIAN,KLINIK PERGIGIAN DI KLINIK KESIHATAN
21-12230096D,KLINIK PERGIGIAN DI KLINIK KESIHATAN PENANGAH,"KLINIK KESIHATAN PENANGAH, PEJABAT KESIHATAN KAWASAN KOTA KINABATANGAN, W.D.T. 40",90200,SABAH,TONGOD,BUKA,AWAM,KLINIK PERGIGIAN,KLINIK PERGIGIAN DI KLINIK KESIHATAN
21-12240365,KLINIK PERGIGIAN TUARAN,JALAN BERUNGIS,89208,SABAH,TUARAN,BUKA,AWAM,KLINIK PERGIGIAN,KLINIK PERGIGIAN (STANDALONE)
21-12060537,KLINIK PERGIGIAN SEKOLAH D/A SEKOLAH JENIS KEBANGSAAN (CINA) CHEN SIN,PETI SURAT 1,89207,SABAH,TUARAN,BUKA,AWAM,KLINIK PERGIGIAN,KLINIK PERGIGIAN SEKOLAH RENDAH
21-12060534,KLINIK PERGIGIAN SEKOLAH D/A SEKOLAH KEBANGSAAN MENGKABONG,PETI SURAT 596,89209,SABAH,TUARAN,BUKA,AWAM,KLINIK PERGIGIAN,KLINIK PERGIGIAN SEKOLAH RENDAH
21-13020635,KLINIK PERGIGIAN BAU,"KLINIK PERGIGIAN BAU, BATU 1 1/2, JALAN BAU- LUNDU",94000,SARAWAK,BAU,BUKA,AWAM,KLINIK PERGIGIAN,KLINIK PERGIGIAN (STANDALONE)
21-13020552,KLINIK PERGIGIAN SEKOLAH D/A SEKOLAH KEBANGSAAN BAU,"D/A PEJABAT PELAJARAN DAERAH KECIL, JALAN TASIK BIRU",94000,SARAWAK,BAU,BUKA,AWAM,KLINIK PERGIGIAN,KLINIK PERGIGIAN SEKOLAH RENDAH
21-13020523,KLINIK PERGIGIAN SEKOLAH D/A SEKOLAH KEBANGSAAN ST STEPHEN (M),"D/A PEJABAT PELAJARAN DAERAH KECIL, JALAN TASIK BIRU",94000,SARAWAK,BAU,BUKA,AWAM,KLINIK PERGIGIAN,KLINIK PERGIGIAN SEKOLAH RENDAH
21-13020492,KLINIK PERGIGIAN SEKOLAH D/A SEKOLAH JENIS KEBANGSAAN (CINA) CHUNG HUA BAU,"D/A PEJABAT PELAJARAN DAERAH KECIL, BAU",94000,SARAWAK,BAU,BUKA,AWAM,KLINIK PERGIGIAN,KLINIK PERGIGIAN SEKOLAH RENDAH
21-13030206D,KLINIK PERGIGIAN DI KLINIK KESIHATAN SUNGAI ASAP,"PEKAN SUNGAI ASAP, BELAGA, SARAWAK",96900,SARAWAK,BELAGA,BUKA,AWAM,KLINIK PERGIGIAN,KLINIK PERGIGIAN DI KLINIK KESIHATAN
21-13040324,KLINIK PERGIGIAN BETONG,"KM 8, JALAN BETONG-SRI AMAN",95700,SARAWAK,BETONG,BUKA,AWAM,KLINIK PERGIGIAN,KLINIK PERGIGIAN (STANDALONE)
21-13040595,KLINIK PERGIGIAN SEKOLAH D/A SEKOLAH KEBANGSAAN ST. AUGUSTINE,JALAN DATUK BASIR TEMENGGONG,95700,SARAWAK,BETONG,BUKA,AWAM,KLINIK PERGIGIAN,KLINIK PERGIGIAN SEKOLAH RENDAH
21-13040591,KLINIK PERGIGIAN SEKOLAH D/A SEKOLAH KEBANGSAAN SPAOH,JALAN MESJID LAMA,94600,SARAWAK,BETONG,BUKA,AWAM,KLINIK PERGIGIAN,KLINIK PERGIGIAN SEKOLAH RENDAH
21-13040588,KLINIK PERGIGIAN SEKOLAH D/A SEKOLAH KEBANGSAAN PUSA,"JALAN KLINIK KESIHATAN LAMA, KAMPUNG HULU",94950,SARAWAK,BETONG,BUKA,AWAM,KLINIK PERGIGIAN,KLINIK PERGIGIAN SEKOLAH RENDAH
21-13040553,KLINIK PERGIGIAN SEKOLAH D/A SEKOLAH KEBANGSAAN BELADIN,KAMPUNG HILIR BELADIN,94950,SARAWAK,BETONG,BUKA,AWAM,KLINIK PERGIGIAN,KLINIK PERGIGIAN SEKOLAH RENDAH
21-13040535,KLINIK PERGIGIAN SEKOLAH D/A SEKOLAH KEBANGSAAN ABANG ABDUL KADIR,"JALAN DATUK PATINGGI UDIN, KAMPUNG MELAYU HILIR",95700,SARAWAK,BETONG,BUKA,AWAM,KLINIK PERGIGIAN,KLINIK PERGIGIAN SEKOLAH RENDAH
21-13040654,KLINIK PERGIGIAN RTC MID LAYAR,"PUSAT TRANSFORMASI LUAR BETONG, JALAN ENGKERANJI",95700,SARAWAK,BETONG,BUKA,AWAM,KLINIK PERGIGIAN,KLINIK PERGIGIAN DI RTC
21-13050380D,KLINIK PERGIGIAN DI KLINIK KESIHATAN JEPAK,KAMPUNG BARU SEBUAN BESAR,97000,SARAWAK,BINTULU,BUKA,AWAM,KLINIK PERGIGIAN,KLINIK PERGIGIAN DI KLINIK KESIHATAN
21-13050064D,KLINIK PERGIGIAN DI KLINIK KESIHATAN BINTULU,"ARAS 2, JALAN PISANG EMAS, OFF JALAN TUN AHMAD ZAIDI",97000,SARAWAK,BINTULU,BUKA,AWAM,KLINIK PERGIGIAN,KLINIK PERGIGIAN DI KLINIK KESIHATAN
21-13050594,KLINIK PERGIGIAN SEKOLAH D/A SEKOLAH KEBANGSAAN ST. ANTHONY,JALAN SULTAN ISKANDAR,97000,SARAWAK,BINTULU,BUKA,AWAM,KLINIK PERGIGIAN,KLINIK PERGIGIAN SEKOLAH RENDAH
21-13050580,KLINIK PERGIGIAN SEKOLAH D/A SEKOLAH KEBANGSAAN ORANG KAYA MOHAMMAD,JALAN ABANG GALAU,97000,SARAWAK,BINTULU,BUKA,AWAM,KLINIK PERGIGIAN,KLINIK PERGIGIAN SEKOLAH RENDAH
21-13050569,KLINIK PERGIGIAN SEKOLAH D/A SEKOLAH KEBANGSAAN KIDURONG,JALAN ABANG ALI,97000,SARAWAK,BINTULU,BUKA,AWAM,KLINIK PERGIGIAN,KLINIK PERGIGIAN SEKOLAH RENDAH
21-13050493,KLINIK PERGIGIAN SEKOLAH D/A SEKOLAH JENIS KEBANGSAAN (CINA) CHUNG HUA BINTULU,JALAN TANJUNG BATU,97000,SARAWAK,BINTULU,BUKA,AWAM,KLINIK PERGIGIAN,KLINIK PERGIGIAN SEKOLAH RENDAH
21-13050610,KLINIK PERGIGIAN SEKOLAH D/A SEKOLAH MENENGAH KEBANGSAAN BINTULU,JALAN SULTAN ISKANDAR,97007,SARAWAK,BINTULU,BUKA,AWAM,KLINIK PERGIGIAN,KLINIK PERGIGIAN SEKOLAH MENENGAH
21-13060587,KLINIK PERGIGIAN SEKOLAH D/A SEKOLAH KEBANGSAAN SG UD,JALAN MASJID DALAT,96300,SARAWAK,DALAT,BUKA,AWAM,KLINIK PERGIGIAN,KLINIK PERGIGIAN SEKOLAH RENDAH
21-13060612,KLINIK PERGIGIAN SEKOLAH D/A SEKOLAH MENENGAH KEBANGSAAN DALAT,"LOT 150, JALAN OYA DALAT",96300,SARAWAK,DALAT,BUKA,AWAM,KLINIK PERGIGIAN,KLINIK PERGIGIAN SEKOLAH MENENGAH
21-13180581,KLINIK PERGIGIAN SEKOLAH D/A SEKOLAH KEBANGSAAN ORANG KAYA SELAIR,KPG SEKAAN BESAR,96200,SARAWAK,DARO,BUKA,AWAM,KLINIK PERGIGIAN,KLINIK PERGIGIAN SEKOLAH RENDAH
21-13070555,KLINIK PERGIGIAN SEKOLAH D/A SEKOLAH KEBANGSAAN CAMPORAN,JALAN SENTRAL,96200,SARAWAK,DARO,BUKA,AWAM,KLINIK PERGIGIAN,KLINIK PERGIGIAN SEKOLAH RENDAH
21-13080592,KLINIK PERGIGIAN SEKOLAH D/A SEKOLAH KEBANGSAAN ST ALPHONSUS,KM 1 JALAN JANTING,96600,SARAWAK,JULAU,BUKA,AWAM,KLINIK PERGIGIAN,KLINIK PERGIGIAN SEKOLAH RENDAH
21-13090603,KLINIK PERGIGIAN SEKOLAH D/A SEKOLAH KEBANGSAAN ST FRANCIS XAVIER,JALAN MISSION,96700,SARAWAK,KANOWIT,BUKA,AWAM,KLINIK PERGIGIAN,KLINIK PERGIGIAN SEKOLAH RENDAH
21-13090530,KLINIK PERGIGIAN SEKOLAH D/A SEKOLAH JENIS KEBANGSAAN (CINA) YEE TING,JALAN WAYANG,96700,SARAWAK,KANOWIT,BUKA,AWAM,KLINIK PERGIGIAN,KLINIK PERGIGIAN SEKOLAH RENDAH
21-13090614,KLINIK PERGIGIAN SEKOLAH D/A SEKOLAH MENENGAH KEBANGSAAN KANOWIT,JALAN DURIN,96700,SARAWAK,KANOWIT,BUKA,AWAM,KLINIK PERGIGIAN,KLINIK PERGIGIAN SEKOLAH MENENGAH
21-13100081D,KLINIK PERGIGIAN DI KLINIK KESIHATAN KAPIT,JALAN BLETEH,96800,SARAWAK,KAPIT,BUKA,AWAM,KLINIK PERGIGIAN,KLINIK PERGIGIAN DI KLINIK KESIHATAN
21-13100577,KLINIK PERGIGIAN SEKOLAH D/A SEKOLAH KEBANGSAAN METHODIST,JALAN HOSPITAL,96800,SARAWAK,KAPIT,BUKA,AWAM,KLINIK PERGIGIAN,KLINIK PERGIGIAN SEKOLAH RENDAH
21-13100531,KLINIK PERGIGIAN SEKOLAH D/A SEKOLAH JENIS KEBANGSAAN (CINA) HOCK LAM,JALAN PEMANCHA LAU CHEN ENG,96800,SARAWAK,KAPIT,BUKA,AWAM,KLINIK PERGIGIAN,KLINIK PERGIGIAN SEKOLAH RENDAH
21-13100615,KLINIK PERGIGIAN SEKOLAH D/A SEKOLAH MENENGAH KEBANGSAAN KAPIT,JALAN MAMORA,96807,SARAWAK,KAPIT,BUKA,AWAM,KLINIK PERGIGIAN,KLINIK PERGIGIAN SEKOLAH MENENGAH
21-13110389D,KLINIK PERGIGIAN DI KLINIK KESIHATAN PETRAJAYA,"JALAN SIOL KANAN, PETRA JAYA",93050,SARAWAK,KUCHING,BUKA,AWAM,KLINIK PERGIGIAN,KLINIK PERGIGIAN DI KLINIK KESIHATAN
21-13110388D,KLINIK PERGIGIAN DI KLINIK KESIHATAN BRAANG BAYUR,"JALAN PUNCAK BORNEO, SIBURAN, KUCHING",94200,SARAWAK,KUCHING,BUKA,AWAM,KLINIK PERGIGIAN,KLINIK PERGIGIAN DI KLINIK KESIHATAN
21-13110209D,KLINIK PERGIGIAN DI KLINIK KESIHATAN TANAH PUTEH,JALAN PENDING,93450,SARAWAK,KUCHING,BUKA,AWAM,KLINIK PERGIGIAN,KLINIK PERGIGIAN DI KLINIK KESIHATAN
21-13110129D,KLINIK PERGIGIAN DI KLINIK KESIHATAN JALAN MASJID,JALAN MASJID,93400,SARAWAK,KUCHING,BUKA,AWAM,KLINIK PERGIGIAN,KLINIK PERGIGIAN DI KLINIK KESIHATAN
21-13110084D,KLINIK PERGIGIAN DI KLINIK KESIHATAN KOTA SENTOSA,JALAN STAKAN,93250,SARAWAK,KUCHING,BUKA,AWAM,KLINIK PERGIGIAN,KLINIK PERGIGIAN DI KLINIK KESIHATAN
21-13110050D,KLINIK PERGIGIAN DI KLINIK KESIHATAN BATU KAWA,"JALAN ENG SING TIMUR, OFF JALAN STAPOK UTAMA",93250,SARAWAK,KUCHING,BUKA,AWAM,KLINIK PERGIGIAN,KLINIK PERGIGIAN DI KLINIK KESIHATAN
21-13110268D,KLINIK PERGIGIAN DI KLINIK KESIHATAN IBU DAN ANAK JAWA,JALAN P.RAMLEE,93000,SARAWAK,KUCHING,BUKA,AWAM,KLINIK PERGIGIAN,KLINIK PERGIGIAN DI KLINIK KESIHATAN IBU DAN ANAK (KKIA)
11-13110018D,KLINIK PERGIGIAN DI HOSPITAL UMUM SARAWAK,JALAN TUN AHMAD ZAIDI ADRUCE,93586,SARAWAK,KUCHING,BUKA,AWAM,KLINIK PERGIGIAN,KLINIK PERGIGIAN DI HOSPITAL
21-13110633,KLINIK PERGIGIAN SEKOLAH D/A SEKOLAH JENIS KEBANGSAAN (CINA) CHUNG HUA BATU 10,"KOTA PEDAWAN, JALAN PENRISSEN",93250,SARAWAK,KUCHING,BUKA,AWAM,KLINIK PERGIGIAN,KLINIK PERGIGIAN SEKOLAH RENDAH
21-13110605,KLINIK PERGIGIAN SEKOLAH D/A SEKOLAH KEBANGSAAN TABUAN,JALAN SETIA RAJA,93450,SARAWAK,KUCHING,BUKA,AWAM,KLINIK PERGIGIAN,KLINIK PERGIGIAN SEKOLAH RENDAH
21-13110604,KLINIK PERGIGIAN SEKOLAH D/A SEKOLAH KEBANGSAAN STAPOK,JALAN BATU KAWA,93250,SARAWAK,KUCHING,BUKA,AWAM,KLINIK PERGIGIAN,KLINIK PERGIGIAN SEKOLAH RENDAH
21-13110602,KLINIK PERGIGIAN SEKOLAH D/A SEKOLAH KEBANGSAAN ST. THOMAS,JALAN RESERVOIR,93000,SARAWAK,KUCHING,BUKA,AWAM,KLINIK PERGIGIAN,KLINIK PERGIGIAN SEKOLAH RENDAH
21-13110601,KLINIK PERGIGIAN SEKOLAH D/A SEKOLAH KEBANGSAAN ST TERESA,JALAN TUN ABG. HJ. OPENG,93300,SARAWAK,KUCHING,BUKA,AWAM,KLINIK PERGIGIAN,KLINIK PERGIGIAN SEKOLAH RENDAH
21-13110589,KLINIK PERGIGIAN SEKOLAH D/A SEKOLAH KEBANGSAAN SONG KHENG HAI,JALAN SONG THIAN CHEOK,93100,SARAWAK,KUCHING,BUKA,AWAM,KLINIK PERGIGIAN,KLINIK PERGIGIAN SEKOLAH RENDAH
21-13110579,KLINIK PERGIGIAN SEKOLAH D/A SEKOLAH KEBANGSAAN JLN ONG TIANG SWEE,JALAN ONG TIANG SWEE,93200,SARAWAK,KUCHING,BUKA,AWAM,KLINIK PERGIGIAN,KLINIK PERGIGIAN SEKOLAH RENDAH
21-13110576,KLINIK PERGIGIAN SEKOLAH D/A SEKOLAH KEBANGSAAN MERPATI JEPANG,JALAN PATINGGI ALI,93400,SARAWAK,KUCHING,BUKA,AWAM,KLINIK PERGIGIAN,KLINIK PERGIGIAN SEKOLAH RENDAH
21-13110574,KLINIK PERGIGIAN SEKOLAH D/A SEKOLAH KEBANGSAAN MAJ GEN DATU IBRAHIM,KEM SEMENGGO,93677,SARAWAK,KUCHING,BUKA,AWAM,KLINIK PERGIGIAN,KLINIK PERGIGIAN SEKOLAH RENDAH
21-13110572,KLINIK PERGIGIAN SEKOLAH D/A SEKOLAH KEBANGSAAN LUMBA KUDA,JALAN TAN SRI DATO WILLIAM TAN,93450,SARAWAK,KUCHING,BUKA,AWAM,KLINIK PERGIGIAN,KLINIK PERGIGIAN SEKOLAH RENDAH
21-13110568,KLINIK PERGIGIAN SEKOLAH D/A SEKOLAH KEBANGSAAN KENYALANG,JALAN DATO BANDAR,93300,SARAWAK,KUCHING,BUKA,AWAM,KLINIK PERGIGIAN,KLINIK PERGIGIAN SEKOLAH RENDAH
21-13110567,KLINIK PERGIGIAN SEKOLAH D/A SEKOLAH KEBANGSAAN PULO,KPG. SEMARANG PETRA JAYA,93050,SARAWAK,KUCHING,BUKA,AWAM,KLINIK PERGIGIAN,KLINIK PERGIGIAN SEKOLAH RENDAH
21-13110566,KLINIK PERGIGIAN SEKOLAH D/A SEKOLAH KEBANGSAAN GITA,"JALAN SEMARAK, PETRA JAYA",93050,SARAWAK,KUCHING,BUKA,AWAM,KLINIK PERGIGIAN,KLINIK PERGIGIAN SEKOLAH RENDAH
21-13110565,KLINIK PERGIGIAN SEKOLAH D/A SEKOLAH KEBANGSAAN GERSIK,"JALAN ASTANA, PETRA JAYA",93050,SARAWAK,KUCHING,BUKA,AWAM,KLINIK PERGIGIAN,KLINIK PERGIGIAN SEKOLAH RENDAH
21-13110563,KLINIK PERGIGIAN SEKOLAH D/A SEKOLAH KEBANGSAAN JALAN HAJI BAKI,JALAN HAJI BAKI,93250,SARAWAK,KUCHING,BUKA,AWAM,KLINIK PERGIGIAN,KLINIK PERGIGIAN SEKOLAH RENDAH
21-13110562,KLINIK PERGIGIAN SEKOLAH D/A SEKOLAH KEBANGSAAN GREEN ROAD,"LEBUH CLOUD ESTATE, JALAN GREEN",93150,SARAWAK,KUCHING,BUKA,AWAM,KLINIK PERGIGIAN,KLINIK PERGIGIAN SEKOLAH RENDAH
21-13110560,KLINIK PERGIGIAN SEKOLAH D/A SEKOLAH KEBANGSAAN ENCIK BUYONG,"JALAN ASTANA, PETRA JAYA",93050,SARAWAK,KUCHING,BUKA,AWAM,KLINIK PERGIGIAN,KLINIK PERGIGIAN SEKOLAH RENDAH
21-13110557,KLINIK PERGIGIAN SEKOLAH D/A SEKOLAH KEBANGSAAN COMBINED,JALAN EASTERN PARK,93150,SARAWAK,KUCHING,BUKA,AWAM,KLINIK PERGIGIAN,KLINIK PERGIGIAN SEKOLAH RENDAH
21-13110551,KLINIK PERGIGIAN SEKOLAH D/A SEKOLAH KEBANGSAAN BATU LINTANG,JALAN KOLEJ,93200,SARAWAK,KUCHING,BUKA,AWAM,KLINIK PERGIGIAN,KLINIK PERGIGIAN SEKOLAH RENDAH
21-13110545,KLINIK PERGIGIAN SEKOLAH D/A SEKOLAH KEBANGSAAN ASTANA,"JALAN BAKO, PETRA JAYA",93050,SARAWAK,KUCHING,BUKA,AWAM,KLINIK PERGIGIAN,KLINIK PERGIGIAN SEKOLAH RENDAH
21-13110534,KLINIK PERGIGIAN SEKOLAH D/A SEKOLAH JENIS KEBANGSAAN (CINA) CHUNG HUA NO.5,JALAN CHAWAN,93300,SARAWAK,KUCHING,BUKA,AWAM,KLINIK PERGIGIAN,KLINIK PERGIGIAN SEKOLAH RENDAH
21-13110533,KLINIK PERGIGIAN SEKOLAH D/A SEKOLAH JENIS KEBANGSAAN (CINA) CHUNG HUA 2,JALAN PADUNGAN,93100,SARAWAK,KUCHING,BUKA,AWAM,KLINIK PERGIGIAN,KLINIK PERGIGIAN SEKOLAH RENDAH
21-13110532,KLINIK PERGIGIAN SEKOLAH D/A SEKOLAH JENIS KEBANGSAAN(CINA) CHUNG HUA BATU 4 1/2,JALAN DATO AMAR KALONG NINGKAN,93250,SARAWAK,KUCHING,BUKA,AWAM,KLINIK PERGIGIAN,KLINIK PERGIGIAN SEKOLAH RENDAH
21-13110527,KLINIK PERGIGIAN SEKOLAH D/A SEKOLAH JENIS KEBANGSAAN (CINA) TAPAH,"BATU. 23 1/2, JALAN KUCHING-SERIAN",94200,SARAWAK,KUCHING,BUKA,AWAM,KLINIK PERGIGIAN,KLINIK PERGIGIAN SEKOLAH RENDAH
21-13110522,KLINIK PERGIGIAN SEKOLAH D/A SEKOLAH JENIS KEBANGSAAN (CINA) ST PAUL,JALAN GREEN,93150,SARAWAK,KUCHING,BUKA,AWAM,KLINIK PERGIGIAN,KLINIK PERGIGIAN SEKOLAH RENDAH
21-13110521,KLINIK PERGIGIAN SEKOLAH D/A SEKOLAH JENIS KEBANGSAAN (CINA) SG APONG,JALAN SUNGAI. APONG,93450,SARAWAK,KUCHING,BUKA,AWAM,KLINIK PERGIGIAN,KLINIK PERGIGIAN SEKOLAH RENDAH
21-13110520,KLINIK PERGIGIAN SEKOLAH D/A SEKOLAH JENIS KEBANGSAAN (CINA) SAM HAP HIN,"BATU 7 KOTA SENTOSA, JALAN PENRISSEN",93250,SARAWAK,KUCHING,BUKA,AWAM,KLINIK PERGIGIAN,KLINIK PERGIGIAN SEKOLAH RENDAH
21-13110504,KLINIK PERGIGIAN SEKOLAH D/A SEKOLAH JENIS KEBANGSAAN (CINA) CHUNG HUA SIBURAN,"BATU. 29, JALAN KUCHING-SERIAN",94200,SARAWAK,KUCHING,BUKA,AWAM,KLINIK PERGIGIAN,KLINIK PERGIGIAN SEKOLAH RENDAH
21-13110500,KLINIK PERGIGIAN SEKOLAH D/A SEKOLAH JENIS KEBANGSAAN (CINA) CHUNG HUA NO.4 KUCHING,JALAN NANAS,93400,SARAWAK,KUCHING,BUKA,AWAM,KLINIK PERGIGIAN,KLINIK PERGIGIAN SEKOLAH RENDAH
21-13110499,KLINIK PERGIGIAN SEKOLAH D/A SEKOLAH JENIS KEBANGSAAN (CINA) CHUNG HUA 3,JALAN PADUNGAN,93100,SARAWAK,KUCHING,BUKA,AWAM,KLINIK PERGIGIAN,KLINIK PERGIGIAN SEKOLAH RENDAH
21-13110498,KLINIK PERGIGIAN SEKOLAH D/A SEKOLAH JENIS KEBANGSAAN (CINA) CHUNG HUA 1,JALAN TABUAN,93100,SARAWAK,KUCHING,BUKA,AWAM,KLINIK PERGIGIAN,KLINIK PERGIGIAN SEKOLAH RENDAH
21-13110490,KLINIK PERGIGIAN SEKOLAH D/A SEKOLAH JENIS KEBANGSAAN (CINA) BINTAWA,KPG. NELAYAN BINTAWA,93450,SARAWAK,KUCHING,BUKA,AWAM,KLINIK PERGIGIAN,KLINIK PERGIGIAN SEKOLAH RENDAH
21-13110488,KLINIK PERGIGIAN SEKOLAH D/A SEKOLAH JENIS KEBANGSAAN (CINA) CHUNG HUA PENDING,JALAN KWONG LEE BANK,93450,SARAWAK,KUCHING,BUKA,AWAM,KLINIK PERGIGIAN,KLINIK PERGIGIAN SEKOLAH RENDAH
21-13110485,KLINIK PERGIGIAN SEKOLAH D/A SEKOLAH KEBANGSAAN ST MARY,LEBUH WAYANG,93000,SARAWAK,KUCHING,BUKA,AWAM,KLINIK PERGIGIAN,KLINIK PERGIGIAN SEKOLAH RENDAH
21-13110631,KLINIK PERGIGIAN SEKOLAH D/A SEKOLAH MENENGAH KEBANGSAAN ST TERESA,JALAN TUN ABG. HAJI OPENG,93000,SARAWAK,KUCHING,BUKA,AWAM,KLINIK PERGIGIAN,KLINIK PERGIGIAN SEKOLAH MENENGAH
21-13110630,KLINIK PERGIGIAN SEKOLAH D/A SEKOLAH MENENGAH KEBANGSAAN ST. MARY,JALAN MCDOUGAL,93000,SARAWAK,KUCHING,BUKA,AWAM,KLINIK PERGIGIAN,KLINIK PERGIGIAN SEKOLAH MENENGAH
21-13110629,KLINIK PERGIGIAN SEKOLAH D/A SEKOLAH MENENGAH KEBANGSAAN ST JOSEPH,"P.O BOX 1055, TUN ABG. HAJI OPENG",93000,SARAWAK,KUCHING,BUKA,AWAM,KLINIK PERGIGIAN,KLINIK PERGIGIAN SEKOLAH MENENGAH
21-13110627,KLINIK PERGIGIAN SEKOLAH D/A SEKOLAH MENENGAH KEBANGSAAN SRI MATANG,"BATU. 13, JALAN MATANG",93050,SARAWAK,KUCHING,BUKA,AWAM,KLINIK PERGIGIAN,KLINIK PERGIGIAN SEKOLAH MENENGAH
21-13110398D,KLINIK PERGIGIAN DI KLINIK KESIHATAN UTC KUCHING,"ARAS 2, UTC SARAWAK, JALAN BUKIT MATA",93100,SARAWAK,KUCHING,BUKA,AWAM,KLINIK PERGIGIAN,KLINIK PERGIGIAN DI UTC
21-13120096D,KLINIK PERGIGIAN DI KLINIK KESIHATAN LAWAS,JALAN HOSPITAL,98850,SARAWAK,LAWAS,BUKA,AWAM,KLINIK PERGIGIAN,KLINIK PERGIGIAN DI KLINIK KESIHATAN
21-13120583,KLINIK PERGIGIAN SEKOLAH D/A SEKOLAH KEBANGSAAN PUSAT LAWAS,JALAN TRUSAN,98850,SARAWAK,LAWAS,BUKA,AWAM,KLINIK PERGIGIAN,KLINIK PERGIGIAN SEKOLAH RENDAH
21-13120571,KLINIK PERGIGIAN SEKOLAH D/A SEKOLAH KEBANGSAAN LONG TUMA,"JALAN LAWAS DAMIT, KPG. LONG TUMA",98850,SARAWAK,LAWAS,BUKA,AWAM,KLINIK PERGIGIAN,KLINIK PERGIGIAN SEKOLAH RENDAH
21-13120508,KLINIK PERGIGIAN SEKOLAH D/A SEKOLAH JENIS KEBANGSAAN (CINA) CHUNG HWA LAWAS,"PETI SURAT 9, JALAN MASJID BARU, 98859 LAWAS, SARAWAK",98859,SARAWAK,LAWAS,BUKA,AWAM,KLINIK PERGIGIAN,KLINIK PERGIGIAN SEKOLAH RENDAH
21-13120616,KLINIK PERGIGIAN SEKOLAH D/A SEKOLAH MENENGAH KEBANGSAAN LAWAS,1.5 KM JALAN TRUSAN,98850,SARAWAK,LAWAS,BUKA,AWAM,KLINIK PERGIGIAN,KLINIK PERGIGIAN SEKOLAH MENENGAH
11-13130026D,KLINIK PERGIGIAN DI HOSPITAL LIMBANG,JALAN PANDARUAN,98700,SARAWAK,LIMBANG,BUKA,AWAM,KLINIK PERGIGIAN,KLINIK PERGIGIAN DI HOSPITAL
21-13130597,KLINIK PERGIGIAN SEKOLAH D/A SEKOLAH KEBANGSAAN ST EDMUND,"2KM JALAN KUBONG, PETI SURAT 189",98700,SARAWAK,LIMBANG,BUKA,AWAM,KLINIK PERGIGIAN,KLINIK PERGIGIAN SEKOLAH RENDAH
21-13130575,KLINIK PERGIGIAN SEKOLAH D/A SEKOLAH KEBANGSAAN MELAYU PUSAT,JALAN BUANGSIOL,98700,SARAWAK,LIMBANG,BUKA,AWAM,KLINIK PERGIGIAN,KLINIK PERGIGIAN SEKOLAH RENDAH
21-13130509,KLINIK PERGIGIAN SEKOLAH D/A SEKOLAH JENIS KEBANGSAAN (CINA) CHUNG HWA LIMBANG,"LOT 689, JALAN PANDARUAN, PETI SURAT 36",98700,SARAWAK,LIMBANG,BUKA,AWAM,KLINIK PERGIGIAN,KLINIK PERGIGIAN SEKOLAH RENDAH
21-13130617,KLINIK PERGIGIAN SEKOLAH D/A SEKOLAH MENENGAH KEBANGSAAN LIMBANG,"P.O.BOX 304, JALAN PANDARUAN 4.03KM",98700,SARAWAK,LIMBANG,BUKA,AWAM,KLINIK PERGIGIAN,KLINIK PERGIGIAN SEKOLAH MENENGAH
21-13140549,KLINIK PERGIGIAN SEKOLAH D/A SEKOLAH KEBANGSAAN BATANG AI,JALAN HYDRO,95900,SARAWAK,LUBOK ANTU,BUKA,AWAM,KLINIK PERGIGIAN,KLINIK PERGIGIAN SEKOLAH RENDAH
21-13140494,KLINIK PERGIGIAN SEKOLAH D/A SEKOLAH JENIS KEBANGSAAN (CINA) CHUNG HUA ENGKILILI,"JALAN BATU ANGUS, ENGKILILI",95800,SARAWAK,LUBOK ANTU,BUKA,AWAM,KLINIK PERGIGIAN,KLINIK PERGIGIAN SEKOLAH RENDAH
21-13150329,KLINIK PERGIGIAN LUNDU,JALAN SEKAMBAL,94500,SARAWAK,LUNDU,BUKA,AWAM,KLINIK PERGIGIAN,KLINIK PERGIGIAN (STANDALONE)
21-13150554,KLINIK PERGIGIAN SEKOLAH D/A SEKOLAH KEBANGSAAN BUMIPUTERA,"D/A PEJABAT DAERAH KECIL, JALAN SEKAMBAL",94500,SARAWAK,LUNDU,BUKA,AWAM,KLINIK PERGIGIAN,KLINIK PERGIGIAN SEKOLAH RENDAH
21-13150496,KLINIK PERGIGIAN SEKOLAH D/A SEKOLAH JENIS KEBANGSAAN (CINA) CHUNG HUA LUNDU,JALAN MELINTANG,94500,SARAWAK,LUNDU,BUKA,AWAM,KLINIK PERGIGIAN,KLINIK PERGIGIAN SEKOLAH RENDAH
21-13150619,KLINIK PERGIGIAN SEKOLAH D/A SEKOLAH MENENGAH KEBANGSAAN LUNDU,BATU. 2 JALAN LUNDU/PANDAN,94500,SARAWAK,LUNDU,BUKA,AWAM,KLINIK PERGIGIAN,KLINIK PERGIGIAN SEKOLAH MENENGAH
21-13160063D,KLINIK PERGIGIAN DI KLINIK KESIHATAN BINTANGOR,PEKAN BINTANGOR,96500,SARAWAK,MERADONG,BUKA,AWAM,KLINIK PERGIGIAN,KLINIK PERGIGIAN DI KLINIK KESIHATAN
21-13240514,KLINIK PERGIGIAN SEKOLAH D/A SEKOLAH JENIS KEBANGSAAN (CINA) KAI CHUNG,"P/O BOX 100, JALAN KELUPU",96507,SARAWAK,MERADONG,BUKA,AWAM,KLINIK PERGIGIAN,KLINIK PERGIGIAN SEKOLAH RENDAH
21-13160542,KLINIK PERGIGIAN SEKOLAH D/A SEKOLAH KEBANGSAAN ABANG AMIN,JALAN SEKOLAH,96500,SARAWAK,MERADONG,BUKA,AWAM,KLINIK PERGIGIAN,KLINIK PERGIGIAN SEKOLAH RENDAH
21-13160622,KLINIK PERGIGIAN SEKOLAH D/A SEKOLAH MENENGAH KEBANGSAAN MERADONG,JALAN KANOWIT-JULAU-DURIN,96509,SARAWAK,MERADONG,BUKA,AWAM,KLINIK PERGIGIAN,KLINIK PERGIGIAN SEKOLAH MENENGAH
21-13160609,KLINIK PERGIGIAN SEKOLAH D/A SEKOLAH MENENGAH KEBANGSAAN BANDAR BINTANGOR,"KM 4, JALAN KELUPU",96500,SARAWAK,MERADONG,BUKA,AWAM,KLINIK PERGIGIAN,KLINIK PERGIGIAN SEKOLAH MENENGAH
11-13170028D,KLINIK PERGIGIAN DI HOSPITAL MARUDI,JALAN BUNGOR,98050,SARAWAK,MARUDI,BUKA,AWAM,KLINIK PERGIGIAN,KLINIK PERGIGIAN DI HOSPITAL
21-13170561,KLINIK PERGIGIAN SEKOLAH D/A SEKOLAH KEBANGSAAN GOOD SHEPHERD,JALAN MISSION,98050,SARAWAK,MARUDI,BUKA,AWAM,KLINIK PERGIGIAN,KLINIK PERGIGIAN SEKOLAH RENDAH
21-13170559,KLINIK PERGIGIAN SEKOLAH D/A SEKOLAH KEBANGSAAN DATO SHARIF HAMID,D/A PEJABAT PELAJARAN DAERAH KECIL,98050,SARAWAK,MARUDI,BUKA,AWAM,KLINIK PERGIGIAN,KLINIK PERGIGIAN SEKOLAH RENDAH
21-13170525,KLINIK PERGIGIAN SEKOLAH D/A SEKOLAH JENIS KEBANGSAAN SUNGAI JAONG MARUDI,D/A PEJABAT PELAJARAN DAERAH KECIL,98050,SARAWAK,MARUDI,BUKA,AWAM,KLINIK PERGIGIAN,KLINIK PERGIGIAN SEKOLAH RENDAH
21-13240672D,KLINIK PERGIGIAN DI KLINIK KESIHATAN BANDARAYA MIRI,"KLINIK PERGIGIAN BANDARAYA MIRI, D/A KLINIK KESIHATAN BANDARAYA MIRI, JALAN PADANG KERBAU",98000,SARAWAK,MIRI,BUKA,AWAM,KLINIK PERGIGIAN,KLINIK PERGIGIAN DI KLINIK KESIHATAN
21-13190225D,KLINIK PERGIGIAN DI KLINIK KESIHATAN TUDAN,KLINIK JALAN TUDAN PERMYJAYA,98100,SARAWAK,MIRI,BUKA,AWAM,KLINIK PERGIGIAN,KLINIK PERGIGIAN DI KLINIK KESIHATAN
21-13190128D,KLINIK PERGIGIAN DI KLINIK KESIHATAN JALAN MERBAU,D/A KLINIK KESIHATAN JALAN MERBAU,98000,SARAWAK,MIRI,BUKA,AWAM,KLINIK PERGIGIAN,KLINIK PERGIGIAN DI KLINIK KESIHATAN
11-13190029D,KLINIK PERGIGIAN DI HOSPITAL MIRI,JALAN CAHAYA,98000,SARAWAK,MIRI,BUKA,AWAM,KLINIK PERGIGIAN,KLINIK PERGIGIAN DI HOSPITAL
21-13190607,KLINIK PERGIGIAN SEKOLAH D/A SEKOLAH KEBANGSAAN TEMENGGONG DATUK MUIP,JALAN TAMAN TUNGKU,98000,SARAWAK,MIRI,BUKA,AWAM,KLINIK PERGIGIAN,KLINIK PERGIGIAN SEKOLAH RENDAH
21-13190596,KLINIK PERGIGIAN SEKOLAH D/A SEKOLAH KEBANGSAAN ST COLUMBA,JALAN DATO ABANG INDEH,98000,SARAWAK,MIRI,BUKA,AWAM,KLINIK PERGIGIAN,KLINIK PERGIGIAN SEKOLAH RENDAH
21-13190590,KLINIK PERGIGIAN SEKOLAH D/A SEKOLAH KEBANGSAAN SOUTH,JALAN TEMENGGONG OYONG LAWAI JAU,98000,SARAWAK,MIRI,BUKA,AWAM,KLINIK PERGIGIAN,KLINIK PERGIGIAN SEKOLAH RENDAH
21-13190585,KLINIK PERGIGIAN SEKOLAH D/A SEKOLAH KEBANGSAAN SAYED OTHMAN,JALAN SETIA RAJA,98000,SARAWAK,MIRI,BUKA,AWAM,KLINIK PERGIGIAN,KLINIK PERGIGIAN SEKOLAH RENDAH
21-13190584,KLINIK PERGIGIAN SEKOLAH D/A SEKOLAH KEBANGSAAN RIAM BATU DUA,RIAM BATU DUA,98000,SARAWAK,MIRI,BUKA,AWAM,KLINIK PERGIGIAN,KLINIK PERGIGIAN SEKOLAH RENDAH
21-13190582,KLINIK PERGIGIAN SEKOLAH D/A SEKOLAH KEBANGSAAN PUJUT CORNER,JALAN PUJUT SATU,98000,SARAWAK,MIRI,BUKA,AWAM,KLINIK PERGIGIAN,KLINIK PERGIGIAN SEKOLAH RENDAH
21-13190573,KLINIK PERGIGIAN SEKOLAH D/A SEKOLAH JENIS KEBANGSAAN (CINA) CHUNG HUA LUTONG,JALAN SEKOLAH,98000,SARAWAK,MIRI,BUKA,AWAM,KLINIK PERGIGIAN,KLINIK PERGIGIAN SEKOLAH RENDAH
21-13190564,KLINIK PERGIGIAN SEKOLAH D/A SEKOLAH KEBANGSAAN JALAN BINTANG,JALAN BINTANG,98000,SARAWAK,MIRI,BUKA,AWAM,KLINIK PERGIGIAN,KLINIK PERGIGIAN SEKOLAH RENDAH
21-13190544,KLINIK PERGIGIAN SEKOLAH D/A SEKOLAH KEBANGSAAN ANCHI,JALAN PIASAU JAYA,98000,SARAWAK,MIRI,BUKA,AWAM,KLINIK PERGIGIAN,KLINIK PERGIGIAN SEKOLAH RENDAH
21-13190518,KLINIK PERGIGIAN SEKOLAH D/A SEKOLAH JENIS KEBANGSAAN (CINA) NORTH,JALAN MERBAU,98000,SARAWAK,MIRI,BUKA,AWAM,KLINIK PERGIGIAN,KLINIK PERGIGIAN SEKOLAH RENDAH
21-13190515,KLINIK PERGIGIAN SEKOLAH D/A SEKOLAH KEBANGSAAN LUTONG,"JALAN DATO, LUTONG",98000,SARAWAK,MIRI,BUKA,AWAM,KLINIK PERGIGIAN,KLINIK PERGIGIAN SEKOLAH RENDAH
21-13190510,KLINIK PERGIGIAN SEKOLAH D/A SEKOLAH JENIS KEBANGSAAN (CINA) CHUNG SAN MIRI,"LOT 663, JALAN RIAM (MIRI BY PASS)",98000,SARAWAK,MIRI,BUKA,AWAM,KLINIK PERGIGIAN,KLINIK PERGIGIAN SEKOLAH RENDAH
21-13190502,KLINIK PERGIGIAN SEKOLAH D/A SEKOLAH JENIS KEBANGSAAN (CINA) CHUNG HUA PUJUT,"JALAN PIASAU, LORONG 8",98000,SARAWAK,MIRI,BUKA,AWAM,KLINIK PERGIGIAN,KLINIK PERGIGIAN SEKOLAH RENDAH
21-13190501,KLINIK PERGIGIAN SEKOLAH D/A SEKOLAH JENIS KEBANGSAAN (CINA) CHUNG HUA MIRI,JALAN CHIA TZE CHIN,98000,SARAWAK,MIRI,BUKA,AWAM,KLINIK PERGIGIAN,KLINIK PERGIGIAN SEKOLAH RENDAH
21-13190495,KLINIK PERGIGIAN SEKOLAH D/A SEKOLAH JENIS KEBANGSAAN (CINA) CHUNG HUA KROKOP,JALAN JEE FOH UTAMA,98000,SARAWAK,MIRI,BUKA,AWAM,KLINIK PERGIGIAN,KLINIK PERGIGIAN SEKOLAH RENDAH
21-13190483,KLINIK PERGIGIAN SEKOLAH D/A SEKOLAH KEBANGSAAN ST JOSEPH,JALAN ANGSANA MIRI,98000,SARAWAK,MIRI,BUKA,AWAM,KLINIK PERGIGIAN,KLINIK PERGIGIAN SEKOLAH RENDAH
21-13190620,KLINIK PERGIGIAN SEKOLAH D/A SEKOLAH MENENGAH KEBANGSAAN LUTONG,"JALAN PANTAI, LUTONG",98100,SARAWAK,MIRI,BUKA,AWAM,KLINIK PERGIGIAN,KLINIK PERGIGIAN SEKOLAH MENENGAH
21-13190618,KLINIK PERGIGIAN SEKOLAH D/A SEKOLAH MENENGAH KEBANGSAAN LUAR BANDAR MIRI,"KM 55, JALAN MIRI-BINTULU, CDT.242",98009,SARAWAK,MIRI,BUKA,AWAM,KLINIK PERGIGIAN,KLINIK PERGIGIAN SEKOLAH MENENGAH
21-13190613,KLINIK PERGIGIAN SEKOLAH D/A SEKOLAH MENENGAH KEBANGSAAN DATO PERMAISURI,JALAN DATO PEMAISURI,98000,SARAWAK,MIRI,BUKA,AWAM,KLINIK PERGIGIAN,KLINIK PERGIGIAN SEKOLAH MENENGAH
21-13190639D,KLINIK PERGIGIAN DI KLINIK KESIHATAN UTC MIRI,"LOT 526, JALAN KWANG TUNG",98000,SARAWAK,MIRI,BUKA,AWAM,KLINIK PERGIGIAN,KLINIK PERGIGIAN DI UTC
21-13190655,KLINIK PERGIGIAN RTC SARAWAK SIBUTI,"BANGUNAN TAMU BARU, MAJLIS DAERAH SUBIS",98150,SARAWAK,MIRI,BUKA,AWAM,KLINIK PERGIGIAN,KLINIK PERGIGIAN DI RTC
21-13200331,KLINIK PERGIGIAN MUKAH,JALAN. HAJI PAUZI,96400,SARAWAK,MUKAH,BUKA,AWAM,KLINIK PERGIGIAN,KLINIK PERGIGIAN (STANDALONE)
21-13171147,KLINIK PERGIGIAN DARO,"KLINIK PERGIGIAN DARO, D/A HOSPITAL DARO, JALAN ITOL",96200,SARAWAK,MUKAH,BUKA,AWAM,KLINIK PERGIGIAN,KLINIK PERGIGIAN (STANDALONE)
21-13200634,KLINIK PERGIGIAN SEKOLAH D/A SEKOLAH KEBANGSAAN DATUK AWANG UDIN,JALAN PAM STESYEN LAMA,96400,SARAWAK,MUKAH,BUKA,AWAM,KLINIK PERGIGIAN,KLINIK PERGIGIAN SEKOLAH RENDAH
21-13200570,KLINIK PERGIGIAN SEKOLAH D/A SEKOLAH KEBANGSAAN KG TELLIAN,"D/A PEJABAT PENDIDIKAN DAERAH TELLIAN, JALAN HAJI MOHD FAUZI",96400,SARAWAK,MUKAH,BUKA,AWAM,KLINIK PERGIGIAN,KLINIK PERGIGIAN SEKOLAH RENDAH
21-13200491,KLINIK PERGIGIAN SEKOLAH D/A SEKOLAH JENIS KEBANGSAAN (CINA) CHONG BOON,JALAN PANGGUNG,96400,SARAWAK,MUKAH,BUKA,AWAM,KLINIK PERGIGIAN,KLINIK PERGIGIAN SEKOLAH RENDAH
21-13220083D,KLINIK PERGIGIAN DI KLINIK KESIHATAN KOTA SAMARAHAN,JALAN. DATUK MOHD MUSA,94300,SARAWAK,KOTA SAMARAHAN,BUKA,AWAM,KLINIK PERGIGIAN,KLINIK PERGIGIAN DI KLINIK KESIHATAN
11-13220638D,KLINIK PERGIGIAN DI PUSAT JANTUNG SARAWAK,"3RD ROUNDABOUT, KUCHING-SAMARAHAN EXPRESSWAY",94300,SARAWAK,KOTA SAMARAHAN,BUKA,AWAM,KLINIK PERGIGIAN,KLINIK PERGIGIAN DI HOSPITAL
21-13220558,KLINIK PERGIGIAN SEKOLAH D/A SEKOLAH KEBANGSAAN DATO TRAOH MUARA TUANG,"JALAN DATUK MOHD. MUSA, KPG MUARA TUANG",94300,SARAWAK,KOTA SAMARAHAN,BUKA,AWAM,KLINIK PERGIGIAN,KLINIK PERGIGIAN SEKOLAH RENDAH
21-13220623,KLINIK PERGIGIAN SEKOLAH D/A SEKOLAH MENENGAH KEBANGSAAN MUARA TUANG,"KM 9, JALAN DATO MOHD MUSA",94300,SARAWAK,KOTA SAMARAHAN,BUKA,AWAM,KLINIK PERGIGIAN,KLINIK PERGIGIAN SEKOLAH MENENGAH
11-13230031D,KLINIK PERGIGIAN DI HOSPITAL SARATOK,KM 1 JALAN SARATOK,95400,SARAWAK,SARATOK,BUKA,AWAM,KLINIK PERGIGIAN,KLINIK PERGIGIAN DI HOSPITAL
21-13230539,KLINIK PERGIGIAN SEKOLAH D/A SEKOLAH KEBANGSAAN ABANG LEMAN,JALAN SUNGAI ENDOT,95407,SARAWAK,SARATOK,BUKA,AWAM,KLINIK PERGIGIAN,KLINIK PERGIGIAN SEKOLAH RENDAH
21-13230537,KLINIK PERGIGIAN SEKOLAH D/A SEKOLAH KEBANGSAAN ABANG ABDUL RAHMAN,JALAN MAJLIS DAERAH BARU,95407,SARAWAK,SARATOK,BUKA,AWAM,KLINIK PERGIGIAN,KLINIK PERGIGIAN SEKOLAH RENDAH
21-13230517,KLINIK PERGIGIAN SEKOLAH D/A SEKOLAH JENIS KEBANGSAAN (CINA) MIN SYN SARATOK,JALAN MARKET SEDC,95407,SARAWAK,SARATOK,BUKA,AWAM,KLINIK PERGIGIAN,KLINIK PERGIGIAN SEKOLAH RENDAH
21-13240182D,KLINIK PERGIGIAN DI KLINIK KESIHATAN SARIKEI,JALAN HOSPITAL LAMA,96100,SARAWAK,SARIKEI,BUKA,AWAM,KLINIK PERGIGIAN,KLINIK PERGIGIAN DI KLINIK KESIHATAN
11-13240032D,KLINIK PERGIGIAN DI HOSPITAL SARIKEI,"JALAN HOSPITAL, OFF JALAN RENTAP",96100,SARAWAK,SARIKEI,BUKA,AWAM,KLINIK PERGIGIAN,KLINIK PERGIGIAN DI HOSPITAL
21-13240593,KLINIK PERGIGIAN SEKOLAH D/A SEKOLAH KEBANGSAAN ST ANNE,JALAN REPOK,96100,SARAWAK,SARIKEI,BUKA,AWAM,KLINIK PERGIGIAN,KLINIK PERGIGIAN SEKOLAH RENDAH
21-13240578,KLINIK PERGIGIAN SEKOLAH D/A SEKOLAH KEBANGSAAN METHODIST ANGLO-CHINESE,JALAN HAJI KARIM,96100,SARAWAK,SARIKEI,BUKA,AWAM,KLINIK PERGIGIAN,KLINIK PERGIGIAN SEKOLAH RENDAH
21-13240536,KLINIK PERGIGIAN SEKOLAH D/A SEKOLAH KEBANGSAAN ABANG HAJI MATAHIR,JALAN MASJID BARU,96100,SARAWAK,SARIKEI,BUKA,AWAM,KLINIK PERGIGIAN,KLINIK PERGIGIAN SEKOLAH RENDAH
21-13240524,KLINIK PERGIGIAN SEKOLAH D/A SEKOLAH JENIS KEBANGSAAN (CINA) SU KWONG,KM 51/2 JALAN REPOK,96100,SARAWAK,SARIKEI,BUKA,AWAM,KLINIK PERGIGIAN,KLINIK PERGIGIAN SEKOLAH RENDAH
21-13240632,KLINIK PERGIGIAN SEKOLAH D/A SEKOLAH MENENGAH KEBANGSAAN BANDAR SARIKEI,"PETI SURAT 228, 4KM OFF JALAN REPOK, 96107 SARIKEI, SARAWAK",96107,SARAWAK,SARIKEI,BUKA,AWAM,KLINIK PERGIGIAN,KLINIK PERGIGIAN SEKOLAH MENENGAH
21-13250188D,KLINIK PERGIGIAN DI KLINIK KESIHATAN SELANGAU,"KM 80, JALAN SIBU/BINTULU",96000,SARAWAK,SELANGAU,BUKA,AWAM,KLINIK PERGIGIAN,KLINIK PERGIGIAN DI KLINIK KESIHATAN
21-13260195D,KLINIK PERGIGIAN DI KLINIK KESIHATAN SIBURAN,"LOT 608, BLOCK 6, 17TH MILE, SIBURAN",94200,SARAWAK,SERIAN,BUKA,AWAM,KLINIK PERGIGIAN,KLINIK PERGIGIAN DI KLINIK KESIHATAN
21-13050685D,KLINIK PERGIGIAN DI KLINIK KESIHATAN SERIAN,"JALAN TANGGA BYPASS, BANDAR SERIAN",94700,SARAWAK,SERIAN,BUKA,AWAM,KLINIK PERGIGIAN,KLINIK PERGIGIAN DI KLINIK KESIHATAN
21-13260586,KLINIK PERGIGIAN SEKOLAH D/A SEKOLAH KEBANGSAAN SERIAN,"BATU 2, JALAN SERIAN / SRI AMAN",94700,SARAWAK,SERIAN,BUKA,AWAM,KLINIK PERGIGIAN,KLINIK PERGIGIAN SEKOLAH RENDAH
21-13110489,KLINIK PERGIGIAN SEKOLAH D/A SEKOLAH JENIS KEBANGSAAN (CINA) BERATOK,"BATU. 21, JALAN KUCHING-SERIAN",94200,SARAWAK,SERIAN,BUKA,AWAM,KLINIK PERGIGIAN,KLINIK PERGIGIAN SEKOLAH RENDAH
21-13260626,KLINIK PERGIGIAN SEKOLAH D/A SEKOLAH MENENGAH KEBANGSAAN SERIAN,JALAN LIMU,94700,SARAWAK,SERIAN,BUKA,AWAM,KLINIK PERGIGIAN,KLINIK PERGIGIAN SEKOLAH MENENGAH
21-13270636D,KLINIK PERGIGIAN DI KLINIK KESIHATAN SIBU JAYA,JALAN BOULIEVARD SOUTH,96000,SARAWAK,SIBU,BUKA,AWAM,KLINIK PERGIGIAN,KLINIK PERGIGIAN DI KLINIK KESIHATAN
21-13270076D,KLINIK PERGIGIAN DI KLINIK KESIHATAN JALAN OYA,JALAN OYA,96000,SARAWAK,SIBU,BUKA,AWAM,KLINIK PERGIGIAN,KLINIK PERGIGIAN DI KLINIK KESIHATAN
21-13270075D,KLINIK PERGIGIAN DI KLINIK KESIHATAN LANANG,JALAN ULU LANANG,96000,SARAWAK,SIBU,BUKA,AWAM,KLINIK PERGIGIAN,KLINIK PERGIGIAN DI KLINIK KESIHATAN
11-13270034D,KLINIK PERGIGIAN DI HOSPITAL SIBU,"BATU 5 1/2, JALAN ULU OYA",96000,SARAWAK,SIBU,BUKA,AWAM,KLINIK PERGIGIAN,KLINIK PERGIGIAN DI HOSPITAL
21-13270599,KLINIK PERGIGIAN SEKOLAH D/A SEKOLAH KEBANGSAAN ST RITA,JALAN BUKIT ASSEK,96000,SARAWAK,SIBU,BUKA,AWAM,KLINIK PERGIGIAN,KLINIK PERGIGIAN SEKOLAH RENDAH
21-13270550,KLINIK PERGIGIAN SEKOLAH D/A SEKOLAH KEBANGSAAN BATU 15,"KEM OYA, JALAN ULU OYA",96000,SARAWAK,SIBU,BUKA,AWAM,KLINIK PERGIGIAN,KLINIK PERGIGIAN SEKOLAH RENDAH
21-13270548,KLINIK PERGIGIAN SEKOLAH D/A SEKOLAH KEBANGSAAN SIBU BANDARAN NO 3,JALAN BANDONG,96000,SARAWAK,SIBU,BUKA,AWAM,KLINIK PERGIGIAN,KLINIK PERGIGIAN SEKOLAH RENDAH
21-13270547,KLINIK PERGIGIAN SEKOLAH D/A SEKOLAH KEBANGSAAN PERBANDARAN SIBU NO. 4,"KM 2, JALAN OYA",96000,SARAWAK,SIBU,BUKA,AWAM,KLINIK PERGIGIAN,KLINIK PERGIGIAN SEKOLAH RENDAH
21-13270546,KLINIK PERGIGIAN SEKOLAH D/A SEKOLAH KEBANGSAAN SIBU BANDARAN NO 2,"LORONG UBAH, JALAN LANANG",96000,SARAWAK,SIBU,BUKA,AWAM,KLINIK PERGIGIAN,KLINIK PERGIGIAN SEKOLAH RENDAH
21-13270538,KLINIK PERGIGIAN SEKOLAH D/A SEKOLAH KEBANGSAAN ABANG ALI,JALAN KAMPUNG BARU,96000,SARAWAK,SIBU,BUKA,AWAM,KLINIK PERGIGIAN,KLINIK PERGIGIAN SEKOLAH RENDAH
21-13270529,KLINIK PERGIGIAN SEKOLAH D/A SEKOLAH JENIS KEBANGSAAN (CINA) UK DAIK,JALAN BUKIT ASSEK,96000,SARAWAK,SIBU,BUKA,AWAM,KLINIK PERGIGIAN,KLINIK PERGIGIAN SEKOLAH RENDAH
21-13270528,KLINIK PERGIGIAN SEKOLAH D/A SEKOLAH JENIS KEBANGSAAN (CINA) TUNG HUA,JALAN TUN ABANG HAJI OPENG,96000,SARAWAK,SIBU,BUKA,AWAM,KLINIK PERGIGIAN,KLINIK PERGIGIAN SEKOLAH RENDAH
21-13270526,KLINIK PERGIGIAN SEKOLAH D/A SEKOLAH JENIS KEBANGSAAN (CINA) TAMAN RAJANG,JALAN SIMPOH,96000,SARAWAK,SIBU,BUKA,AWAM,KLINIK PERGIGIAN,KLINIK PERGIGIAN SEKOLAH RENDAH
21-13270519,KLINIK PERGIGIAN SEKOLAH D/A SEKOLAH JENIS KEBANGSAAN (CINA) SACRED HEART CHINESE,JALAN BUKIT ASSEK,96000,SARAWAK,SIBU,BUKA,AWAM,KLINIK PERGIGIAN,KLINIK PERGIGIAN SEKOLAH RENDAH
21-13270516,KLINIK PERGIGIAN SEKOLAH D/A SEKOLAH JENIS KEBANGSAAN (CINA) METHODIST,"NO 20, JALAN PULAU",96000,SARAWAK,SIBU,BUKA,AWAM,KLINIK PERGIGIAN,KLINIK PERGIGIAN SEKOLAH RENDAH
21-13270512,KLINIK PERGIGIAN SEKOLAH D/A SEKOLAH JENIS KEBANGSAAN (CINA) GUONG ANN,JALAN SUNGAI MERAH,96000,SARAWAK,SIBU,BUKA,AWAM,KLINIK PERGIGIAN,KLINIK PERGIGIAN SEKOLAH RENDAH
21-13270511,KLINIK PERGIGIAN SEKOLAH D/A SEKOLAH JENIS KEBANGSAAN (CINA) EK THEI,"JALAN EK DEE, OFF JALAN LANANG",96000,SARAWAK,SIBU,BUKA,AWAM,KLINIK PERGIGIAN,KLINIK PERGIGIAN SEKOLAH RENDAH
21-13270507,KLINIK PERGIGIAN SEKOLAH D/A SEKOLAH JENIS KEBANGSAAN (CINA) CHUNG HUA,"NO 1, JALAN CROSS",96000,SARAWAK,SIBU,BUKA,AWAM,KLINIK PERGIGIAN,KLINIK PERGIGIAN SEKOLAH RENDAH
21-13270486,KLINIK PERGIGIAN SEKOLAH D/A SEKOLAH JENIS KEBANGSAAN (CINA) DUNG SANG,BATU 2 1/2 JALAN OYA,96000,SARAWAK,SIBU,BUKA,AWAM,KLINIK PERGIGIAN,KLINIK PERGIGIAN SEKOLAH RENDAH
21-13270484,KLINIK PERGIGIAN SEKOLAH D/A SEKOLAH KEBANGSAAN SACRED HEART,"KM 2, JALAN OYA",96000,SARAWAK,SIBU,BUKA,AWAM,KLINIK PERGIGIAN,KLINIK PERGIGIAN SEKOLAH RENDAH
21-13270625,KLINIK PERGIGIAN SEKOLAH D/A SEKOLAH MENENGAH KEBANGSAAN SACRED HEART,BATU 1 1/2 JALAN OYA,96000,SARAWAK,SIBU,BUKA,AWAM,KLINIK PERGIGIAN,KLINIK PERGIGIAN SEKOLAH MENENGAH
21-13270624,KLINIK PERGIGIAN SEKOLAH D/A SEKOLAH MENENGAH KEBANGSAAN ROSLI DHOBY,JALAN DESHON,96000,SARAWAK,SIBU,BUKA,AWAM,KLINIK PERGIGIAN,KLINIK PERGIGIAN SEKOLAH MENENGAH
21-13270637D,KLINIK PERGIGIAN DI KLINIK KESIHATAN UTC SIBU,"SIBU CENTRAL MARKET MULTI STOREY CAR PARK, NO.2 JALAN BENGKEL",96000,SARAWAK,SIBU,BUKA,AWAM,KLINIK PERGIGIAN,KLINIK PERGIGIAN DI UTC
21-13280334,KLINIK PERGIGIAN SIMUNJAN,JALAN GUNUNG NGELI,94800,SARAWAK,SIMUNJAN,BUKA,AWAM,KLINIK PERGIGIAN,KLINIK PERGIGIAN (STANDALONE)
21-13280185D,KLINIK PERGIGIAN DI KLINIK KESIHATAN SEBUYAU,D/A KLINIK KESIHATAN SEBUYAU,94300,SARAWAK,SIMUNJAN,BUKA,AWAM,KLINIK PERGIGIAN,KLINIK PERGIGIAN DI KLINIK KESIHATAN
21-13280608,KLINIK PERGIGIAN SEKOLAH D/A SEKOLAH KEBANGSAAN TUANKU BAGUS,KPG BARU,94800,SARAWAK,SIMUNJAN,BUKA,AWAM,KLINIK PERGIGIAN,KLINIK PERGIGIAN SEKOLAH RENDAH
21-13280540,KLINIK PERGIGIAN SEKOLAH D/A SEKOLAH KEBANGSAAN ABANG MAN,"LOT 36, GEDONG-SEDILU LAND",94800,SARAWAK,SIMUNJAN,BUKA,AWAM,KLINIK PERGIGIAN,KLINIK PERGIGIAN SEKOLAH RENDAH
21-13280506,KLINIK PERGIGIAN SEKOLAH D/A SEKOLAH JENIS KEBANGSAAN (CINA) CHUNG HUA SIMUNJAN,SIMUNJAN BAZAAR,94800,SARAWAK,SIMUNJAN,BUKA,AWAM,KLINIK PERGIGIAN,KLINIK PERGIGIAN SEKOLAH RENDAH
21-13040541,KLINIK PERGIGIAN SEKOLAH D/A SEKOLAH KEBANGSAAN ABANG KADIR GEDONG,KPG PERINTAH GEDONG,94800,SARAWAK,SIMUNJAN,BUKA,AWAM,KLINIK PERGIGIAN,KLINIK PERGIGIAN SEKOLAH RENDAH
21-13290198D,KLINIK PERGIGIAN DI KLINIK KESIHATAN SONG,JALAN TAKAN,96850,SARAWAK,SONG,BUKA,AWAM,KLINIK PERGIGIAN,KLINIK PERGIGIAN DI KLINIK KESIHATAN
21-13290556,KLINIK PERGIGIAN SEKOLAH D/A SEKOLAH KEBANGSAAN CARDINAL VAUGHAN,JALAN MISSION,96850,SARAWAK,SONG,BUKA,AWAM,KLINIK PERGIGIAN,KLINIK PERGIGIAN SEKOLAH RENDAH
21-13290513,KLINIK PERGIGIAN SEKOLAH D/A SEKOLAH JENIS KEBANGSAAN (CINA) HIN HUA,JALAN TAKAN,96850,SARAWAK,SONG,BUKA,AWAM,KLINIK PERGIGIAN,KLINIK PERGIGIAN SEKOLAH RENDAH
21-13300200D,KLINIK PERGIGIAN DI KLINIK KESIHATAN SRI AMAN,JALAN HOSPITAL,95000,SARAWAK,SRI AMAN,BUKA,AWAM,KLINIK PERGIGIAN,KLINIK PERGIGIAN DI KLINIK KESIHATAN
21-13300598,KLINIK PERGIGIAN SEKOLAH D/A SEKOLAH KEBANGSAAN ST LUKE,"P.O BOX 72, JALAN SABU, MUNGGU SABUN",95007,SARAWAK,SRI AMAN,BUKA,AWAM,KLINIK PERGIGIAN,KLINIK PERGIGIAN SEKOLAH RENDAH
21-13300505,KLINIK PERGIGIAN SEKOLAH D/A SEKOLAH JENIS KEBANGSAAN (CINA) CHUNG HUA SIMANGGANG,PO BOX 8 JALAN SABU,95007,SARAWAK,SRI AMAN,BUKA,AWAM,KLINIK PERGIGIAN,KLINIK PERGIGIAN SEKOLAH RENDAH
21-13300487,KLINIK PERGIGIAN SEKOLAH D/A SEKOLAH KEBANGSAAN ABANG AING,JALAN RESAK,95007,SARAWAK,SRI AMAN,BUKA,AWAM,KLINIK PERGIGIAN,KLINIK PERGIGIAN SEKOLAH RENDAH
21-13300628,KLINIK PERGIGIAN SEKOLAH D/A SEKOLAH MENENGAH KEBANGSAAN SIMANGGANG,P.O BOX 304,95008,SARAWAK,SRI AMAN,BUKA,AWAM,KLINIK PERGIGIAN,KLINIK PERGIGIAN SEKOLAH MENENGAH
21-13310606,KLINIK PERGIGIAN SEKOLAH D/A SEKOLAH KEBANGSAAN TATAU,"KM 60, JALAN BINTULU- SIBU",97200,SARAWAK,TATAU,BUKA,AWAM,KLINIK PERGIGIAN,KLINIK PERGIGIAN SEKOLAH RENDAH
21-10012307,KLINIK PERGIGIAN GOMBAK SETIA,"NO. 5A & 6A, JALAN KENANGAN UTAMA, TAMAN KENANGAN, GOMBAK SETIA",53100,SELANGOR,GOMBAK,BUKA,AWAM,KLINIK PERGIGIAN,KLINIK PERGIGIAN (STANDALONE)
21-10010776,KLINIK PAKAR PERGIGIAN ORTODONTIK RAWANG,"JALAN LEMBAH, COMMUNAL HOME, PUSAT KAWALAN KUSTA NEGARA, SUNGAI BULOH",47000,SELANGOR,GOMBAK,BUKA,AWAM,KLINIK PERGIGIAN,KLINIK PERGIGIAN (STANDALONE)
21-10010071D,KLINIK PERGIGIAN DI KLINIK KESIHATAN TAMAN EHSAN,"JALAN E 4/16, TAMAN EHSAN",51200,SELANGOR,GOMBAK,BUKA,AWAM,KLINIK PERGIGIAN,KLINIK PERGIGIAN DI KLINIK KESIHATAN
21-10010068D,KLINIK PERGIGIAN DI KLINIK KESIHATAN SUNGAI BULOH,"LOT 1853, KAMPUNG MELAYU",47000,SELANGOR,GOMBAK,BUKA,AWAM,KLINIK PERGIGIAN,KLINIK PERGIGIAN DI KLINIK KESIHATAN
21-10010059D,KLINIK PERGIGIAN DI KLINIK KESIHATAN SELAYANG BARU,JALAN SUNGAI TUA MUKIM BATU,68100,SELANGOR,GOMBAK,BUKA,AWAM,KLINIK PERGIGIAN,KLINIK PERGIGIAN DI KLINIK KESIHATAN
21-10010055D,KLINIK PERGIGIAN DI KLINIK KESIHATAN RAWANG,"RP5, RAWANG PERDANA 1",48500,SELANGOR,GOMBAK,BUKA,AWAM,KLINIK PERGIGIAN,KLINIK PERGIGIAN DI KLINIK KESIHATAN
21-10010030D,KLINIK PERGIGIAN DI KLINIK KESIHATAN BATU ARANG,JKR 6/1325,48100,SELANGOR,GOMBAK,BUKA,AWAM,KLINIK PERGIGIAN,KLINIK PERGIGIAN DI KLINIK KESIHATAN
21-10010026D,KLINIK PERGIGIAN DI KLINIK KESIHATAN AU 2,"JALAN AU 2 A, TAMAN SRI KERAMAT",54200,SELANGOR,GOMBAK,BUKA,AWAM,KLINIK PERGIGIAN,KLINIK PERGIGIAN DI KLINIK KESIHATAN
11-10010233D,KLINIK PERGIGIAN DI HOSPITAL ORANG ASLI GOMBAK,"KM 24, JALAN PAHANG LAMA",53100,SELANGOR,GOMBAK,BUKA,AWAM,KLINIK PERGIGIAN,KLINIK PERGIGIAN DI HOSPITAL
11-10010019D,KLINIK PERGIGIAN DI HOSPITAL SUNGAI BULOH,JALAN HOSPITAL,47000,SELANGOR,GOMBAK,BUKA,AWAM,KLINIK PERGIGIAN,KLINIK PERGIGIAN DI HOSPITAL
11-10010017D,KLINIK PERGIGIAN DI HOSPITAL SELAYANG,LEBUHRAYA SELAYANG - KEPONG,68100,SELANGOR,GOMBAK,BUKA,AWAM,KLINIK PERGIGIAN,KLINIK PERGIGIAN DI HOSPITAL
21-10010756,KLINIK PERGIGIAN SEKOLAH D/A SEKOLAH KEBANGSAAN (1) SELAYANG BARU,"JALAN 45, SELAYANG BARU",68100,SELANGOR,GOMBAK,BUKA,AWAM,KLINIK PERGIGIAN,KLINIK PERGIGIAN SEKOLAH RENDAH
21-10010752,KLINIK PERGIGIAN SEKOLAH D/A SEKOLAH KEBANGSAAN SINARAN BUDI,JALAN KUALA GARING,48000,SELANGOR,GOMBAK,BUKA,AWAM,KLINIK PERGIGIAN,KLINIK PERGIGIAN SEKOLAH RENDAH
21-10010751,KLINIK PERGIGIAN SEKOLAH D/A SEKOLAH JENIS KEBANGSAAN (CINA) SELAYANG BARU,"JALAN 45, SELAYANG BARU",68100,SELANGOR,GOMBAK,BUKA,AWAM,KLINIK PERGIGIAN,KLINIK PERGIGIAN SEKOLAH RENDAH
21-10010750,KLINIK PERGIGIAN SEKOLAH D/A SEKOLAH JENIS KEBANGSAAN (CINA) SAN YUK RAWANG,KAMPUNG KENANGA,48000,SELANGOR,GOMBAK,BUKA,AWAM,KLINIK PERGIGIAN,KLINIK PERGIGIAN SEKOLAH RENDAH
21-10040216,KLINIK PERGIGIAN KLANG,JALAN TENGKU KELANA,41000,SELANGOR,KLANG,BUKA,AWAM,KLINIK PERGIGIAN,KLINIK PERGIGIAN (STANDALONE)
21-10040249D,KLINIK PERGIGIAN DI KLINIK KESIHATAN BANDAR BOTANIK,"BLOK B, JALAN LANGAT BANDAR BOTANIK",41200,SELANGOR,KLANG,BUKA,AWAM,KLINIK PERGIGIAN,KLINIK PERGIGIAN DI KLINIK KESIHATAN
21-10040053D,KLINIK PERGIGIAN DI KLINIK KESIHATAN PULAU KETAM,"DEWAN JKKK, JALAN BESAR",42490,SELANGOR,KLANG,BUKA,AWAM,KLINIK PERGIGIAN,KLINIK PERGIGIAN DI KLINIK KESIHATAN
21-10040052D,KLINIK PERGIGIAN DI KLINIK KESIHATAN PULAU INDAH,PULAU INDAH,42920,SELANGOR,KLANG,BUKA,AWAM,KLINIK PERGIGIAN,KLINIK PERGIGIAN DI KLINIK KESIHATAN
21-10040050D,KLINIK PERGIGIAN DI KLINIK KESIHATAN PELABUHAN KLANG,JALAN LIMBONGAN,42000,SELANGOR,KLANG,BUKA,AWAM,KLINIK PERGIGIAN,KLINIK PERGIGIAN DI KLINIK KESIHATAN
21-10040048D,KLINIK PERGIGIAN DI KLINIK KESIHATAN PANDAMARAN,PERSIARAN RAJA MUDA MUSA,42000,SELANGOR,KLANG,BUKA,AWAM,KLINIK PERGIGIAN,KLINIK PERGIGIAN DI KLINIK KESIHATAN
21-10040047D,KLINIK PERGIGIAN DI KLINIK KESIHATAN MERU,"PT 55/61, JALAN KENANGAN, MERU",41050,SELANGOR,KLANG,BUKA,AWAM,KLINIK PERGIGIAN,KLINIK PERGIGIAN DI KLINIK KESIHATAN
21-10040044D,KLINIK PERGIGIAN DI KLINIK KESIHATAN ANIKA KLANG,"NO. 112, JALAN PEGAWAI, OFF TENGKU KELANA",41000,SELANGOR,KLANG,BUKA,AWAM,KLINIK PERGIGIAN,KLINIK PERGIGIAN DI KLINIK KESIHATAN
21-10040042D,KLINIK PERGIGIAN DI KLINIK KESIHATAN KAPAR,"PT 3763, SEK 1, BATU 10, JALAN KAPAR",42200,SELANGOR,KLANG,BUKA,AWAM,KLINIK PERGIGIAN,KLINIK PERGIGIAN DI KLINIK KESIHATAN
21-10040033D,KLINIK PERGIGIAN DI KLINIK KESIHATAN BUKIT KUDA,JALAN BATU TIGA LAMA,41300,SELANGOR,KLANG,BUKA,AWAM,KLINIK PERGIGIAN,KLINIK PERGIGIAN DI KLINIK KESIHATAN
11-10040013D,KLINIK PERGIGIAN DI HOSPITAL TENGKU AMPUAN RAHIMAH KLANG,JALAN LANGAT,41200,SELANGOR,KLANG,BUKA,AWAM,KLINIK PERGIGIAN,KLINIK PERGIGIAN DI HOSPITAL
21-10040753,KLINIK PERGIGIAN SEKOLAH D/A SEKOLAH KEBANGSAAN (1) JALAN MERU,JALAN MERU,41050,SELANGOR,KLANG,BUKA,AWAM,KLINIK PERGIGIAN,KLINIK PERGIGIAN SEKOLAH RENDAH
21-10040748,KLINIK PERGIGIAN SEKOLAH D/A SEKOLAH JENIS KEBANGSAAN (CINA) PANDAMARAN A,JALAN BESAR,42000,SELANGOR,KLANG,BUKA,AWAM,KLINIK PERGIGIAN,KLINIK PERGIGIAN SEKOLAH RENDAH
21-10040747,KLINIK PERGIGIAN SEKOLAH D/A SEKOLAH KEBANGSAAN SUNGAI BINJAI,"BATU 6, PEKAN MERU",41050,SELANGOR,KLANG,BUKA,AWAM,KLINIK PERGIGIAN,KLINIK PERGIGIAN SEKOLAH RENDAH
21-10040742,KLINIK PERGIGIAN SEKOLAH D/A SEKOLAH KEBANGSAAN METHODIST,JALAN ORKID,42000,SELANGOR,KLANG,BUKA,AWAM,KLINIK PERGIGIAN,KLINIK PERGIGIAN SEKOLAH RENDAH
21-10040741,KLINIK PERGIGIAN SEKOLAH D/A SEKOLAH JENIS KEBANGSAAN (CINA) PANDAMARAN B,JALAN YOUNG PANDAMARAN,42000,SELANGOR,KLANG,BUKA,AWAM,KLINIK PERGIGIAN,KLINIK PERGIGIAN SEKOLAH RENDAH
21-10040740,KLINIK PERGIGIAN SEKOLAH D/A SEKOLAH KEBANGSAAN TELOK GADONG,JALAN YADI,41250,SELANGOR,KLANG,BUKA,AWAM,KLINIK PERGIGIAN,KLINIK PERGIGIAN SEKOLAH RENDAH
21-10040738,KLINIK PERGIGIAN SEKOLAH D/A SEKOLAH KEBANGSAAN RANTAU PANJANG,"JALAN GENTING, RANTAU PANJANG",42100,SELANGOR,KLANG,BUKA,AWAM,KLINIK PERGIGIAN,KLINIK PERGIGIAN SEKOLAH RENDAH
21-10040732,KLINIK PERGIGIAN SEKOLAH D/A SEKOLAH JENIS KEBANGSAAN (CINA) KONG HOE,"NO. 54, JALAN BATU TIGA",41300,SELANGOR,KLANG,BUKA,AWAM,KLINIK PERGIGIAN,KLINIK PERGIGIAN SEKOLAH RENDAH
21-10040760,PUSAT PERGIGIAN SEKOLAH SIMPANG LIMA D/A SEKOLAH KEBANGSAAN (1) SIMPANG LIMA,PERSIARAN RAJA MUDA MUSA,41200,SELANGOR,KLANG,BUKA,AWAM,KLINIK PERGIGIAN,KLINIK PERGIGIAN SEKOLAH (PUSAT PERGIGIAN SEKOLAH)
21-10050076D,KLINIK PERGIGIAN DI KLINIK KESIHATAN TELUK PANGLIMA GARANG,TELUK PANGLIMA GARANG,42500,SELANGOR,KUALA LANGAT,BUKA,AWAM,KLINIK PERGIGIAN,KLINIK PERGIGIAN DI KLINIK KESIHATAN
21-10050075D,KLINIK PERGIGIAN DI KLINIK KESIHATAN TELOK DATOK,JALAN PEGAWAI,42700,SELANGOR,KUALA LANGAT,BUKA,AWAM,KLINIK PERGIGIAN,KLINIK PERGIGIAN DI KLINIK KESIHATAN
21-10050074D,KLINIK PERGIGIAN DI KLINIK KESIHATAN TANJUNG SEPAT,"TANJONG SEPAT, BANTING",42700,SELANGOR,KUALA LANGAT,BUKA,AWAM,KLINIK PERGIGIAN,KLINIK PERGIGIAN DI KLINIK KESIHATAN
21-10050037D,KLINIK PERGIGIAN DI KLINIK KESIHATAN JENJAROM,"JENJAROM, KUALA LANGAT, JALAN BESAR",42700,SELANGOR,KUALA LANGAT,BUKA,AWAM,KLINIK PERGIGIAN,KLINIK PERGIGIAN DI KLINIK KESIHATAN
21-10050032D,KLINIK PERGIGIAN DI KLINIK KESIHATAN BUKIT CHANGGANG,"BUKIT CHANGGANG, BANTING",42700,SELANGOR,KUALA LANGAT,BUKA,AWAM,KLINIK PERGIGIAN,KLINIK PERGIGIAN DI KLINIK KESIHATAN
21-10050028D,KLINIK PERGIGIAN DI KLINIK KESIHATAN BANDAR,"JALAN KURAI, CHENDOI, BANTING",42700,SELANGOR,KUALA LANGAT,BUKA,AWAM,KLINIK PERGIGIAN,KLINIK PERGIGIAN DI KLINIK KESIHATAN
21-10050758,KLINIK PERGIGIAN SEKOLAH D/A SEKOLAH KEBANGSAAN SIJANGKANG,"KAMPUNG SIJANGKANG, TELOK PANGLIMA GARANG",42500,SELANGOR,KUALA LANGAT,BUKA,AWAM,KLINIK PERGIGIAN,KLINIK PERGIGIAN SEKOLAH RENDAH
21-10050757,KLINIK PERGIGIAN SEKOLAH D/A SEKOLAH KEBANGSAAN SRI LANGAT,JALAN SULTAN ABDUL SAMAD,42700,SELANGOR,KUALA LANGAT,BUKA,AWAM,KLINIK PERGIGIAN,KLINIK PERGIGIAN SEKOLAH RENDAH
21-10060218,KLINIK PERGIGIAN TANJONG KARANG,"JALAN HOSPITAL 1, KOMPLEKS HOSPITAL TANJONG KARANG, BATU 4 1/2 , JALAN KLANG-SABAK BERNAM",45500,SELANGOR,KUALA SELANGOR,BUKA,AWAM,KLINIK PERGIGIAN,KLINIK PERGIGIAN (STANDALONE)
21-10060045D,KLINIK PERGIGIAN DI KLINIK KESIHATAN KUALA SELANGOR,JALAN KLINIK,45000,SELANGOR,KUALA SELANGOR,BUKA,AWAM,KLINIK PERGIGIAN,KLINIK PERGIGIAN DI KLINIK KESIHATAN
21-10060038D,KLINIK PERGIGIAN DI KLINIK KESIHATAN JERAM,JALAN KLANG,45800,SELANGOR,KUALA SELANGOR,BUKA,AWAM,KLINIK PERGIGIAN,KLINIK PERGIGIAN DI KLINIK KESIHATAN
21-10060036D,KLINIK PERGIGIAN DI KLINIK KESIHATAN IJOK,"JKR 1087, JALAN SIMPANG 3",45600,SELANGOR,KUALA SELANGOR,BUKA,AWAM,KLINIK PERGIGIAN,KLINIK PERGIGIAN DI KLINIK KESIHATAN
21-10060029D,KLINIK PERGIGIAN DI KLINIK KESIHATAN BESTARI JAYA,"LOT 1867, JALAN KAMPUNG",45600,SELANGOR,KUALA SELANGOR,BUKA,AWAM,KLINIK PERGIGIAN,KLINIK PERGIGIAN DI KLINIK KESIHATAN
11-10060020D,KLINIK PERGIGIAN DI HOSPITAL TANJONG KARANG,"KM 8, JALAN SUNGAI TERAP 5, TANJONG KARANG",45500,SELANGOR,KUALA SELANGOR,BUKA,AWAM,KLINIK PERGIGIAN,KLINIK PERGIGIAN DI HOSPITAL
21-10060746,KLINIK PERGIGIAN SEKOLAH D/A SEKOLAH KEBANGSAAN DATOâ€™ MAHARAJALELA,"JALAN PARIT OMAR, KAMPUNG BUKIT CHERAKA",45800,SELANGOR,KUALA SELANGOR,BUKA,AWAM,KLINIK PERGIGIAN,KLINIK PERGIGIAN SEKOLAH RENDAH
21-10070767D,KLINIK PERGIGIAN DI KLINIK KESIHATAN KOTA DAMANSARA,"NO.58, ARAS 3, JALAN PEKAKA 8/3, SEKSYEN 8, KOTA DAMANSARA",47810,SELANGOR,PETALING,BUKA,AWAM,KLINIK PERGIGIAN,KLINIK PERGIGIAN DI KLINIK KESIHATAN
21-10070248D,KLINIK PERGIGIAN DI KLINIK KESIHATAN SEKSYEN 19 SHAH ALAM,"JALAN GELORA 19/46, SEKSYEN 19",40300,SELANGOR,PETALING,BUKA,AWAM,KLINIK PERGIGIAN,KLINIK PERGIGIAN DI KLINIK KESIHATAN
21-10070206D,KLINIK PERGIGIAN DI KLINIK KESIHATAN TAMAN MEDAN,"JALAN PJS 2C/5, TAMAN DATO' HARUN",46000,SELANGOR,PETALING,BUKA,AWAM,KLINIK PERGIGIAN,KLINIK PERGIGIAN DI KLINIK KESIHATAN
21-10070063D,KLINIK PERGIGIAN DI KLINIK KESIHATAN SEKSYEN 7,"NO. 2, PERSIARAN KAYANGAN, SEKSYEN 7",40000,SELANGOR,PETALING,BUKA,AWAM,KLINIK PERGIGIAN,KLINIK PERGIGIAN DI KLINIK KESIHATAN
21-10070062D,KLINIK PERGIGIAN DI KLINIK KESIHATAN SERI KEMBANGAN,"JALAN BESAR, SERI KEMBANGAN",43300,SELANGOR,PETALING,BUKA,AWAM,KLINIK PERGIGIAN,KLINIK PERGIGIAN DI KLINIK KESIHATAN
21-10070043D,KLINIK PERGIGIAN DI KLINIK KESIHATAN KELANA JAYA,"JALAN SS6/3A, KELANA JAYA",47301,SELANGOR,PETALING,BUKA,AWAM,KLINIK PERGIGIAN,KLINIK PERGIGIAN DI KLINIK KESIHATAN
11-10070294D,KLINIK PERGIGIAN DI HOSPITAL SHAH ALAM,"PERSIARAN KAYANGAN, SEKYSEN 7",40000,SELANGOR,PETALING,BUKA,AWAM,KLINIK PERGIGIAN,KLINIK PERGIGIAN DI HOSPITAL
21-10070759,KLINIK PERGIGIAN SEKOLAH D/A SEKOLAH KEBANGSAAN SUBANG JAYA,JALAN SS 14/5,47500,SELANGOR,PETALING,BUKA,AWAM,KLINIK PERGIGIAN,KLINIK PERGIGIAN SEKOLAH RENDAH
21-10070755,KLINIK PERGIGIAN SEKOLAH D/A SEKOLAH KEBANGSAAN KAMPUNG TUNKU,JALAN SS 1/11,47300,SELANGOR,PETALING,BUKA,AWAM,KLINIK PERGIGIAN,KLINIK PERGIGIAN SEKOLAH RENDAH
21-10070754,KLINIK PERGIGIAN SEKOLAH D/A SEKOLAH KEBANGSAAN JALAN SELANGOR (SATU),"JALAN PADANG 4/48, JALAN SELANGOR",46050,SELANGOR,PETALING,BUKA,AWAM,KLINIK PERGIGIAN,KLINIK PERGIGIAN SEKOLAH RENDAH
21-10070749,KLINIK PERGIGIAN SEKOLAH D/A SEKOLAH JENIS KEBANGSAAN (CINA) PUAY CHAI,JALAN SS 2/54,47300,SELANGOR,PETALING,BUKA,AWAM,KLINIK PERGIGIAN,KLINIK PERGIGIAN SEKOLAH RENDAH
21-10070744,KLINIK PERGIGIAN SEKOLAH D/A SEKOLAH KEBANGSAAN SS 19 SUBANG JAYA,JALAN SS 19/6,47500,SELANGOR,PETALING,BUKA,AWAM,KLINIK PERGIGIAN,KLINIK PERGIGIAN SEKOLAH RENDAH
21-10070739,KLINIK PERGIGIAN SEKOLAH D/A SEKOLAH KEBANGSAAN SRI PETALING,JALAN 12/15,46200,SELANGOR,PETALING,BUKA,AWAM,KLINIK PERGIGIAN,KLINIK PERGIGIAN SEKOLAH RENDAH
21-10070737,KLINIK PERGIGIAN SEKOLAH D/A SEKOLAH KEBANGSAAN METHODIST PETALING JAYA,JALAN 5/37,46000,SELANGOR,PETALING,BUKA,AWAM,KLINIK PERGIGIAN,KLINIK PERGIGIAN SEKOLAH RENDAH
21-10070736,KLINIK PERGIGIAN SEKOLAH D/A SEKOLAH KEBANGSAAN LA SALLE PETALING JAYA,JALAN GASING,46000,SELANGOR,PETALING,BUKA,AWAM,KLINIK PERGIGIAN,KLINIK PERGIGIAN SEKOLAH RENDAH
21-10070735,KLINIK PERGIGIAN SEKOLAH D/A SEKOLAH KEBANGSAAN ASSUNTA SATU,JALAN ASSUNTA,46050,SELANGOR,PETALING,BUKA,AWAM,KLINIK PERGIGIAN,KLINIK PERGIGIAN SEKOLAH RENDAH
21-10070734,KLINIK PERGIGIAN SEKOLAH D/A SEKOLAH JENIS KEBANGSAAN (CINA) SERDANG BARU (1),JALAN SEKOLAH,43300,SELANGOR,PETALING,BUKA,AWAM,KLINIK PERGIGIAN,KLINIK PERGIGIAN SEKOLAH RENDAH
21-10070733,KLINIK PERGIGIAN SEKOLAH D/A SEKOLAH JENIS KEBANGSAAN (CINA) CHEN MOH,JALAN 2/32,46000,SELANGOR,PETALING,BUKA,AWAM,KLINIK PERGIGIAN,KLINIK PERGIGIAN SEKOLAH RENDAH
21-10070730,KLINIK PERGIGIAN SEKOLAH D/A SEKOLAH KEBANGSAAN SEKSYEN 9 SHAH ALAM,JALAN TENGKU AMPUAN RAHIMAH 9/20,40100,SELANGOR,PETALING,BUKA,AWAM,KLINIK PERGIGIAN,KLINIK PERGIGIAN SEKOLAH RENDAH
21-10070729,KLINIK PERGIGIAN SEKOLAH D/A SEKOLAH KEBANGSAAN PUCHONG,JALAN MASJID BATU 14,47100,SELANGOR,PETALING,BUKA,AWAM,KLINIK PERGIGIAN,KLINIK PERGIGIAN SEKOLAH RENDAH
21-10070771D,KLINIK PERGIGIAN DI KLINIK KESIHATAN UTC SELANGOR,"LOT G, ANGGERIK MALL, JALAN 14/7, SEKSYEN 14",40000,SELANGOR,PETALING,BUKA,AWAM,KLINIK PERGIGIAN,KLINIK PERGIGIAN DI UTC
21-10080761D,KLINIK PERGIGIAN DI KLINIK KESIHATAN SIMPANG 5,JALAN KLANG,45300,SELANGOR,SABAK BERNAM,BUKA,AWAM,KLINIK PERGIGIAN,KLINIK PERGIGIAN DI KLINIK KESIHATAN
21-10080295D,KLINIK PERGIGIAN DI KLINIK KESIHATAN SABAK BERNAM,JALAN RAJA CHULAN,45200,SELANGOR,SABAK BERNAM,BUKA,AWAM,KLINIK PERGIGIAN,KLINIK PERGIGIAN DI KLINIK KESIHATAN
21-10080067D,KLINIK PERGIGIAN DI KLINIK KESIHATAN SUNGAI BESAR,JALAN SUNGAI LIMAU,45300,SELANGOR,SABAK BERNAM,BUKA,AWAM,KLINIK PERGIGIAN,KLINIK PERGIGIAN DI KLINIK KESIHATAN
21-10080066D,KLINIK PERGIGIAN DI KLINIK KESIHATAN SUNGAI AIR TAWAR,JALAN BESAR SUNGAI AIR TAWAR,45100,SELANGOR,SABAK BERNAM,BUKA,AWAM,KLINIK PERGIGIAN,KLINIK PERGIGIAN DI KLINIK KESIHATAN
21-10080058D,KLINIK PERGIGIAN DI KLINIK KESIHATAN SEKINCHAN,JALAN PEKAN,45400,SELANGOR,SABAK BERNAM,BUKA,AWAM,KLINIK PERGIGIAN,KLINIK PERGIGIAN DI KLINIK KESIHATAN
21-10080049D,KLINIK PERGIGIAN DI KLINIK KESIHATAN PARIT BARU,JALAN MASJID,45100,SELANGOR,SABAK BERNAM,BUKA,AWAM,KLINIK PERGIGIAN,KLINIK PERGIGIAN DI KLINIK KESIHATAN
21-10080027D,KLINIK PERGIGIAN DI KLINIK KESIHATAN BAGAN TERAP,JALAN BAGAN TERAP,45300,SELANGOR,SABAK BERNAM,BUKA,AWAM,KLINIK PERGIGIAN,KLINIK PERGIGIAN DI KLINIK KESIHATAN
21-10090069D,KLINIK PERGIGIAN DI KLINIK KESIHATAN SUNGAI PELEK,"NO. 436, JALAN SUNGAI. PELEK",43950,SELANGOR,SEPANG,BUKA,AWAM,KLINIK PERGIGIAN,KLINIK PERGIGIAN DI KLINIK KESIHATAN
21-10090057D,KLINIK PERGIGIAN DI KLINIK KESIHATAN SALAK,JALAN SALAK,43900,SELANGOR,SEPANG,BUKA,AWAM,KLINIK PERGIGIAN,KLINIK PERGIGIAN DI KLINIK KESIHATAN
21-10090034D,KLINIK PERGIGIAN DI KLINIK KESIHATAN DENGKIL,"BATU 30, JALAN KAJANG",43800,SELANGOR,SEPANG,BUKA,AWAM,KLINIK PERGIGIAN,KLINIK PERGIGIAN DI KLINIK KESIHATAN
21-10072301D,KLINIK PERGIGIAN DI KLINIK KESIHATAN CYBERJAYA,"PERSIARAN MULTIMEDIA CYBER 11, CYBERJAYA",63000,SELANGOR,SEPANG,BUKA,AWAM,KLINIK PERGIGIAN,KLINIK PERGIGIAN DI KLINIK KESIHATAN
11-10090018D,KLINIK PERGIGIAN DI HOSPITAL SULTAN IDRIS SHAH,"JALAN PUCHONG, KAJANG",43000,SELANGOR,SEPANG,BUKA,AWAM,KLINIK PERGIGIAN,KLINIK PERGIGIAN DI HOSPITAL
11-10072300D,KLINIK PERGIGIAN DI HOSPITAL CYBERJAYA,"PERSIARAN SEPANG, CYBER 11",63000,SELANGOR,SEPANG,BUKA,AWAM,KLINIK PERGIGIAN,KLINIK PERGIGIAN DI HOSPITAL
21-10020769D,KLINIK PERGIGIAN DI KLINIK KESIHATAN BANDAR TUN HUSSEIN ONN,"JALAN SUADAMAI, BANDAR TUN HUSSEIN ONN",43200,SELANGOR,HULU LANGAT,BUKA,AWAM,KLINIK PERGIGIAN,KLINIK PERGIGIAN DI KLINIK KESIHATAN
21-10020252D,KLINIK PERGIGIAN DI KLINIK KESIHATAN SUNGAI CHUA,"KAWASAN PERINDUSTRIAN SUNGAI CHUA, SUNGAI RAMAL LUAR",43000,SELANGOR,HULU LANGAT,BUKA,AWAM,KLINIK PERGIGIAN,KLINIK PERGIGIAN DI KLINIK KESIHATAN
21-10020247D,KLINIK PERGIGIAN DI KLINIK KESIHATAN BANDAR SRI PUTRA,"JALAN 1/9, BANDAR SERI PUTRA",43000,SELANGOR,HULU LANGAT,BUKA,AWAM,KLINIK PERGIGIAN,KLINIK PERGIGIAN DI KLINIK KESIHATAN
21-10020232D,KLINIK PERGIGIAN DI KLINIK KESIHATAN TAMAN NIRWANA,"KAMPUNG PANDAN, HULU LANGAT",55100,SELANGOR,HULU LANGAT,BUKA,AWAM,KLINIK PERGIGIAN,KLINIK PERGIGIAN DI KLINIK KESIHATAN
21-10020220D,KLINIK PERGIGIAN DI KLINIK KESIHATAN BANDAR BARU BANGI,PERSIARAN PEKELILING SEKSYEN 3,43650,SELANGOR,HULU LANGAT,BUKA,AWAM,KLINIK PERGIGIAN,KLINIK PERGIGIAN DI KLINIK KESIHATAN
21-10020219D,KLINIK PERGIGIAN DI KLINIK KESIHATAN BATU 9 CHERAS,"BATU 9, CHERAS",43200,SELANGOR,HULU LANGAT,BUKA,AWAM,KLINIK PERGIGIAN,KLINIK PERGIGIAN DI KLINIK KESIHATAN
21-10020060D,KLINIK PERGIGIAN DI KLINIK KESIHATAN SEMENYIH,KAMPUNG BARU CINA,43500,SELANGOR,HULU LANGAT,BUKA,AWAM,KLINIK PERGIGIAN,KLINIK PERGIGIAN DI KLINIK KESIHATAN
21-10020039D,KLINIK PERGIGIAN DI KLINIK KESIHATAN KAJANG,JALAN SEMENYIH,43000,SELANGOR,HULU LANGAT,BUKA,AWAM,KLINIK PERGIGIAN,KLINIK PERGIGIAN DI KLINIK KESIHATAN
21-10020035D,KLINIK PERGIGIAN DI KLINIK KESIHATAN BATU 14,BATU 14,43200,SELANGOR,HULU LANGAT,BUKA,AWAM,KLINIK PERGIGIAN,KLINIK PERGIGIAN DI KLINIK KESIHATAN
21-10020031D,KLINIK PERGIGIAN DI KLINIK KESIHATAN BERANANG,JALAN BESAR BERANANG,43700,SELANGOR,HULU LANGAT,BUKA,AWAM,KLINIK PERGIGIAN,KLINIK PERGIGIAN DI KLINIK KESIHATAN
21-10020025D,KLINIK PERGIGIAN DI KLINIK KESIHATAN AMPANG,"JALAN MEWAH 3, TAMAN AMPANG MEWAH, PEKAN AMPANG",68000,SELANGOR,HULU LANGAT,BUKA,AWAM,KLINIK PERGIGIAN,KLINIK PERGIGIAN DI KLINIK KESIHATAN
11-10020022D,KLINIK PERGIGIAN DI HOSPITAL AMPANG,"JALAN MEWAH UTARA, PANDAN MEWAH",68000,SELANGOR,HULU LANGAT,BUKA,AWAM,KLINIK PERGIGIAN,KLINIK PERGIGIAN DI HOSPITAL
11-10020015D,KLINIK PERGIGIAN DI HOSPITAL TENGKU PERMAISURI NORASHIKIN,JALAN SEMENYIH,43000,SELANGOR,HULU LANGAT,BUKA,AWAM,KLINIK PERGIGIAN,KLINIK PERGIGIAN DI HOSPITAL
21-10020728,KLINIK PERGIGIAN SEKOLAH D/A SEKOLAH KEBANGSAAN BANDAR BARU BANGI,"JALAN 2/1, SEKSYEN 2",43650,SELANGOR,HULU LANGAT,BUKA,AWAM,KLINIK PERGIGIAN,KLINIK PERGIGIAN SEKOLAH RENDAH
21-10020727,KLINIK PERGIGIAN SEKOLAH D/A SEKOLAH JENIS KEBANGSAAN (CINA) YU HWA,"JALAN LOW TI KOK, KAJANG",43000,SELANGOR,HULU LANGAT,BUKA,AWAM,KLINIK PERGIGIAN,KLINIK PERGIGIAN SEKOLAH RENDAH
21-10020726,KLINIK PERGIGIAN SEKOLAH D/A SEKOLAH JENIS KEBANGSAAN (CINA) SUNGAI CHUA,"JALAN SEKOLAH, KAMPUNG BARU SUNGAI CHUA",43000,SELANGOR,HULU LANGAT,BUKA,AWAM,KLINIK PERGIGIAN,KLINIK PERGIGIAN SEKOLAH RENDAH
21-10020725,KLINIK PERGIGIAN SEKOLAH D/A SEKOLAH JENIS KEBANGSAAN (CINA) ON PONG,"LOT 6, JALAN BESAR",68000,SELANGOR,HULU LANGAT,BUKA,AWAM,KLINIK PERGIGIAN,KLINIK PERGIGIAN SEKOLAH RENDAH
21-10020724,KLINIK PERGIGIAN SEKOLAH D/A SEKOLAH JENIS KEBANGSAAN (CINA) KAMPUNG BARU AMPANG,JALAN WAWASAN MERDEKA,68000,SELANGOR,HULU LANGAT,BUKA,AWAM,KLINIK PERGIGIAN,KLINIK PERGIGIAN SEKOLAH RENDAH
21-10020723,KLINIK PERGIGIAN SEKOLAH D/A SEKOLAH KEBANGSAAN TAMAN NIRWANA,"JALAN NIRWANA 13, TAMAN NIRWANA",68000,SELANGOR,HULU LANGAT,BUKA,AWAM,KLINIK PERGIGIAN,KLINIK PERGIGIAN SEKOLAH RENDAH
21-10020722,KLINIK PERGIGIAN SEKOLAH D/A SEKOLAH KEBANGSAAN TAMAN KOSAS,"JALAN KOSAS 3/9, TAMAN KOSAS",68000,SELANGOR,HULU LANGAT,BUKA,AWAM,KLINIK PERGIGIAN,KLINIK PERGIGIAN SEKOLAH RENDAH
21-10020721,KLINIK PERGIGIAN SEKOLAH D/A SEKOLAH KEBANGSAAN TAMAN CEUPAC,BATU 9,43200,SELANGOR,HULU LANGAT,BUKA,AWAM,KLINIK PERGIGIAN,KLINIK PERGIGIAN SEKOLAH RENDAH
21-10092303D,KLINIK PERGIGIAN DI KLINIK KESIHATAN HULU BERNAM,"KLINIK KESIHATAN HULU BERNAM, HULU BERNAM",35900,SELANGOR,HULU SELANGOR,BUKA,AWAM,KLINIK PERGIGIAN,KLINIK PERGIGIAN DI KLINIK KESIHATAN
21-10030077D,KLINIK PERGIGIAN DI KLINIK KESIHATAN ULU YAM BARU,"JALAN BESAR, HULU YAM BHARU, BATANG KALI",44300,SELANGOR,HULU SELANGOR,BUKA,AWAM,KLINIK PERGIGIAN,KLINIK PERGIGIAN DI KLINIK KESIHATAN
21-10030070D,KLINIK PERGIGIAN DI KLINIK KESIHATAN SELISEK,"JKR 585, HULU SELANGO",44020,SELANGOR,HULU SELANGOR,BUKA,AWAM,KLINIK PERGIGIAN,KLINIK PERGIGIAN DI KLINIK KESIHATAN
21-10030065D,KLINIK PERGIGIAN DI KLINIK KESIHATAN KAMPUNG SOEHARTO,"JALAN SEKOLAH, FELDA KAMPUNG SOEHARTO",44010,SELANGOR,HULU SELANGOR,BUKA,AWAM,KLINIK PERGIGIAN,KLINIK PERGIGIAN DI KLINIK KESIHATAN
21-10030054D,KLINIK PERGIGIAN DI KLINIK KESIHATAN RASA,NO. 554,44200,SELANGOR,HULU SELANGOR,BUKA,AWAM,KLINIK PERGIGIAN,KLINIK PERGIGIAN DI KLINIK KESIHATAN
21-10030040D,KLINIK PERGIGIAN DI KLINIK KESIHATAN KALUMPANG,"JKR 539, KALUMPANG",44100,SELANGOR,HULU SELANGOR,BUKA,AWAM,KLINIK PERGIGIAN,KLINIK PERGIGIAN DI KLINIK KESIHATAN
21-10030205D,KLINIK PERGIGIAN DI KLINIK KESIHATAN IBU DAN ANAK KUALA KUBU BARU,"JALAN KOLAM AIR, KUALA KUBU BARU",44000,SELANGOR,HULU SELANGOR,BUKA,AWAM,KLINIK PERGIGIAN,KLINIK PERGIGIAN DI KLINIK KESIHATAN IBU DAN ANAK (KKIA)
21-10030719,KLINIK PERGIGIAN SEKOLAH D/A SEKOLAH KEBANGSAAN KUALA KUBU BHARU,JALAN SEKOLAH,44000,SELANGOR,HULU SELANGOR,BUKA,AWAM,KLINIK PERGIGIAN,KLINIK PERGIGIAN SEKOLAH RENDAH
21-11010051D,KLINIK PERGIGIAN DI KLINIK KESIHATAN SRI MEDANG,"LOT 2017, JALAN TEMBILA",22200,TERENGGANU,BESUT,BUKA,AWAM,KLINIK PERGIGIAN,KLINIK PERGIGIAN DI KLINIK KESIHATAN
21-11010046D,KLINIK PERGIGIAN DI KLINIK KESIHATAN PASIR AKAR,"PT 2345, JALAN PASIR AKAR",22000,TERENGGANU,BESUT,BUKA,AWAM,KLINIK PERGIGIAN,KLINIK PERGIGIAN DI KLINIK KESIHATAN
21-11010039D,KLINIK PERGIGIAN DI KLINIK KESIHATAN KUALA BESUT,"LOT 1415, JALAN SEMARAK",22300,TERENGGANU,BESUT,BUKA,AWAM,KLINIK PERGIGIAN,KLINIK PERGIGIAN DI KLINIK KESIHATAN
21-11010035D,KLINIK PERGIGIAN DI KLINIK KESIHATAN KOTA PUTERA,"LOT 763, JALAN JERTEH, JERTEH",22200,TERENGGANU,BESUT,BUKA,AWAM,KLINIK PERGIGIAN,KLINIK PERGIGIAN DI KLINIK KESIHATAN
11-11010010D,KLINIK PERGIGIAN DI HOSPITAL BESUT,JALAN PASIR AKAR,22000,TERENGGANU,BESUT,BUKA,AWAM,KLINIK PERGIGIAN,KLINIK PERGIGIAN DI HOSPITAL
21-11010272,KLINIK PERGIGIAN SEKOLAH D/A SEKOLAH KEBANGSAAN TENGKU MAHMUD,ALUR LINTANG,22200,TERENGGANU,BESUT,BUKA,AWAM,KLINIK PERGIGIAN,KLINIK PERGIGIAN SEKOLAH RENDAH
21-11010268,KLINIK PERGIGIAN SEKOLAH D/A SEKOLAH KEBANGSAAN KUALA BESUT,JALAN BESAR,22300,TERENGGANU,BESUT,BUKA,AWAM,KLINIK PERGIGIAN,KLINIK PERGIGIAN SEKOLAH RENDAH
21-11010271,KLINIK PERGIGIAN SEKOLAH D/A SEKOLAH MENENGAH KEBANGSAAN SERI NERING,KAMPUNG PULAU RIMAU,22200,TERENGGANU,BESUT,BUKA,AWAM,KLINIK PERGIGIAN,KLINIK PERGIGIAN SEKOLAH MENENGAH
21-11010270,KLINIK PERGIGIAN SEKOLAH D/A SEKOLAH MENENGAH KEBANGSAAN NASIRUDDIN SHAH,ALOR LINTANG,22200,TERENGGANU,BESUT,BUKA,AWAM,KLINIK PERGIGIAN,KLINIK PERGIGIAN SEKOLAH MENENGAH
21-11010267,KLINIK PERGIGIAN SEKOLAH D/A SEKOLAH MENENGAH KEBANGSAAN TENGKU MAHMUD,KAMPUNG ALOR LINTANG,22200,TERENGGANU,BESUT,BUKA,AWAM,KLINIK PERGIGIAN,KLINIK PERGIGIAN SEKOLAH MENENGAH
21-11020206D,KLINIK PERGIGIAN DI KLINIK KESIHATAN KUALA DUNGUN,"LOT 9783, JALAN ALOR TEMBESU",23000,TERENGGANU,DUNGUN,BUKA,AWAM,KLINIK PERGIGIAN,KLINIK PERGIGIAN DI KLINIK KESIHATAN
21-11020045D,KLINIK PERGIGIAN DI KLINIK KESIHATAN PAKA,"LOT 7736 & 2166, JALAN DUNGUN",23100,TERENGGANU,DUNGUN,BUKA,AWAM,KLINIK PERGIGIAN,KLINIK PERGIGIAN DI KLINIK KESIHATAN
21-11020037D,KLINIK PERGIGIAN DI KLINIK KESIHATAN KUALA ABANG,"LOT 65, JALAN KLINIK KUALA ABANG",23050,TERENGGANU,DUNGUN,BUKA,AWAM,KLINIK PERGIGIAN,KLINIK PERGIGIAN DI KLINIK KESIHATAN
21-11020034D,KLINIK PERGIGIAN DI KLINIK KESIHATAN KETENGAH JAYA,"LOT 2124, JALAN KETENGAH JAYA",23300,TERENGGANU,DUNGUN,BUKA,AWAM,KLINIK PERGIGIAN,KLINIK PERGIGIAN DI KLINIK KESIHATAN
21-11020029D,KLINIK PERGIGIAN DI KLINIK KESIHATAN JERANGAU,"LOT 1462, JALAN JERANGAU",21820,TERENGGANU,DUNGUN,BUKA,AWAM,KLINIK PERGIGIAN,KLINIK PERGIGIAN DI KLINIK KESIHATAN
21-11020022D,KLINIK PERGIGIAN DI KLINIK KESIHATAN BUKIT BESI,"LOT 6528, JALAN BUKIT BESI",23200,TERENGGANU,DUNGUN,BUKA,AWAM,KLINIK PERGIGIAN,KLINIK PERGIGIAN DI KLINIK KESIHATAN
21-11020019D,KLINIK PERGIGIAN DI KLINIK KESIHATAN ALMUKTAFI BILLAH SHAH,"LOT 467, JALAN ALMUKTAFI BILLAH SHAH",23400,TERENGGANU,DUNGUN,BUKA,AWAM,KLINIK PERGIGIAN,KLINIK PERGIGIAN DI KLINIK KESIHATAN
21-11020294,KLINIK PERGIGIAN SEKOLAH D/A SEKOLAH KEBANGSAAN BATU 48,"JALAN HOSPITAL, KAMPUNG PAK SABAH",23000,TERENGGANU,DUNGUN,BUKA,AWAM,KLINIK PERGIGIAN,KLINIK PERGIGIAN SEKOLAH RENDAH
21-11020277,KLINIK PERGIGIAN SEKOLAH D/A SEKOLAH KEBANGSAAN KUALA DUNGUN,KAMPUNG MOLEK,23000,TERENGGANU,DUNGUN,BUKA,AWAM,KLINIK PERGIGIAN,KLINIK PERGIGIAN SEKOLAH RENDAH
21-11020274,KLINIK PERGIGIAN SEKOLAH D/A SEKOLAH KEBANGSAAN SULTAN OMAR,JALAN SEKOLAH,23000,TERENGGANU,DUNGUN,BUKA,AWAM,KLINIK PERGIGIAN,KLINIK PERGIGIAN SEKOLAH RENDAH
21-11030038D,KLINIK PERGIGIAN DI KLINIK KESIHATAN KUALA BERANG,"LOT 3893, JALAN KUALA BERANG",21700,TERENGGANU,HULU TERENGGANU,BUKA,AWAM,KLINIK PERGIGIAN,KLINIK PERGIGIAN DI KLINIK KESIHATAN
21-11030018D,KLINIK PERGIGIAN DI KLINIK KESIHATAN AJIL,"LOT 4048, JALANKUALA TERENGGANU- KUALA BERANG",21800,TERENGGANU,HULU TERENGGANU,BUKA,AWAM,KLINIK PERGIGIAN,KLINIK PERGIGIAN DI KLINIK KESIHATAN
21-11030293,KLINIK PERGIGIAN SEKOLAH D/A SEKOLAH KEBANGSAAN BUKIT PERAH,JALAN KUALA BERANG,21800,TERENGGANU,HULU TERENGGANU,BUKA,AWAM,KLINIK PERGIGIAN,KLINIK PERGIGIAN SEKOLAH RENDAH
21-11030273,KLINIK PERGIGIAN SEKOLAH D/A SEKOLAH KEBANGSAAN TENGKU AMPUAN INTAN,KM. 1 JALAN KUALA TERENGGANU,21700,TERENGGANU,HULU TERENGGANU,BUKA,AWAM,KLINIK PERGIGIAN,KLINIK PERGIGIAN SEKOLAH RENDAH
21-11030292,KLINIK PERGIGIAN SEKOLAH D/A SEKOLAH MENENGAH KEBANGSAAN TENGKU AMPUAN INTAN,JALAN SEKAYU,21700,TERENGGANU,HULU TERENGGANU,BUKA,AWAM,KLINIK PERGIGIAN,KLINIK PERGIGIAN SEKOLAH MENENGAH
21-11040214D,KLINIK PERGIGIAN DI KLINIK KESIHATAN BATU 2 1/2,JALAN AIR PUTIH,24000,TERENGGANU,KEMAMAN,BUKA,AWAM,KLINIK PERGIGIAN,KLINIK PERGIGIAN DI KLINIK KESIHATAN
21-11040049D,KLINIK PERGIGIAN DI KLINIK KESIHATAN SERI BANDI,"LOT 2658, JALAN BUNGA RAYA",24200,TERENGGANU,KEMAMAN,BUKA,AWAM,KLINIK PERGIGIAN,KLINIK PERGIGIAN DI KLINIK KESIHATAN
21-11040040D,KLINIK PERGIGIAN DI KLINIK KESIHATAN KUALA KEMAMAN,"LOT 7259, JALAN KUALA KEMAMAN",24000,TERENGGANU,KEMAMAN,BUKA,AWAM,KLINIK PERGIGIAN,KLINIK PERGIGIAN DI KLINIK KESIHATAN
21-11040036D,KLINIK PERGIGIAN DI KLINIK KESIHATAN KIJAL,"LOT 2187, JALAN PANTAI PENUNJUK",24100,TERENGGANU,KEMAMAN,BUKA,AWAM,KLINIK PERGIGIAN,KLINIK PERGIGIAN DI KLINIK KESIHATAN
21-11040033D,KLINIK PERGIGIAN DI KLINIK KESIHATAN KERTEH,"LOT 455, JALAN BANDAR BARU KERTEH",24300,TERENGGANU,KEMAMAN,BUKA,AWAM,KLINIK PERGIGIAN,KLINIK PERGIGIAN DI KLINIK KESIHATAN
21-11040032D,KLINIK PERGIGIAN DI KLINIK KESIHATAN KEMASIK,"LOT 68, JALAN KUALA TERENGGANU- KEMAMAN, KEMASIK",24200,TERENGGANU,KEMAMAN,BUKA,AWAM,KLINIK PERGIGIAN,KLINIK PERGIGIAN DI KLINIK KESIHATAN
21-11040026D,KLINIK PERGIGIAN DI KLINIK KESIHATAN CHUKAI,JALAN SENTOSA,24000,TERENGGANU,KEMAMAN,BUKA,AWAM,KLINIK PERGIGIAN,KLINIK PERGIGIAN DI KLINIK KESIHATAN
21-11040025D,KLINIK PERGIGIAN DI KLINIK KESIHATAN CHENEH,LOT 168 JALAN MASJID CHENEH,24000,TERENGGANU,KEMAMAN,BUKA,AWAM,KLINIK PERGIGIAN,KLINIK PERGIGIAN DI KLINIK KESIHATAN
11-11040013D,KLINIK PERGIGIAN DI HOSPITAL KEMAMAN,JALAN DA OMAR,24000,TERENGGANU,KEMAMAN,BUKA,AWAM,KLINIK PERGIGIAN,KLINIK PERGIGIAN DI HOSPITAL
21-11040303,KLINIK PERGIGIAN SEKOLAH D/A SEKOLAH JENIS KEBANGSAAN (CINA) CHUKAI,JALAN JAKAR,24000,TERENGGANU,KEMAMAN,BUKA,AWAM,KLINIK PERGIGIAN,KLINIK PERGIGIAN SEKOLAH RENDAH
21-11040300,KLINIK PERGIGIAN SEKOLAH D/A SEKOLAH KEBANGSAAN SULTAN ISMAIL,DI HADAPAN LOT 144,24000,TERENGGANU,KEMAMAN,BUKA,AWAM,KLINIK PERGIGIAN,KLINIK PERGIGIAN SEKOLAH RENDAH
21-11040299,KLINIK PERGIGIAN SEKOLAH D/A SEKOLAH KEBANGSAAN CHUKAI,JALAN PENGHIBURAN,24000,TERENGGANU,KEMAMAN,BUKA,AWAM,KLINIK PERGIGIAN,KLINIK PERGIGIAN SEKOLAH RENDAH
21-11040302,KLINIK PERGIGIAN SEKOLAH D/A SEKOLAH MENENGAH KEBANGSAAN SULTAN ISMAIL,JALAN KEMAMAN-KUALA TERENGGANU,24000,TERENGGANU,KEMAMAN,BUKA,AWAM,KLINIK PERGIGIAN,KLINIK PERGIGIAN SEKOLAH MENENGAH
21-11040301,KLINIK PERGIGIAN SEKOLAH D/A SEKOLAH MENENGAH KEBANGSAAN CHUKAI,JALAN KUBANG KURUS,24000,TERENGGANU,KEMAMAN,BUKA,AWAM,KLINIK PERGIGIAN,KLINIK PERGIGIAN SEKOLAH MENENGAH
21-11080161D,KLINIK PERGIGIAN DI KLINIK KESIHATAN PULAU REDANG,KAMPUNG BARU PULAU REDANG,21090,TERENGGANU,KUALA NERUS,BUKA,AWAM,KLINIK PERGIGIAN,KLINIK PERGIGIAN DI KLINIK KESIHATAN
21-11050283,KLINIK PERGIGIAN SEKOLAH D/A SEKOLAH KEBANGSAAN SEBERANG TAKIR,KAMPUNG SEBERANG TAKIR,21300,TERENGGANU,KUALA NERUS,BUKA,AWAM,KLINIK PERGIGIAN,KLINIK PERGIGIAN SEKOLAH RENDAH
21-11050282,KLINIK PERGIGIAN SEKOLAH D/A SEKOLAH KEBANGSAAN MENGABANG TELIPOT,KAMPUNG MENGABANG TELIPOT,21030,TERENGGANU,KUALA NERUS,BUKA,AWAM,KLINIK PERGIGIAN,KLINIK PERGIGIAN SEKOLAH RENDAH
21-11050278,KLINIK PERGIGIAN SEKOLAH D/A SEKOLAH KEBANGSAAN BUKIT TUNGGAL,KAMPUNG BUKIT TUNGGAL,21200,TERENGGANU,KUALA NERUS,BUKA,AWAM,KLINIK PERGIGIAN,KLINIK PERGIGIAN SEKOLAH RENDAH
21-11050288,KLINIK PERGIGIAN SEKOLAH D/A SEKOLAH MENENGAH KEBANGSAAN TENGKU MIZAN ZAINAL ABIDIN,JALAN MARAS,21020,TERENGGANU,KUALA NERUS,BUKA,AWAM,KLINIK PERGIGIAN,KLINIK PERGIGIAN SEKOLAH MENENGAH
21-11050285,KLINIK PERGIGIAN SEKOLAH D/A SEKOLAH MENENGAH SAINS SULTAN MAHMUD,WAKAF TEMBESU,21300,TERENGGANU,KUALA NERUS,BUKA,AWAM,KLINIK PERGIGIAN,KLINIK PERGIGIAN SEKOLAH MENENGAH
21-11050276,KLINIK PERGIGIAN SEKOLAH D/A MAKTAB RENDAH SAINS MARA KUALA TERENGGANU,WAKAF TENGAH,21030,TERENGGANU,KUALA NERUS,BUKA,AWAM,KLINIK PERGIGIAN,KLINIK PERGIGIAN SEKOLAH MENENGAH
21-11050219,KLINIK PERGIGIAN JALAN SULTAN MAHMUD,JALAN SULTAN MAHMUD,20400,TERENGGANU,KUALA TERENGGANU,BUKA,AWAM,KLINIK PERGIGIAN,KLINIK PERGIGIAN (STANDALONE)
21-11050193,KLINIK PERGIGIAN AIR JERNIH,"LOT SHOWROOM TINGKAT BAWAH, BANGUNAN MAKSAK/PUSPANITA",20300,TERENGGANU,KUALA TERENGGANU,BUKA,AWAM,KLINIK PERGIGIAN,KLINIK PERGIGIAN (STANDALONE)
21-11050308D,KLINIK PERGIGIAN DI KLINIK KESIHATAN CHENDERING,KAMPUNG. KUBANG IKAN,21080,TERENGGANU,KUALA TERENGGANU,BUKA,AWAM,KLINIK PERGIGIAN,KLINIK PERGIGIAN DI KLINIK KESIHATAN
21-11050027D,KLINIK PERGIGIAN DI KLINIK KESIHATAN HILIRAN,JALAN KEMAJUAN,21100,TERENGGANU,KUALA TERENGGANU,BUKA,AWAM,KLINIK PERGIGIAN,KLINIK PERGIGIAN DI KLINIK KESIHATAN
11-11050009D,KLINIK PERGIGIAN DI HOSPITAL SULTANAH NUR ZAHIRAH,JALAN SULTAN MAHMUD,20300,TERENGGANU,KUALA TERENGGANU,BUKA,AWAM,KLINIK PERGIGIAN,KLINIK PERGIGIAN DI HOSPITAL
21-11050298,KLINIK PERGIGIAN SEKOLAH D/A SEKOLAH KEBANGSAAN SULTAN SULAIMAN 1,JALAN SULTAN OMAR,20300,TERENGGANU,KUALA TERENGGANU,BUKA,AWAM,KLINIK PERGIGIAN,KLINIK PERGIGIAN SEKOLAH RENDAH
21-11050297,KLINIK PERGIGIAN SEKOLAH D/A SEKOLAH JENIS KEBANGSAAN (CINA) CHUNG HWA WEI SIN,JALAN SULTAN MOHAMAD,21100,TERENGGANU,KUALA TERENGGANU,BUKA,AWAM,KLINIK PERGIGIAN,KLINIK PERGIGIAN SEKOLAH RENDAH
21-11050296,KLINIK PERGIGIAN SEKOLAH D/A SEKOLAH KEBANGSAAN TENGKU AMPUAN MARIAM,JALAN TENGKU AMPUAN MARIAM,20200,TERENGGANU,KUALA TERENGGANU,BUKA,AWAM,KLINIK PERGIGIAN,KLINIK PERGIGIAN SEKOLAH RENDAH
21-11050295,KLINIK PERGIGIAN SEKOLAH D/A SEKOLAH KEBANGSAAN PUSAT CABANG TIGA,JALAN DURIAN BURONG,21000,TERENGGANU,KUALA TERENGGANU,BUKA,AWAM,KLINIK PERGIGIAN,KLINIK PERGIGIAN SEKOLAH RENDAH
21-11050284,KLINIK PERGIGIAN SEKOLAH D/A SEKOLAH KEBANGSAAN TENGKU BARIAH,JALAN PASIR PANJANG,21100,TERENGGANU,KUALA TERENGGANU,BUKA,AWAM,KLINIK PERGIGIAN,KLINIK PERGIGIAN SEKOLAH RENDAH
21-11050281,KLINIK PERGIGIAN SEKOLAH D/A SEKOLAH KEBANGSAAN MANIR,W/P MANIR,21200,TERENGGANU,KUALA TERENGGANU,BUKA,AWAM,KLINIK PERGIGIAN,KLINIK PERGIGIAN SEKOLAH RENDAH
21-11050280,KLINIK PERGIGIAN SEKOLAH D/A SEKOLAH KEBANGSAAN PUSAT KUALA IBAI,JALAN SULTAN MAHMUD,20400,TERENGGANU,KUALA TERENGGANU,BUKA,AWAM,KLINIK PERGIGIAN,KLINIK PERGIGIAN SEKOLAH RENDAH
21-11050279,KLINIK PERGIGIAN SEKOLAH D/A SEKOLAH KEBANGSAAN CHENDERING,JALAN SK CHENDERING,21080,TERENGGANU,KUALA TERENGGANU,BUKA,AWAM,KLINIK PERGIGIAN,KLINIK PERGIGIAN SEKOLAH RENDAH
21-11050291,KLINIK PERGIGIAN SEKOLAH D/A SEKOLAH MENENGAH KEBANGSAAN PADANG MIDIN,JALAN KUALA BERANG,21400,TERENGGANU,KUALA TERENGGANU,BUKA,AWAM,KLINIK PERGIGIAN,KLINIK PERGIGIAN SEKOLAH MENENGAH
21-11050287,KLINIK PERGIGIAN SEKOLAH D/A SEKOLAH MENENGAH KEBANGSAAN TENGKU BARIAH,JALAN PASIR PANJANG,21100,TERENGGANU,KUALA TERENGGANU,BUKA,AWAM,KLINIK PERGIGIAN,KLINIK PERGIGIAN SEKOLAH MENENGAH
21-11050286,KLINIK PERGIGIAN SEKOLAH D/A SEKOLAH MENENGAH KEBANGSAAN SULTAN SULAIMAN,JALAN SULTAN MAHMUD,20400,TERENGGANU,KUALA TERENGGANU,BUKA,AWAM,KLINIK PERGIGIAN,KLINIK PERGIGIAN SEKOLAH MENENGAH
21-11050305D,KLINIK PERGIGIAN DI KLINIK KESIHATAN UTC PAYA BUNGA,"L4-UTC-03 UTC TERENGGANU, PAYA BUNGA SQUARE",20100,TERENGGANU,KUALA TERENGGANU,BUKA,AWAM,KLINIK PERGIGIAN,KLINIK PERGIGIAN DI UTC
21-11050325,KLINIK PERGIGIAN MARANG (KEPP),"D/A KLINIK PERGIGIAN MARANG (LAMA), MARANG",21600,TERENGGANU,MARANG,BUKA,AWAM,KLINIK PERGIGIAN,KLINIK PERGIGIAN (STANDALONE)
21-11060055D,KLINIK PERGIGIAN DI KLINIK KESIHATAN WAKAF TAPAI,"PT 3000, JALAN KUALA TERENGGANU- KUALA BERANG",21040,TERENGGANU,MARANG,BUKA,AWAM,KLINIK PERGIGIAN,KLINIK PERGIGIAN DI KLINIK KESIHATAN
21-11060047D,KLINIK PERGIGIAN DI KLINIK KESIHATAN PENGKALAN BERANGAN,"PT 1998, JALAN MARANG, WAKAF TAPAI",21040,TERENGGANU,MARANG,BUKA,AWAM,KLINIK PERGIGIAN,KLINIK PERGIGIAN DI KLINIK KESIHATAN
21-11060044D,KLINIK PERGIGIAN DI KLINIK KESIHATAN MERCHANG,"LOT 2943, JALAN KUALA TERENGGANU- DUNGUN",21060,TERENGGANU,MARANG,BUKA,AWAM,KLINIK PERGIGIAN,KLINIK PERGIGIAN DI KLINIK KESIHATAN
21-11060023D,KLINIK PERGIGIAN DI KLINIK KESIHATAN BUKIT PAYONG,JALAN KUALA TERENGGANU KUALA BERANG,21400,TERENGGANU,MARANG,BUKA,AWAM,KLINIK PERGIGIAN,KLINIK PERGIGIAN DI KLINIK KESIHATAN
21-11060289,KLINIK PERGIGIAN SEKOLAH D/A SEKOLAH KEBANGSAAN SEBERANG MARANG,KAMPUNG SEBERANG MARANG,21600,TERENGGANU,MARANG,BUKA,AWAM,KLINIK PERGIGIAN,KLINIK PERGIGIAN SEKOLAH RENDAH
21-11060290,KLINIK PERGIGIAN SEKOLAH D/A SEKOLAH MENENGAH KEBANGSAAN TENGKU LELA SEGARA,JALAN SUNGAI KERAK,21600,TERENGGANU,MARANG,BUKA,AWAM,KLINIK PERGIGIAN,KLINIK PERGIGIAN SEKOLAH MENENGAH
21-11070052D,KLINIK PERGIGIAN DI KLINIK KESIHATAN SUNGAI TONG,"LOT 9679, JALAN KUALA TERENGGANU, SUNGAI TONG",21500,TERENGGANU,SETIU,BUKA,AWAM,KLINIK PERGIGIAN,KLINIK PERGIGIAN DI KLINIK KESIHATAN
21-11070050D,KLINIK PERGIGIAN DI KLINIK KESIHATAN SRI LANGKAP,"LOT 10494, JALAN KUALA TERENGGANU",21500,TERENGGANU,SETIU,BUKA,AWAM,KLINIK PERGIGIAN,KLINIK PERGIGIAN DI KLINIK KESIHATAN
21-11070031D,KLINIK PERGIGIAN DI KLINIK KESIHATAN RAHMAT,"LOT 6155, JALAN KUALA TERENGGANU",21450,TERENGGANU,SETIU,BUKA,AWAM,KLINIK PERGIGIAN,KLINIK PERGIGIAN DI KLINIK KESIHATAN
21-11070020D,KLINIK PERGIGIAN DI KLINIK KESIHATAN PERMAISURI,"LOT 800, JALAN KUALA TERENGGANU, BANDAR PERMAISURI",22100,TERENGGANU,SETIU,BUKA,AWAM,KLINIK PERGIGIAN,KLINIK PERGIGIAN DI KLINIK KESIHATAN
21-14010080,KLINIK PERGIGIAN SENTUL,"189A, JALAN PERHENTIAN, OFF JALAN HAJI SALLEH",51100,WILAYAH PERSEKUTUAN KUALA LUMPUR,WILAYAH PERSEKUTUAN KUALA LUMPUR DAN PUTRAJAYA,BUKA,AWAM,KLINIK PERGIGIAN,KLINIK PERGIGIAN (STANDALONE)
21-14010053,KLINIK PERGIGIAN PULAPOL,"NO. 368, JALAN SULTAN YAHYA PETRA, PUSAT LATIHAN POLIS (PULAPOL)",54100,WILAYAH PERSEKUTUAN KUALA LUMPUR,WILAYAH PERSEKUTUAN KUALA LUMPUR DAN PUTRAJAYA,BUKA,AWAM,KLINIK PERGIGIAN,KLINIK PERGIGIAN (STANDALONE)
21-14010029,KLINIK PERGIGIAN CAHAYA SURIA (SEMENTARA),"TINGKAT 1, BANGUNAN PUDU SENTRAL, JALAN PUDU",55100,WILAYAH PERSEKUTUAN KUALA LUMPUR,WILAYAH PERSEKUTUAN KUALA LUMPUR DAN PUTRAJAYA,BUKA,AWAM,KLINIK PERGIGIAN,KLINIK PERGIGIAN (STANDALONE)
21-14010028,KLINIK PERGIGIAN BANGSAR,"LOT 68-03 & 68-04, JALAN TUN SAMBAHTHAN, BRICKFIELDS",50470,WILAYAH PERSEKUTUAN KUALA LUMPUR,WILAYAH PERSEKUTUAN KUALA LUMPUR DAN PUTRAJAYA,BUKA,AWAM,KLINIK PERGIGIAN,KLINIK PERGIGIAN (STANDALONE)
21-14010411D,KLINIK PERGIGIAN DI KLINIK KESIHATAN KUALA LUMPUR,"NO 3, JALAN TEMERLOH, OFF JALAN TUN RAZAK",53200,WILAYAH PERSEKUTUAN KUALA LUMPUR,WILAYAH PERSEKUTUAN KUALA LUMPUR DAN PUTRAJAYA,BUKA,AWAM,KLINIK PERGIGIAN,KLINIK PERGIGIAN DI KLINIK KESIHATAN
21-14010021D,KLINIK PERGIGIAN DI KLINIK KESIHATAN TANGLIN,JALAN CENDERASARI,50590,WILAYAH PERSEKUTUAN KUALA LUMPUR,WILAYAH PERSEKUTUAN KUALA LUMPUR DAN PUTRAJAYA,BUKA,AWAM,KLINIK PERGIGIAN,KLINIK PERGIGIAN DI KLINIK KESIHATAN
21-14010019D,KLINIK PERGIGIAN DI KLINIK KESIHATAN SETAPAK,"TINGKAT 1, WISMA RAMPAI, BLOK PASIFIK, JALAN 34/26, TAMAN SRI RAMPAI",53300,WILAYAH PERSEKUTUAN KUALA LUMPUR,WILAYAH PERSEKUTUAN KUALA LUMPUR DAN PUTRAJAYA,BUKA,AWAM,KLINIK PERGIGIAN,KLINIK PERGIGIAN DI KLINIK KESIHATAN
21-14010017D,KLINIK PERGIGIAN DI KLINIK KESIHATAN PETALING BAHAGIA,"BATU 6, JALAN PUCHONG",58200,WILAYAH PERSEKUTUAN KUALA LUMPUR,WILAYAH PERSEKUTUAN KUALA LUMPUR DAN PUTRAJAYA,BUKA,AWAM,KLINIK PERGIGIAN,KLINIK PERGIGIAN DI KLINIK KESIHATAN
21-14010015D,KLINIK PERGIGIAN DI KLINIK KESIHATAN KAMPUNG PANDAN,JALAN KAMPUNG PANDAN,55100,WILAYAH PERSEKUTUAN KUALA LUMPUR,WILAYAH PERSEKUTUAN KUALA LUMPUR DAN PUTRAJAYA,BUKA,AWAM,KLINIK PERGIGIAN,KLINIK PERGIGIAN DI KLINIK KESIHATAN
21-14010014D,KLINIK PERGIGIAN DI KLINIK KESIHATAN JINJANG,"NO 2, JALAN JINJANG SETIA 3, JINJANG UTARA TAMBAHAN",52000,WILAYAH PERSEKUTUAN KUALA LUMPUR,WILAYAH PERSEKUTUAN KUALA LUMPUR DAN PUTRAJAYA,BUKA,AWAM,KLINIK PERGIGIAN,KLINIK PERGIGIAN DI KLINIK KESIHATAN
21-14010013D,KLINIK PERGIGIAN DI KLINIK KESIHATAN DATO' KERAMAT,"TINGKAT 1, PT1199, JALAN ENGGANG SELATAN, TAMAN KERAMAT, DATUK KERAMAT",54200,WILAYAH PERSEKUTUAN KUALA LUMPUR,WILAYAH PERSEKUTUAN KUALA LUMPUR DAN PUTRAJAYA,BUKA,AWAM,KLINIK PERGIGIAN,KLINIK PERGIGIAN DI KLINIK KESIHATAN
21-14010012D,KLINIK PERGIGIAN DI KLINIK KESIHATAN CHERAS BARU,"JALAN 16, CHERAS BARU",56100,WILAYAH PERSEKUTUAN KUALA LUMPUR,WILAYAH PERSEKUTUAN KUALA LUMPUR DAN PUTRAJAYA,BUKA,AWAM,KLINIK PERGIGIAN,KLINIK PERGIGIAN DI KLINIK KESIHATAN
21-14010011D,KLINIK PERGIGIAN DI KLINIK KESIHATAN CHERAS,"ARAS 2, KLINIK KESIHATAN CHERAS, JALAN YAAKOB LATIF",56000,WILAYAH PERSEKUTUAN KUALA LUMPUR,WILAYAH PERSEKUTUAN KUALA LUMPUR DAN PUTRAJAYA,BUKA,AWAM,KLINIK PERGIGIAN,KLINIK PERGIGIAN DI KLINIK KESIHATAN
21-14010010D,KLINIK PERGIGIAN DI KLINIK KESIHATAN BATU MUDA,"NO 7, JALAN 3/12, TAMAN BATU MUDA",51100,WILAYAH PERSEKUTUAN KUALA LUMPUR,WILAYAH PERSEKUTUAN KUALA LUMPUR DAN PUTRAJAYA,BUKA,AWAM,KLINIK PERGIGIAN,KLINIK PERGIGIAN DI KLINIK KESIHATAN
21-14010009D,KLINIK PERGIGIAN DI KLINIK KESIHATAN BANDAR TUN RAZAK,"160 & 18, JALAN JUJUR 3, BANDAR TUN RAZAK",56000,WILAYAH PERSEKUTUAN KUALA LUMPUR,WILAYAH PERSEKUTUAN KUALA LUMPUR DAN PUTRAJAYA,BUKA,AWAM,KLINIK PERGIGIAN,KLINIK PERGIGIAN DI KLINIK KESIHATAN
11-14010410D,KLINIK PERGIGIAN DI HOSPITAL TUNKU AZIZAH,"LOT 25, JALAN RAJA MUDA ABDUL AZIZ",50300,WILAYAH PERSEKUTUAN KUALA LUMPUR,WILAYAH PERSEKUTUAN KUALA LUMPUR DAN PUTRAJAYA,BUKA,AWAM,KLINIK PERGIGIAN,KLINIK PERGIGIAN DI HOSPITAL
11-14010056D,KLINIK PERGIGIAN DI HOSPITAL REHABILITASI CHERAS,"JALAN YAACUB LATIF, BANDAR TUN RAZAK, CHERAS, KUALA LUMPUR.",56000,WILAYAH PERSEKUTUAN KUALA LUMPUR,WILAYAH PERSEKUTUAN KUALA LUMPUR DAN PUTRAJAYA,BUKA,AWAM,KLINIK PERGIGIAN,KLINIK PERGIGIAN DI HOSPITAL
11-14010002D,KLINIK PERGIGIAN DI HOSPITAL KUALA LUMPUR,JALAN PAHANG,50586,WILAYAH PERSEKUTUAN KUALA LUMPUR,WILAYAH PERSEKUTUAN KUALA LUMPUR DAN PUTRAJAYA,BUKA,AWAM,KLINIK PERGIGIAN,KLINIK PERGIGIAN DI HOSPITAL
21-14010400,KLINIK PERGIGIAN SEKOLAH D/A SEKOLAH KEBANGSAAN YAACOB LATIF 1,JALAN PEEL CHERAS,55100,WILAYAH PERSEKUTUAN KUALA LUMPUR,WILAYAH PERSEKUTUAN KUALA LUMPUR DAN PUTRAJAYA,BUKA,AWAM,KLINIK PERGIGIAN,KLINIK PERGIGIAN SEKOLAH RENDAH
21-14010399,KLINIK PERGIGIAN SEKOLAH D/A SEKOLAH KEBANGSAAN WANGSA MAJU ZON R10,"SEKSYEN 10, WANGSA MAJU",53300,WILAYAH PERSEKUTUAN KUALA LUMPUR,WILAYAH PERSEKUTUAN KUALA LUMPUR DAN PUTRAJAYA,BUKA,AWAM,KLINIK PERGIGIAN,KLINIK PERGIGIAN SEKOLAH RENDAH
21-14010398,KLINIK PERGIGIAN SEKOLAH D/A SEKOLAH KEBANGSAAN TAMAN MIDAH 2,"JALAN MIDAH 12, TAMAN MIDAH CHERAS",56000,WILAYAH PERSEKUTUAN KUALA LUMPUR,WILAYAH PERSEKUTUAN KUALA LUMPUR DAN PUTRAJAYA,BUKA,AWAM,KLINIK PERGIGIAN,KLINIK PERGIGIAN SEKOLAH RENDAH
21-14010397,KLINIK PERGIGIAN SEKOLAH D/A SEKOLAH KEBANGSAAN TAMAN KOPERASI POLIS,"TAMAN KOPERASI POLIS FASA 2, BATU CAVES",68100,WILAYAH PERSEKUTUAN KUALA LUMPUR,WILAYAH PERSEKUTUAN KUALA LUMPUR DAN PUTRAJAYA,BUKA,AWAM,KLINIK PERGIGIAN,KLINIK PERGIGIAN SEKOLAH RENDAH
21-14010396,KLINIK PERGIGIAN SEKOLAH D/A SEKOLAH KEBANGSAAN JALAN SUNGAI BESI 1,"BATU 3 3/4, JALAN SUNGAI BESI",57100,WILAYAH PERSEKUTUAN KUALA LUMPUR,WILAYAH PERSEKUTUAN KUALA LUMPUR DAN PUTRAJAYA,BUKA,AWAM,KLINIK PERGIGIAN,KLINIK PERGIGIAN SEKOLAH RENDAH
21-14010395,KLINIK PERGIGIAN SEKOLAH D/A SEKOLAH KEBANGSAAN ST. MARY,"JALAN INTAN BAIDURI 5D, TAMAN INTAN BAIDURI",52100,WILAYAH PERSEKUTUAN KUALA LUMPUR,WILAYAH PERSEKUTUAN KUALA LUMPUR DAN PUTRAJAYA,BUKA,AWAM,KLINIK PERGIGIAN,KLINIK PERGIGIAN SEKOLAH RENDAH
21-14010394,KLINIK PERGIGIAN SEKOLAH D/A SEKOLAH KEBANGSAAN ST. GABRIEL,JALAN PERWIRA,55100,WILAYAH PERSEKUTUAN KUALA LUMPUR,WILAYAH PERSEKUTUAN KUALA LUMPUR DAN PUTRAJAYA,BUKA,AWAM,KLINIK PERGIGIAN,KLINIK PERGIGIAN SEKOLAH RENDAH
21-14010393,KLINIK PERGIGIAN SEKOLAH D/A SEKOLAH KEBANGSAAN SETIAWANGSA,JALAN SETIAWANGSA 13,54200,WILAYAH PERSEKUTUAN KUALA LUMPUR,WILAYAH PERSEKUTUAN KUALA LUMPUR DAN PUTRAJAYA,BUKA,AWAM,KLINIK PERGIGIAN,KLINIK PERGIGIAN SEKOLAH RENDAH
21-14010392,KLINIK PERGIGIAN SEKOLAH D/A SEKOLAH KEBANGSAAN TAMAN SERI RAMPAI,"JALAN 65/26, TAMAN SERI RAMPAI",53300,WILAYAH PERSEKUTUAN KUALA LUMPUR,WILAYAH PERSEKUTUAN KUALA LUMPUR DAN PUTRAJAYA,BUKA,AWAM,KLINIK PERGIGIAN,KLINIK PERGIGIAN SEKOLAH RENDAH
21-14010391,KLINIK PERGIGIAN SEKOLAH D/A SEKOLAH KEBANGSAAN SERI MURNI,"JALAN 1/2B, TAMAN SERI MURNI",68100,WILAYAH PERSEKUTUAN KUALA LUMPUR,WILAYAH PERSEKUTUAN KUALA LUMPUR DAN PUTRAJAYA,BUKA,AWAM,KLINIK PERGIGIAN,KLINIK PERGIGIAN SEKOLAH RENDAH
21-14010390,KLINIK PERGIGIAN SEKOLAH D/A SEKOLAH KEBANGSAAN SERI DELIMA,KAMPUNG BATU JALAN IPOH,52000,WILAYAH PERSEKUTUAN KUALA LUMPUR,WILAYAH PERSEKUTUAN KUALA LUMPUR DAN PUTRAJAYA,BUKA,AWAM,KLINIK PERGIGIAN,KLINIK PERGIGIAN SEKOLAH RENDAH
21-14010389,KLINIK PERGIGIAN SEKOLAH D/A SEKOLAH KEBANGSAAN SENTUL 1,"JALAN SENTUL, SENTUL",51100,WILAYAH PERSEKUTUAN KUALA LUMPUR,WILAYAH PERSEKUTUAN KUALA LUMPUR DAN PUTRAJAYA,BUKA,AWAM,KLINIK PERGIGIAN,KLINIK PERGIGIAN SEKOLAH RENDAH
21-14010388,KLINIK PERGIGIAN SEKOLAH D/A SEKOLAH KEBANGSAAN SALAK SOUTH,"JALAN GEMPITA 1, TAMAN SALAK SELATAN",57100,WILAYAH PERSEKUTUAN KUALA LUMPUR,WILAYAH PERSEKUTUAN KUALA LUMPUR DAN PUTRAJAYA,BUKA,AWAM,KLINIK PERGIGIAN,KLINIK PERGIGIAN SEKOLAH RENDAH
21-14010387,KLINIK PERGIGIAN SEKOLAH D/A SEKOLAH KEBANGSAAN PUTERI PANDAN 1,"JALAN PERWIRA, KAMPUNG PANDAN",55100,WILAYAH PERSEKUTUAN KUALA LUMPUR,WILAYAH PERSEKUTUAN KUALA LUMPUR DAN PUTRAJAYA,BUKA,AWAM,KLINIK PERGIGIAN,KLINIK PERGIGIAN SEKOLAH RENDAH
21-14010386,KLINIK PERGIGIAN SEKOLAH D/A SEKOLAH KEBANGSAAN POLIS DEPOT,JALAN SULTAN YAHYA PETRA,50410,WILAYAH PERSEKUTUAN KUALA LUMPUR,WILAYAH PERSEKUTUAN KUALA LUMPUR DAN PUTRAJAYA,BUKA,AWAM,KLINIK PERGIGIAN,KLINIK PERGIGIAN SEKOLAH RENDAH
21-14010385,KLINIK PERGIGIAN SEKOLAH D/A SEKOLAH KEBANGSAAN PETALING 1,"BATU 6, JALAN KELANG LAMA",58000,WILAYAH PERSEKUTUAN KUALA LUMPUR,WILAYAH PERSEKUTUAN KUALA LUMPUR DAN PUTRAJAYA,BUKA,AWAM,KLINIK PERGIGIAN,KLINIK PERGIGIAN SEKOLAH RENDAH
21-14010384,KLINIK PERGIGIAN SEKOLAH D/A SEKOLAH KEBANGSAAN PENGKALAN TENTERA DARAT,"JALAN JOHOR, KEM SUNGAI BESI",57000,WILAYAH PERSEKUTUAN KUALA LUMPUR,WILAYAH PERSEKUTUAN KUALA LUMPUR DAN PUTRAJAYA,BUKA,AWAM,KLINIK PERGIGIAN,KLINIK PERGIGIAN SEKOLAH RENDAH
21-14010383,KLINIK PERGIGIAN SEKOLAH D/A SEKOLAH KEBANGSAAN LA SALLE 1 BRICKFIELDS,JALAN TUN SAMBANTHAN,50470,WILAYAH PERSEKUTUAN KUALA LUMPUR,WILAYAH PERSEKUTUAN KUALA LUMPUR DAN PUTRAJAYA,BUKA,AWAM,KLINIK PERGIGIAN,KLINIK PERGIGIAN SEKOLAH RENDAH
21-14010382,KLINIK PERGIGIAN SEKOLAH D/A SEKOLAH KEBANGSAAN KEPONG BARU,"JALAN API API 4, TAMAN KEPONG",52100,WILAYAH PERSEKUTUAN KUALA LUMPUR,WILAYAH PERSEKUTUAN KUALA LUMPUR DAN PUTRAJAYA,BUKA,AWAM,KLINIK PERGIGIAN,KLINIK PERGIGIAN SEKOLAH RENDAH
21-14010381,KLINIK PERGIGIAN SEKOLAH D/A SEKOLAH KEBANGSAAN KAMPUNG BHARU,"JALAN DATUK ABDUL RAZAK, KAMPUNG BHARU",50300,WILAYAH PERSEKUTUAN KUALA LUMPUR,WILAYAH PERSEKUTUAN KUALA LUMPUR DAN PUTRAJAYA,BUKA,AWAM,KLINIK PERGIGIAN,KLINIK PERGIGIAN SEKOLAH RENDAH
21-14010380,KLINIK PERGIGIAN SEKOLAH D/A SEKOLAH KEBANGSAAN (P) PUDU 1,"JALAN FOSS, PUDU",55200,WILAYAH PERSEKUTUAN KUALA LUMPUR,WILAYAH PERSEKUTUAN KUALA LUMPUR DAN PUTRAJAYA,BUKA,AWAM,KLINIK PERGIGIAN,KLINIK PERGIGIAN SEKOLAH RENDAH
21-14010379,KLINIK PERGIGIAN SEKOLAH D/A SEKOLAH KEBANGSAAN JALAN PASAR 1,JALAN RUSA,55100,WILAYAH PERSEKUTUAN KUALA LUMPUR,WILAYAH PERSEKUTUAN KUALA LUMPUR DAN PUTRAJAYA,BUKA,AWAM,KLINIK PERGIGIAN,KLINIK PERGIGIAN SEKOLAH RENDAH
21-14010378,KLINIK PERGIGIAN SEKOLAH D/A SEKOLAH KEBANGSAAN SULTAN HISHAMUDDIN ALAM SHAH,JALAN SULTAN SALAHUDDIN,50480,WILAYAH PERSEKUTUAN KUALA LUMPUR,WILAYAH PERSEKUTUAN KUALA LUMPUR DAN PUTRAJAYA,BUKA,AWAM,KLINIK PERGIGIAN,KLINIK PERGIGIAN SEKOLAH RENDAH
21-14010377,KLINIK PERGIGIAN SEKOLAH D/A SEKOLAH KEBANGSAAN JALAN HANG TUAH 1,JALAN HANG TUAH,55200,WILAYAH PERSEKUTUAN KUALA LUMPUR,WILAYAH PERSEKUTUAN KUALA LUMPUR DAN PUTRAJAYA,BUKA,AWAM,KLINIK PERGIGIAN,KLINIK PERGIGIAN SEKOLAH RENDAH
21-14010376,KLINIK PERGIGIAN SEKOLAH D/A SEKOLAH KEBANGSAAN DESA TUN HUSSEIN ONN,JALAN JELATEK,54200,WILAYAH PERSEKUTUAN KUALA LUMPUR,WILAYAH PERSEKUTUAN KUALA LUMPUR DAN PUTRAJAYA,BUKA,AWAM,KLINIK PERGIGIAN,KLINIK PERGIGIAN SEKOLAH RENDAH
21-14010375,KLINIK PERGIGIAN SEKOLAH D/A SEKOLAH KEBANGSAAN DESA PANDAN,JALAN 4/76 DESA PANDAN,55100,WILAYAH PERSEKUTUAN KUALA LUMPUR,WILAYAH PERSEKUTUAN KUALA LUMPUR DAN PUTRAJAYA,BUKA,AWAM,KLINIK PERGIGIAN,KLINIK PERGIGIAN SEKOLAH RENDAH
21-14010374,KLINIK PERGIGIAN SEKOLAH D/A SEKOLAH KEBANGSAAN DATO ABU BAKAR,JALAN DAVIS,55100,WILAYAH PERSEKUTUAN KUALA LUMPUR,WILAYAH PERSEKUTUAN KUALA LUMPUR DAN PUTRAJAYA,BUKA,AWAM,KLINIK PERGIGIAN,KLINIK PERGIGIAN SEKOLAH RENDAH
21-14010373,KLINIK PERGIGIAN SEKOLAH D/A SEKOLAH KEBANGSAAN CONVENT SENTUL 1,"JALAN TANAH LAPANG, SENTUL",51000,WILAYAH PERSEKUTUAN KUALA LUMPUR,WILAYAH PERSEKUTUAN KUALA LUMPUR DAN PUTRAJAYA,BUKA,AWAM,KLINIK PERGIGIAN,KLINIK PERGIGIAN SEKOLAH RENDAH
21-14010372,KLINIK PERGIGIAN SEKOLAH D/A SEKOLAH KEBANGSAAN CONVENT 1 BUKIT NANAS,JALAN BUKIT NANAS,50250,WILAYAH PERSEKUTUAN KUALA LUMPUR,WILAYAH PERSEKUTUAN KUALA LUMPUR DAN PUTRAJAYA,BUKA,AWAM,KLINIK PERGIGIAN,KLINIK PERGIGIAN SEKOLAH RENDAH
21-14010371,KLINIK PERGIGIAN SEKOLAH D/A SEKOLAH KEBANGSAAN BRICKFIELDS 2,"JALAN SULTAN ABDUL SAMAD, BRICKFIELDS",50470,WILAYAH PERSEKUTUAN KUALA LUMPUR,WILAYAH PERSEKUTUAN KUALA LUMPUR DAN PUTRAJAYA,BUKA,AWAM,KLINIK PERGIGIAN,KLINIK PERGIGIAN SEKOLAH RENDAH
21-14010370,KLINIK PERGIGIAN SEKOLAH D/A SEKOLAH KEBANGSAAN BANGSAR,JALAN PANTAI BARU,59100,WILAYAH PERSEKUTUAN KUALA LUMPUR,WILAYAH PERSEKUTUAN KUALA LUMPUR DAN PUTRAJAYA,BUKA,AWAM,KLINIK PERGIGIAN,KLINIK PERGIGIAN SEKOLAH RENDAH
21-14010369,KLINIK PERGIGIAN SEKOLAH D/A SEKOLAH KEBANGSAAN AU KERAMAT,"JALAN 5/56 AU3, TAMAN KERAMAT",54200,WILAYAH PERSEKUTUAN KUALA LUMPUR,WILAYAH PERSEKUTUAN KUALA LUMPUR DAN PUTRAJAYA,BUKA,AWAM,KLINIK PERGIGIAN,KLINIK PERGIGIAN SEKOLAH RENDAH
21-14010368,KLINIK PERGIGIAN SEKOLAH D/A SEKOLAH KEBANGSAAN JALAN AIR PANAS,"JALAN AIR PANAS, SETAPAK",53200,WILAYAH PERSEKUTUAN KUALA LUMPUR,WILAYAH PERSEKUTUAN KUALA LUMPUR DAN PUTRAJAYA,BUKA,AWAM,KLINIK PERGIGIAN,KLINIK PERGIGIAN SEKOLAH RENDAH
21-14010366,KLINIK PERGIGIAN SEKOLAH D/A SEKOLAH KEBANGSAAN (P) JALAN BATU,JALAN SULTAN ISMAIL,50350,WILAYAH PERSEKUTUAN KUALA LUMPUR,WILAYAH PERSEKUTUAN KUALA LUMPUR DAN PUTRAJAYA,BUKA,AWAM,KLINIK PERGIGIAN,KLINIK PERGIGIAN SEKOLAH RENDAH
21-14010365,KLINIK PERGIGIAN SEKOLAH D/A SEKOLAH KEBANGSAAN METHODIST (L) JLN HANG JEBAT,JALAN HANG JEBAT,50150,WILAYAH PERSEKUTUAN KUALA LUMPUR,WILAYAH PERSEKUTUAN KUALA LUMPUR DAN PUTRAJAYA,BUKA,AWAM,KLINIK PERGIGIAN,KLINIK PERGIGIAN SEKOLAH RENDAH
21-14010363,KLINIK PERGIGIAN SEKOLAH D/A SEKOLAH KEBANGSAAN (L) JALAN BATU,JALAN RAJA LAUT,50350,WILAYAH PERSEKUTUAN KUALA LUMPUR,WILAYAH PERSEKUTUAN KUALA LUMPUR DAN PUTRAJAYA,BUKA,AWAM,KLINIK PERGIGIAN,KLINIK PERGIGIAN SEKOLAH RENDAH
21-14010362,KLINIK PERGIGIAN SEKOLAH D/A SEKOLAH JENIS KEBANGSAAN (CINA) TSUN JIN,JALAN PERWIRA,55100,WILAYAH PERSEKUTUAN KUALA LUMPUR,WILAYAH PERSEKUTUAN KUALA LUMPUR DAN PUTRAJAYA,BUKA,AWAM,KLINIK PERGIGIAN,KLINIK PERGIGIAN SEKOLAH RENDAH
21-14010361,KLINIK PERGIGIAN SEKOLAH D/A SEKOLAH JENIS KEBANGSAAN (CINA) TAMAN CONNAUGHT,JALAN GELIGA CHERAS,56000,WILAYAH PERSEKUTUAN KUALA LUMPUR,WILAYAH PERSEKUTUAN KUALA LUMPUR DAN PUTRAJAYA,BUKA,AWAM,KLINIK PERGIGIAN,KLINIK PERGIGIAN SEKOLAH RENDAH
21-14010360,KLINIK PERGIGIAN SEKOLAH D/A SEKOLAH JENIS KEBANGSAAN (CINA) TAI THUNG,SALAK SOUTH,57100,WILAYAH PERSEKUTUAN KUALA LUMPUR,WILAYAH PERSEKUTUAN KUALA LUMPUR DAN PUTRAJAYA,BUKA,AWAM,KLINIK PERGIGIAN,KLINIK PERGIGIAN SEKOLAH RENDAH
21-14010359,KLINIK PERGIGIAN SEKOLAH D/A SEKOLAH JENIS KEBANGSAAN (CINA) SALAK SOUTH,"JALAN 38, SALAK SOUTH BARU",57100,WILAYAH PERSEKUTUAN KUALA LUMPUR,WILAYAH PERSEKUTUAN KUALA LUMPUR DAN PUTRAJAYA,BUKA,AWAM,KLINIK PERGIGIAN,KLINIK PERGIGIAN SEKOLAH RENDAH
21-14010358,KLINIK PERGIGIAN SEKOLAH D/A SEKOLAH JENIS KEBANGSAAN (CINA) NAAM KHEUNG,BATU 31/2 JALAN CHERAS,56000,WILAYAH PERSEKUTUAN KUALA LUMPUR,WILAYAH PERSEKUTUAN KUALA LUMPUR DAN PUTRAJAYA,BUKA,AWAM,KLINIK PERGIGIAN,KLINIK PERGIGIAN SEKOLAH RENDAH
21-14010357,KLINIK PERGIGIAN SEKOLAH D/A SEKOLAH JENIS KEBANGSAAN (CINA) MUN CHOONG,"BATU 5, JALAN SULTAN AZLAN SHAH, KAMPUNG BATU",51200,WILAYAH PERSEKUTUAN KUALA LUMPUR,WILAYAH PERSEKUTUAN KUALA LUMPUR DAN PUTRAJAYA,BUKA,AWAM,KLINIK PERGIGIAN,KLINIK PERGIGIAN SEKOLAH RENDAH
21-14010356,KLINIK PERGIGIAN SEKOLAH D/A SEKOLAH JENIS KEBANGSAAN (CINA) LAI MENG,"NO. 1, BLOK B, SEKOLAH LAI MENG, JALAN 15/155C, BANDAR BKT JALIL",57000,WILAYAH PERSEKUTUAN KUALA LUMPUR,WILAYAH PERSEKUTUAN KUALA LUMPUR DAN PUTRAJAYA,BUKA,AWAM,KLINIK PERGIGIAN,KLINIK PERGIGIAN SEKOLAH RENDAH
21-14010355,KLINIK PERGIGIAN SEKOLAH D/A SEKOLAH JENIS KEBANGSAAN (CINA) KUEN CHENG 1,JALAN BELFIELD,50460,WILAYAH PERSEKUTUAN KUALA LUMPUR,WILAYAH PERSEKUTUAN KUALA LUMPUR DAN PUTRAJAYA,BUKA,AWAM,KLINIK PERGIGIAN,KLINIK PERGIGIAN SEKOLAH RENDAH
21-14010354,KLINIK PERGIGIAN SEKOLAH D/A SEKOLAH JENIS KEBANGSAAN (CINA) KEPONG 1,"JALAN BESAR KEPONG, BELAKANG BALAI POLIS KEPONG",52100,WILAYAH PERSEKUTUAN KUALA LUMPUR,WILAYAH PERSEKUTUAN KUALA LUMPUR DAN PUTRAJAYA,BUKA,AWAM,KLINIK PERGIGIAN,KLINIK PERGIGIAN SEKOLAH RENDAH
21-14010353,KLINIK PERGIGIAN SEKOLAH D/A SEKOLAH JENIS KEBANGSAAN (CINA) JINJANG UTARA,"JALAN JINJANG DAMAI 1, JINJANG UTARA",52000,WILAYAH PERSEKUTUAN KUALA LUMPUR,WILAYAH PERSEKUTUAN KUALA LUMPUR DAN PUTRAJAYA,BUKA,AWAM,KLINIK PERGIGIAN,KLINIK PERGIGIAN SEKOLAH RENDAH
21-14010352,KLINIK PERGIGIAN SEKOLAH D/A SEKOLAH JENIS KEBANGSAAN (CINA) JINJANG TENGAH 1,"JALAN JINJANG PERMAI 8, JINJANG UTARA",52000,WILAYAH PERSEKUTUAN KUALA LUMPUR,WILAYAH PERSEKUTUAN KUALA LUMPUR DAN PUTRAJAYA,BUKA,AWAM,KLINIK PERGIGIAN,KLINIK PERGIGIAN SEKOLAH RENDAH
21-14010351,KLINIK PERGIGIAN SEKOLAH D/A SEKOLAH JENIS KEBANGSAAN (CINA) JINJANG SELATAN,"JALAN JAMBU GAJUS, JINJANG SELATAN",52000,WILAYAH PERSEKUTUAN KUALA LUMPUR,WILAYAH PERSEKUTUAN KUALA LUMPUR DAN PUTRAJAYA,BUKA,AWAM,KLINIK PERGIGIAN,KLINIK PERGIGIAN SEKOLAH RENDAH
21-14010350,KLINIK PERGIGIAN SEKOLAH D/A SEKOLAH JENIS KEBANGSAAN (CINA) JALAN DAVIDSON,JALAN HANG JEBAT,50150,WILAYAH PERSEKUTUAN KUALA LUMPUR,WILAYAH PERSEKUTUAN KUALA LUMPUR DAN PUTRAJAYA,BUKA,AWAM,KLINIK PERGIGIAN,KLINIK PERGIGIAN SEKOLAH RENDAH
21-14010349,KLINIK PERGIGIAN SEKOLAH D/A SEKOLAH JENIS KEBANGSAAN (CINA) CONFUCIAN,"6 KM, JALAN SUNGAI BESI",57100,WILAYAH PERSEKUTUAN KUALA LUMPUR,WILAYAH PERSEKUTUAN KUALA LUMPUR DAN PUTRAJAYA,BUKA,AWAM,KLINIK PERGIGIAN,KLINIK PERGIGIAN SEKOLAH RENDAH
21-14010348,KLINIK PERGIGIAN SEKOLAH D/A SEKOLAH JENIS KEBANGSAAN (CINA) CHUNG KWOK,JALAN MERPATI OFF JALAN RAJA LAUT,50350,WILAYAH PERSEKUTUAN KUALA LUMPUR,WILAYAH PERSEKUTUAN KUALA LUMPUR DAN PUTRAJAYA,BUKA,AWAM,KLINIK PERGIGIAN,KLINIK PERGIGIAN SEKOLAH RENDAH
21-14010347,KLINIK PERGIGIAN SEKOLAH D/A SEKOLAH JENIS KEBANGSAAN (CINA) CHONG HWA,"JALAN PAHANG, SETAPAK",55000,WILAYAH PERSEKUTUAN KUALA LUMPUR,WILAYAH PERSEKUTUAN KUALA LUMPUR DAN PUTRAJAYA,BUKA,AWAM,KLINIK PERGIGIAN,KLINIK PERGIGIAN SEKOLAH RENDAH
21-14010346,KLINIK PERGIGIAN SEKOLAH D/A SEKOLAH JENIS KEBANGSAAN (CINA) CHIN WOO,JALAN PASAR,55100,WILAYAH PERSEKUTUAN KUALA LUMPUR,WILAYAH PERSEKUTUAN KUALA LUMPUR DAN PUTRAJAYA,BUKA,AWAM,KLINIK PERGIGIAN,KLINIK PERGIGIAN SEKOLAH RENDAH
21-14010409,KLINIK PERGIGIAN SEKOLAH D/A SEKOLAH MENENGAH KEBANGSAAN TAMAN CONNAUGHT,"JALAN AHLIMAN, TAMAN CONNAUGHT",56000,WILAYAH PERSEKUTUAN KUALA LUMPUR,WILAYAH PERSEKUTUAN KUALA LUMPUR DAN PUTRAJAYA,BUKA,AWAM,KLINIK PERGIGIAN,KLINIK PERGIGIAN SEKOLAH MENENGAH
21-14010408,KLINIK PERGIGIAN SEKOLAH D/A SEKOLAH MENENGAH SAINS SELANGOR,JALAN YAACOB LATIF,56000,WILAYAH PERSEKUTUAN KUALA LUMPUR,WILAYAH PERSEKUTUAN KUALA LUMPUR DAN PUTRAJAYA,BUKA,AWAM,KLINIK PERGIGIAN,KLINIK PERGIGIAN SEKOLAH MENENGAH
21-14010407,KLINIK PERGIGIAN SEKOLAH D/A SEKOLAH MENENGAH KEBANGSAAN PUTERI WILAYAH,JALAN DEWAN SULTAN SULAIMAN,50300,WILAYAH PERSEKUTUAN KUALA LUMPUR,WILAYAH PERSEKUTUAN KUALA LUMPUR DAN PUTRAJAYA,BUKA,AWAM,KLINIK PERGIGIAN,KLINIK PERGIGIAN SEKOLAH MENENGAH
21-14010405,KLINIK PERGIGIAN SEKOLAH D/A SEKOLAH MENENGAH KEBANGSAAN SERI SAUJANA,"JALAN MESRA RIA, BANDAR BARU SERI PETALING",57000,WILAYAH PERSEKUTUAN KUALA LUMPUR,WILAYAH PERSEKUTUAN KUALA LUMPUR DAN PUTRAJAYA,BUKA,AWAM,KLINIK PERGIGIAN,KLINIK PERGIGIAN SEKOLAH MENENGAH
21-14010404,KLINIK PERGIGIAN SEKOLAH D/A SEKOLAH MENENGAH KEBANGSAAN PUTERI AMPANG,JALAN AMPANG,55000,WILAYAH PERSEKUTUAN KUALA LUMPUR,WILAYAH PERSEKUTUAN KUALA LUMPUR DAN PUTRAJAYA,BUKA,AWAM,KLINIK PERGIGIAN,KLINIK PERGIGIAN SEKOLAH MENENGAH
21-14010403,KLINIK PERGIGIAN SEKOLAH D/A SEKOLAH MENENGAH KEBANGSAAN PETALING,"BATU 6, JALAN KELANG LAMA",58200,WILAYAH PERSEKUTUAN KUALA LUMPUR,WILAYAH PERSEKUTUAN KUALA LUMPUR DAN PUTRAJAYA,BUKA,AWAM,KLINIK PERGIGIAN,KLINIK PERGIGIAN SEKOLAH MENENGAH
21-14010402,KLINIK PERGIGIAN SEKOLAH D/A SEKOLAH MENENGAH KEBANGSAAN DATO' IBRAHIM YAACOB,"BATU 5, JALAN IPOH",52100,WILAYAH PERSEKUTUAN KUALA LUMPUR,WILAYAH PERSEKUTUAN KUALA LUMPUR DAN PUTRAJAYA,BUKA,AWAM,KLINIK PERGIGIAN,KLINIK PERGIGIAN SEKOLAH MENENGAH
21-14010401,KLINIK PERGIGIAN SEKOLAH D/A SEKOLAH MENENGAH KEBANGSAAN (P) AIR PANAS,"JALAN AIR PANAS, SETAPAK",53200,WILAYAH PERSEKUTUAN KUALA LUMPUR,WILAYAH PERSEKUTUAN KUALA LUMPUR DAN PUTRAJAYA,BUKA,AWAM,KLINIK PERGIGIAN,KLINIK PERGIGIAN SEKOLAH MENENGAH
21-14010416,KLINIK PERGIGIAN MINI UTC SENTUL,"ARAS 3 , BANGUNAN MINI UTC SENTUL, BANDAR BARU SENTUL",51000,WILAYAH PERSEKUTUAN KUALA LUMPUR,WILAYAH PERSEKUTUAN KUALA LUMPUR DAN PUTRAJAYA,BUKA,AWAM,KLINIK PERGIGIAN,KLINIK PERGIGIAN DI UTC
21-14010069D,KLINIK PERGIGIAN DI KLINIK KESIHATAN UTC PUDU SENTRAL,"LOT A42- A46, ARAS G, BANGUNAN UTC PUDU SENTRAL",50150,WILAYAH PERSEKUTUAN KUALA LUMPUR,WILAYAH PERSEKUTUAN KUALA LUMPUR DAN PUTRAJAYA,BUKA,AWAM,KLINIK PERGIGIAN,KLINIK PERGIGIAN DI UTC
21-15010035,KLINIK PERGIGIAN LAJAU,PETI SURAT 80832,87018,WILAYAH PERSEKUTUAN LABUAN,WILAYAH PERSEKUTUAN LABUAN,BUKA,AWAM,KLINIK PERGIGIAN,KLINIK PERGIGIAN (STANDALONE)
21-15010004D,KLINIK PERGIGIAN DI KLINIK KESIHATAN LABUAN,"JALAN HOSPITAL, PETI SURAT 80544",87014,WILAYAH PERSEKUTUAN LABUAN,WILAYAH PERSEKUTUAN LABUAN,BUKA,AWAM,KLINIK PERGIGIAN,KLINIK PERGIGIAN DI KLINIK KESIHATAN
11-15010003D,KLINIK PERGIGIAN DI HOSPITAL LABUAN,"JALAN MOHAMAD SALLEH, PETI SURAT 81006",87018,WILAYAH PERSEKUTUAN LABUAN,WILAYAH PERSEKUTUAN LABUAN,BUKA,AWAM,KLINIK PERGIGIAN,KLINIK PERGIGIAN DI HOSPITAL
21-15010026,KLINIK PERGIGIAN SEKOLAH D/A SEKOLAH JENIS KEBANGSAAN (CINA) CHI WEN,PETI SURAT 81142,87021,WILAYAH PERSEKUTUAN LABUAN,WILAYAH PERSEKUTUAN LABUAN,BUKA,AWAM,KLINIK PERGIGIAN,KLINIK PERGIGIAN SEKOLAH RENDAH
21-15010024,KLINIK PERGIGIAN SEKOLAH D/A SEKOLAH KEBANGSAAN PEKAN II,PETI SURAT 81737,87027,WILAYAH PERSEKUTUAN LABUAN,WILAYAH PERSEKUTUAN LABUAN,BUKA,AWAM,KLINIK PERGIGIAN,KLINIK PERGIGIAN SEKOLAH RENDAH
21-15010023,KLINIK PERGIGIAN SEKOLAH D/A SEKOLAH KEBANGSAAN PEKAN 1,PETI SURAT 81104,87021,WILAYAH PERSEKUTUAN LABUAN,WILAYAH PERSEKUTUAN LABUAN,BUKA,AWAM,KLINIK PERGIGIAN,KLINIK PERGIGIAN SEKOLAH RENDAH
21-15010019D,KLINIK PERGIGIAN DI KLINIK KOMUNITI TAMAN MUTIARA,"DEWAN SERBAGUNA BLOK L, TAMAN MUTIARA",87008,WILAYAH PERSEKUTUAN LABUAN,WILAYAH PERSEKUTUAN LABUAN,BUKA,AWAM,KLINIK PERGIGIAN,KLINIK PERGIGIAN DI KLINIK KOMUNITI
21-15010027D,KLINIK PERGIGIAN DI KLINIK KESIHATAN UTC LABUAN,"LOT G5, ARAS BAWAH, UTC LABUAN, PASAR CENTRAL LABUAN",87000,WILAYAH PERSEKUTUAN LABUAN,WILAYAH PERSEKUTUAN LABUAN,BUKA,AWAM,KLINIK PERGIGIAN,KLINIK PERGIGIAN DI UTC
21-16010077,KLINIK PERGIGIAN PUSPANITA,"LOT PT 2280, 2283, PERSIARAN SERI PERDANA, PRESINT 10",62200,WILAYAH PERSEKUTUAN PUTRAJAYA,WILAYAH PERSEKUTUAN PUTRAJAYA,BUKA,AWAM,KLINIK PERGIGIAN,KLINIK PERGIGIAN (STANDALONE)
21-16010010D,KLINIK PERGIGIAN DI KLINIK KESIHATAN PUTRAJAYA PRESINT 18,"KLINIK PERGIGIAN PUTRAJAYA PRESINT 18, TINGKAT 1, JALAN P18 C1, PRESINT 18",62150,WILAYAH PERSEKUTUAN PUTRAJAYA,WILAYAH PERSEKUTUAN PUTRAJAYA,BUKA,AWAM,KLINIK PERGIGIAN,KLINIK PERGIGIAN DI KLINIK KESIHATAN
21-16010003D,KLINIK PERGIGIAN DI KLINIK KESIHATAN PUTRAJAYA PRESINT 9,"JALAN P9/E, PRESINT 9",62250,WILAYAH PERSEKUTUAN PUTRAJAYA,WILAYAH PERSEKUTUAN PUTRAJAYA,BUKA,AWAM,KLINIK PERGIGIAN,KLINIK PERGIGIAN DI KLINIK KESIHATAN
11-16010075D,KLINIK PERGIGIAN DI INSTITUT KANSER NEGARA,"KEMENTERIAN KESIHATAN MALAYSIA, NO 4. JALAN P 7, PRESINT 7",62250,WILAYAH PERSEKUTUAN PUTRAJAYA,WILAYAH PERSEKUTUAN PUTRAJAYA,BUKA,AWAM,KLINIK PERGIGIAN,KLINIK PERGIGIAN DI HOSPITAL
11-16010002D,KLINIK PERGIGIAN DI HOSPITAL PUTRAJAYA,PUSAT PENTADBIRAN KERAJAAN PERSEKUTUAN PRESINT 7,62250,WILAYAH PERSEKUTUAN PUTRAJAYA,WILAYAH PERSEKUTUAN PUTRAJAYA,BUKA,AWAM,KLINIK PERGIGIAN,KLINIK PERGIGIAN DI HOSPITAL
31-16010011D,PUSAT PEMERIKSAAN KESIHATAN PENJAWAT AWAM,PRESINT 3,62210,WILAYAH PERSEKUTUAN PUTRAJAYA,WILAYAH PERSEKUTUAN PUTRAJAYA,BUKA,AWAM,KLINIK PERGIGIAN,KLINIK PERGIGIAN DI INSTITUSI LAIN
31-06040576,MENTARI BALOK,"PUSAT KESIHATAN MENTAL MASYARAKAT (MENTARI) BALOK, KLINIK KESIHATAN BALOK, JALAN MASJID",26100,PAHANG,KUANTAN,BUKA,AWAM,LAIN-LAIN,MENTARI
31-06080577,MENTARI MENTAKAB,"PUSAT KESIHATAN MENTAL MASYARAKAT (MENTARI) MENTAKAB, KLINIK KESIHATAN BANDAR MENTAKAB, TAMAN BENDERA",28400,PAHANG,MENTAKAB,BUKA,AWAM,LAIN-LAIN,MENTARI
31-08030695,MENTARI BATU GAJAH,"PUSAT KESIHATAN MENTAL MASYARAKAT (MENTARI) BATU GAJAH, JALAN CHANGKAT, KAMPUNG BENDERA",31000,PERAK,BATU GAJAH,BUKA,AWAM,LAIN-LAIN,MENTARI
31-08130696,MENTARI SELAMA,"PUSAT KESIHATAN MENTAL MASYARAKAT (MENTARI) SELAMA, UNIT MENTARI HOSPITAL SELAMA",34100,PERAK,SELAMA,BUKA,AWAM,LAIN-LAIN,MENTARI
31-08030697,MENTARI SIMEE,"PUSAT KESIHATAN MENTAL MASYARAKAT (MENTARI) SIMEE, KLINIK KESIHATAN SIMEE, JALAN KOMPLEKS SUKAN, IPOH",31400,PERAK,KINTA,BUKA,AWAM,LAIN-LAIN,MENTARI
31-01011187,MENTARI BATU PAHAT,"PUSAT KESIHATAN MENTAL MASYARAKAT (MENTARI) BATU PAHAT, JKRBP 2048-A & JKRBP 2048-B, KUARTERS PEGAWAI KLINIK KESIHATAN TONGKANG PECHAH, TONGKANG PECHAH",83000,JOHOR,BATU PAHAT,BUKA,AWAM,LAIN-LAIN,MENTARI
31-01021188,MENTARI JOHOR BAHRU,"PUSAT KESIHATAN MENTAL MASYARAKAT (MENTARI) JOHOR BAHRU, L1-UTC-10,11,12 UTC GALLERIA@KOTARAYA, JALAN TRUS",80000,JOHOR,JOHOR BAHRU,BUKA,AWAM,LAIN-LAIN,MENTARI
31-01021189,MENTARI MASAI,"PUSAT KESIHATAN MENTAL MASYARAKAT (MENTARI) MASAI (PUNCAK DAMAI), BLOK D, KLINIK KESIHATAN MASAI, JALAN PEKELILING, BANDAR SERI ALAM",81750,JOHOR,JOHOR BAHRU,BUKA,AWAM,LAIN-LAIN,MENTARI
31-01061190,MENTARI MUAR,"PUSAT KESIHATAN MENTAL MASYARAKAT (MENTARI) MUAR, JALAN HOSPITAL, TAMAN UTAMA SATU",84000,JOHOR,MUAR,BUKA,AWAM,LAIN-LAIN,MENTARI
31-01071191,MENTARI PEKAN NANAS,"PUSAT KESIHATAN MENTAL MASYARAKAT (MENTARI) PEKAN NANAS (HENTIAN DAMAI), JALAN PASAR LAMA",81500,JOHOR,PONTIAN,BUKA,AWAM,LAIN-LAIN,MENTARI
31-01081192,MENTARI SEGAMAT,"PUSAT KESIHATAN MENTAL MASYARAKAT (MENTARI) SEGAMAT, JALAN SULTAN, PUSAT LATIHAN JURURAWAT",85000,JOHOR,SEGAMAT,BUKA,AWAM,LAIN-LAIN,MENTARI
31-13190691,MENTARI BINTULU,"PUSAT KESIHATAN MENTAL MASYARAKAT (MENTARI) BINTULU, KLINIK PAKAR 1, HOSPITAL BINTULU, JALAN NYABAU",97000,SARAWAK,BINTULU,BUKA,AWAM,LAIN-LAIN,MENTARI
31-13150692,MENTARI JALAN OYA,"PUSAT KESIHATAN MENTAL MASYARAKAT (MENTARI) JALAN OYA, KLINIK KESIHATAN JALAN OYA, JALAN OYA",96000,SARAWAK,SIBU,BUKA,AWAM,LAIN-LAIN,MENTARI
31-13240693,MENTARI MIRI,"PUSAT KESIHATAN MENTAL MASYARAKAT (MENTARI) MIRI, NO 1.74, NO 1.75, LEVEL 2, LOT 992, MYY MALL, JALAN LUTONG - KUALA BARAM, LUTONG",98100,SARAWAK,MIRI,BUKA,AWAM,LAIN-LAIN,MENTARI
31-13010694,MENTARI PETRA JAYA,"PUSAT KESIHATAN MENTAL MASYARAKAT (MENTARI) PETRA JAYA, KLINIK KESIHATAN PETRA JAYA, JALAN SIOL KANAN, PETRA JAYA",93050,SARAWAK,KUCHING,BUKA,AWAM,LAIN-LAIN,MENTARI
31-13040695,MENTARI SENTOSA,"PUSAT KESIHATAN MENTAL MASYARAKAT (MENTARI), LEARNING HUB BY HOPE PLACE L4-5, TINGKAT 4, LA PROMENANDE MALL KUCHING - SAMARAHAN EXPRESSWAY",94300,SARAWAK,KOTA SAMARAHAN,BUKA,AWAM,LAIN-LAIN,MENTARI
31-07020617,MENTARI BUTTERWORTH,"PUSAT KESIHATAN MENTAL MASYARAKAT (MENTARI) BUTTERWORTH, KOMPLEKS KESIHATAN BUTTERWORTH, JALAN BAGAN LUAR",12000,PULAU PINANG,BUTTERWORTH,BUKA,AWAM,LAIN-LAIN,MENTARI
31-07040618,MENTARI PULAU PINANG,"PUSAT KESIHATAN MENTAL MASYARAKAT (MENTARI)PULAU PINANG, JALAN PERAK (BELAKANG PEJABAT KESIHATAN DAERAH TIMUR LAUT)",11600,PULAU PINANG,JELUTONG,BUKA,AWAM,LAIN-LAIN,MENTARI
31-12040775,MENTARI ELOPURA,"PUSAT KESIHATAN MENTAL MASYARAKAT (MENTARI) ELOPURA, KM 1.5, JALAN ATAS BUKIT, JKR QUARTERS NO.2533",90000,SABAH,SANDAKAN,BUKA,AWAM,LAIN-LAIN,MENTARI
31-12070776,MENTARI KOTA KINABALU,"PUSAT KESIHATAN MENTAL MASYARAKAT (MENTARI) KOTA KINABALU, HOSPITAL MESRA BUKIT PADANG",88815,SABAH,KOTA KINABALU,BUKA,AWAM,LAIN-LAIN,MENTARI
31-12010777,MENTARI TAWAU,"PUSAT KESIHATAN MENTAL MASYARAKAT (MENTARI) TAWAU, TINGKAT 2, KLINIK KESIHATAN TAWAU, JALAN CHONG THIEN VUN",91000,SABAH,TAWAU,BUKA,AWAM,LAIN-LAIN,MENTARI
31-02010525,MENTARI HOSPITAL SULTAN ABDUL HALIM,"PUSAT KESIHATAN MENTAL MASYARAKAT (MENTARI) HOSPITAL SULTAN ABDUL HALIM, KAMPUNG CHENERAI",09200,KEDAH,KUPANG,BUKA,AWAM,LAIN-LAIN,MENTARI
31-02110526,MENTARI PENDANG,"PUSAT KESIHATAN MENTAL MASYARAKAT (MENTARI) PENDANG, UNIT KESIHATAN MENTAL KOMUNITI KLINIK KESIHATAN PENDANG, JALAN SUNGAI TIANG, PENDANG",06700,KEDAH,PENDANG,BUKA,AWAM,LAIN-LAIN,MENTARI
31-11040326,MENTARI HOSPITAL SULTANAH NUR ZAHIRAH,"PUSAT KESIHATAN MENTAL MASYARAKAT (MENTARI) HOSPITAL SULTANAH NUR ZAHIRAH, D/A HOSPITAL SULTANAH NUR ZAHIRAH, JALAN SULTAN MAHMUD",20400,TERENGGANU,KUALA TERENGGANU,BUKA,AWAM,LAIN-LAIN,MENTARI
31-11050327,MENTARI WAKAF TAPAI,"PUSAT KESIHATAN MENTAL MASYARAKAT (MENTARI) WAKAF TAPAI, D/A KLINIK KESIHATAN WAKAF TAPAI",21040,TERENGGANU,MARANG,BUKA,AWAM,LAIN-LAIN,MENTARI
31-09010106,MENTARI KANGAR,"PUSAT KESIHATAN MENTAL MASYARAKAT (MENTARI) KANGAR, LORONG DAHLIA, JALAN PADANG KATONG",01000,PERLIS,KANGAR,BUKA,AWAM,LAIN-LAIN,MENTARI
31-03020816,MENTARI KETEREH,"PUSAT KESIHATAN MENTAL MASYARAKAT (MENTARI) KETEREH, D/A KLINIK KESIHATAN KETEREH, JALAN TAMAN HAJI ALI, TAMAN HAJI ALI",16450,KELANTAN,KOTA BHARU,BUKA,AWAM,LAIN-LAIN,MENTARI
31-03090487,MENTARI KUALA KRAI,"PUSAT KESIHATAN MENTAL MASYARAKAT (MENTARI)KUALA KRAI, HOSPITAL KUALA KRAI(LAMA), JALAN KOTA BHARU",18000,KELANTAN,KUALA KRAI,BUKA,AWAM,LAIN-LAIN,MENTARI
31-03040488,MENTARI PASIR MAS,"PUSAT KESIHATAN MENTAL MASYARAKAT (MENTARI) PASIR MAS, D/A HOSPITAL PASIR MAS, BLOK A KUARTERS LAMA KAKITANGAN",17000,KELANTAN,PASIR MAS,BUKA,AWAM,LAIN-LAIN,MENTARI
31-03060489,MENTARI TANAH MERAH,"PUSAT KESIHATAN MENTAL MASYARAKAT (MENTARI)TANAH MERAH, KUARTERS KAKITANGAN HOSPITAL TANAH MERAH",17500,KELANTAN,TANAH MERAH,BUKA,AWAM,LAIN-LAIN,MENTARI
31-10022358,MENTARI KLANG,"PUSAT KESIHATAN MENTAL MASYARAKAT (MENTARI) HOSPITAL TUANKU AMPUAN RAHIMAH, TINGKAT ATAS, BLOK B, KOMPLEKS KESIHATAN ANEKA JALAN TENGKU KELANA 2",41000,SELANGOR,KLANG,BUKA,AWAM,LAIN-LAIN,MENTARI
31-10012359,MENTARI SELAYANG,"PUSAT KESIHATAN MENTAL MASYARAKAT (MENTARI) SELAYANG, LOT LG 25, 25B, 26, LOWER GROUND FLOOR, SELAYANG CAPITOL COMPLEX, LEBUHRAYA SELAYANG-KEPONG",68100,SELANGOR,BATU CAVES,BUKA,AWAM,LAIN-LAIN,MENTARI
31-10012360,MENTARI SUNGAI BULOH,"PUSAT KESIHATAN MENTAL MASYARAKAT (MENTARI) SUNGAI BULOH, BLOK A-01-11 & 12, KUARTERS INTEGRASI HOSPITAL, KLINIK PSIKIATRI, JALAN HOSPITAL",47000,SELANGOR,SUNGAI BULOH,BUKA,AWAM,LAIN-LAIN,MENTARI
31-14011229,MENTARI KUALA LUMPUR,"PUSAT KESIHATAN MENTAL MASYARAKAT (MENTARI) KUALA LUMPUR, BANGUNAN P10, HOSPITAL KUALA LUMPUR, JALAN PAHANG",50586,WILAYAH PERSEKUTUAN KUALA LUMPUR,KUALA LUMPUR,BUKA,AWAM,LAIN-LAIN,MENTARI
31-05020682,MENTARI KUALA PILAH,"PUSAT KESIHATAN MENTAL MASYARAKAT (MENTARI) KUALA PILAH, JALAN TUNG YEN, TAMAN PILAH JAYA",72000,NEGERI SEMBILAN,KUALA PILAH,BUKA,AWAM,LAIN-LAIN,MENTARI
31-05030683,MENTARI PORT DICKSON,"PUSAT KESIHATAN MENTAL MASYARAKAT (MENTARI) PORT DICKSON, BANGUNAN SARJANA, KLINIK KESIHATAN PORT DICKSON, BATU 2, JALAN SEREMBAN",71000,NEGERI SEMBILAN,PORT DICKSON,BUKA,AWAM,LAIN-LAIN,MENTARI
31-05050684,MENTARI SEREMBAN,"PUSAT KESIHATAN MENTAL MASYARAKAT (MENTARI) SEREMBAN, JABATAN PSIKIATRI, HOSPITAL TUANKU JAAFAR, JALAN RASAH",70300,NEGERI SEMBILAN,SEREMBAN,BUKA,AWAM,LAIN-LAIN,MENTARI
31-15010034,MENTARI LABUAN,"PUSAT KESIHATAN MENTAL MASYARAKAT (MENTARI) LABUAN, KJKR 0293P KUARTERS HOSPITAL JALAN MOHD SALLEH",87020,WILAYAH PERSEKUTUAN LABUAN,LABUAN,BUKA,AWAM,LAIN-LAIN,MENTARI
31-04030331,MENTARI MELAKA,"PUSAT KESIHATAN MENTAL MASYARAKAT (MENTARI) MELAKA, C-1-3, KUARTERS PANGSAPURI CHENG (HOSPITAL MELAKA)",75260,MELAKA,CHENG,BUKA,AWAM,LAIN-LAIN,MENTARI
31-16010090,MENTARI PUTRAJAYA,"PUSAT KESIHATAN MENTAL MASYARAKAT (MENTARI) PUTRAJAYA, KUARTERS KAKITANGAN KERAJAAN, JALAN P11J, PRESINT 11",62300,WILAYAH PERSEKUTUAN PUTRAJAYA,WILAYAH PERSEKUTUAN PUTRAJAYA,BUKA,AWAM,LAIN-LAIN,MENTARI
